a0,a1,a2,a3,a4,a5,a6
53.402206,73.52801,46.31787,149.35954,153.8389,118.31155,88.45263
45.95746,81.40656,35.316982,118.7257,145.04758,108.92687,110.06666
44.079243,79.3236,37.19674,103.62296,137.7767,103.73133,104.628716
34.982906,78.514984,41.724506,86.89696,123.90274,93.21554,105.45896
30.29175,78.18402,39.902603,87.0585,124.0539,87.08308,101.91383
21.019567,77.07533,40.87256,86.13374,120.80011,61.596226,102.0063
37.249374,82.61837,37.530216,85.913536,122.363434,94.45488,104.652534
33.532047,76.23925,41.2323,79.63009,112.4711,93.66928,92.194664
35.760647,70.202995,39.07818,77.74971,105.33942,105.75657,92.23103
34.727436,69.19033,34.961567,70.85173,86.470634,104.47076,91.24257
41.99378,77.24891,33.0099,64.017525,76.95912,110.00951,107.84009
47.919846,77.1338,33.087444,64.042114,71.70388,108.94375,98.61782
48.81424,73.675865,30.701183,66.27497,69.82401,106.342926,97.76382
75.530075,97.28785,26.326551,55.921253,59.71817,118.088326,111.235146
70.86176,92.500725,25.917376,56.678673,61.055016,114.38921,100.46429
61.147858,84.855675,26.456654,55.050133,58.45584,111.25015,94.95422
81.53981,103.855415,24.374727,48.242878,54.358414,118.47876,110.101166
51.074303,73.87145,24.953335,53.184498,55.47883,107.43771,84.65191
72.501884,90.183945,23.761354,53.492382,55.06006,115.32588,103.78606
71.765076,92.530136,23.535686,51.07162,50.416668,114.711136,105.0048
54.308308,73.41511,24.006525,59.527344,60.86265,111.98355,92.352905
67.89079,87.46598,25.839584,42.58906,48.323772,109.41403,92.805046
58.469448,79.43583,25.65329,50.922836,51.48627,110.17614,94.94366
63.674286,84.04822,25.950867,45.843586,50.11984,109.69864,96.77687
59.202553,85.906006,26.67924,51.235863,59.12682,116.07656,110.79954
65.72931,88.41661,26.33957,47.2228,53.810272,115.43239,109.08403
67.93881,90.42995,26.898796,46.615513,55.18686,117.70937,110.36154
74.92558,97.02211,26.127129,45.005547,50.678524,116.19077,109.08902
57.39653,80.354866,25.417233,52.588142,61.729984,114.4704,101.973236
32.406876,57.905926,25.677702,58.828526,69.70436,100.261116,92.42656
44.773796,67.52024,24.666616,59.08811,68.517525,113.538635,103.9326
55.79198,75.380005,23.215141,56.13884,60.64303,113.94961,102.86752
91.4685,115.336525,21.550024,44.26801,48.483257,117.682976,122.20022
86.44039,111.04022,21.968142,47.46624,48.517197,120.01044,117.2534
94.183365,114.061844,20.096443,47.976074,46.160385,119.07041,120.56051
80.77742,100.66266,22.609854,53.42059,54.896576,118.30263,111.923065
90.47267,114.45051,22.736721,50.521732,52.480286,118.65684,122.55337
73.66643,104.16777,25.174728,58.708683,64.8185,116.31616,122.3625
57.55829,88.27513,30.579496,67.97992,83.307434,116.03436,105.52007
42.877697,67.7839,35.02526,78.16099,92.039215,108.26044,82.60333
44.662838,73.99061,31.292265,86.909805,110.83546,109.026794,95.72298
38.31075,73.776,31.420351,86.7679,114.2064,104.563866,102.117935
48.082317,84.690834,31.726646,83.05131,109.11795,111.18555,112.24012
43.61935,76.32594,32.685772,90.83204,124.6252,109.3173,104.01108
46.76574,77.56885,33.767662,100.306526,134.24,111.98589,106.134
45.692776,70.70396,34.561516,102.85424,136.89726,111.66927,97.941185
48.46178,70.19928,41.50807,135.79364,150.38948,115.93472,88.323456
48.02931,67.53373,46.547764,156.87997,155.92021,115.18921,87.41102
46.616493,72.78917,40.036594,153.54521,151.07443,116.372604,97.270676
48.554058,75.40345,46.84778,159.71747,154.889,115.49676,92.526115
52.01817,76.88021,51.164608,160.9336,155.65395,117.88996,88.17581
47.528713,74.54621,48.182224,157.99971,152.84468,115.15207,90.5226
44.50755,74.16822,45.536083,155.32375,148.75946,113.99746,95.08119
50.018745,76.95898,51.75466,161.39806,155.3165,117.27359,97.07293
49.626144,74.15039,53.912468,159.71965,151.25536,114.64756,85.600075
46.957737,77.14311,51.694244,156.24307,146.17734,113.109146,97.512474
47.564426,74.5502,53.566082,159.74693,150.06758,114.938705,86.56086
51.275642,79.75559,56.430466,159.78741,147.58669,114.14853,94.04538
50.134193,79.66915,55.722305,163.52179,155.1305,116.679146,96.7131
50.46006,78.70429,57.26587,162.74419,154.4037,116.779236,94.14727
52.894627,81.97914,58.54295,162.58427,150.87267,118.33707,96.25556
52.69212,79.64313,59.719707,164.76053,155.47974,117.89175,90.35608
51.7138,78.489,57.179665,162.82709,151.38895,117.627106,89.97141
50.133923,78.84466,55.35167,161.90073,151.58516,117.39758,90.67359
49.754974,77.35105,52.732533,160.80777,149.50371,117.00925,88.55301
45.903862,71.44435,50.786854,157.6952,149.72594,118.071754,79.14961
47.84313,73.12037,49.349373,154.74721,146.65205,116.26995,92.84155
47.636272,74.49014,52.09805,155.52098,146.27155,114.15237,83.98194
45.6002,70.95201,40.06969,149.60403,142.46886,118.31556,83.746826
51.747803,73.93939,48.874428,157.97142,151.47636,120.3092,77.72813
42.422077,17.677233,43.886314,138.40762,164.83006,121.259155,44.197083
48.609314,67.50364,67.327545,85.69038,73.992325,155.1337,178.5803
106.77267,132.72928,80.49329,84.65882,108.14263,137.96983,134.38005
173.8097,144.70317,76.27877,29.604036,22.22474,140.07736,152.23354
65.490486,40.738598,57.198322,57.287415,68.84802,161.63,120.042206
124.20663,171.09784,91.84684,62.639683,50.585304,109.1422,153.1271
88.57341,135.33305,58.73191,107.58744,68.093666,132.71893,166.55286
134.73032,149.18018,64.57005,118.28365,133.49927,139.0378,136.97289
95.42863,107.01455,16.98998,136.08249,152.53958,126.813736,124.848885
46.645977,87.98825,54.95402,121.89692,119.59811,80.73997,96.42653
79.66946,85.93985,46.591904,143.38242,110.44127,78.78784,54.54292
10.504795,29.689226,74.93748,96.950195,53.454662,114.1628,117.91476
36.252357,106.762,70.15027,48.55318,33.120777,15.986962,86.60176
20.63717,95.0735,69.67652,56.52358,33.888702,55.878433,88.51046
76.12541,89.33307,47.257053,131.73848,164.25836,110.24686,125.553375
89.98851,88.500305,62.505634,130.16512,136.91508,70.414696,55.171963
34.809204,89.673904,89.95385,60.43286,46.432564,75.4378,47.55293
76.15325,63.448254,46.76426,109.34188,150.95819,131.05914,79.07879
82.838135,66.61914,97.74537,54.409836,54.133064,86.780106,22.592285
64.68131,63.647682,61.27301,49.067665,39.528526,102.44091,64.964745
48.551792,49.55468,90.22812,42.586056,62.670868,95.74263,43.268486
96.9224,90.1082,52.58152,51.052944,45.131397,126.288086,91.484314
80.92543,79.99157,45.427517,80.4227,77.75019,125.58538,91.78896
92.71736,79.359314,97.62029,39.315483,94.45028,114.11233,70.74748
58.309425,39.308704,17.121449,152.7159,171.39124,52.223858,63.06602
56.124126,55.41328,28.500324,50.95986,53.54577,104.082695,109.81105
52.31095,53.652214,28.33869,50.871605,52.678036,104.51623,109.40587
55.985577,54.879116,28.279654,49.673916,50.866093,104.679405,107.7044
51.555862,52.463757,28.619732,52.41927,55.143482,104.53381,108.29291
62.91849,63.03099,28.11093,50.804684,49.379337,108.400085,112.75168
50.791122,53.452415,27.904245,52.575558,52.334576,106.2939,110.885315
55.7177,57.43875,27.993273,49.527992,45.27247,107.42654,112.589935
36.594948,39.800983,29.785555,50.761505,51.6511,98.8366,102.78034
33.135273,37.111256,30.187178,54.629173,57.800438,98.955086,98.7978
37.286835,41.505028,30.58118,54.990482,58.605377,101.2667,106.73281
41.728714,44.38973,31.80111,54.651436,58.266994,104.30533,108.257675
42.582657,44.596706,35.570324,60.848213,65.18619,102.65295,107.986664
47.420628,49.103687,34.9286,62.3097,66.32879,112.30537,114.29744
45.70663,45.57971,36.035202,69.208336,74.225555,109.492065,105.49921
44.240322,43.870842,35.892944,76.10318,82.52326,113.56298,109.73626
53.53263,52.243507,35.24516,79.11794,85.48372,114.22165,118.13239
52.835796,51.539627,36.152233,89.54594,96.23033,116.072464,114.55158
52.850174,54.87412,34.26426,95.20202,111.26949,119.01002,118.185585
55.18105,56.910366,38.10522,104.287506,124.90807,120.8853,120.29312
59.86154,60.203854,37.777493,116.8105,125.48969,122.787994,122.76803
59.7789,56.482918,34.409363,123.71701,126.19418,128.38472,124.51956
73.66195,71.679596,38.083324,131.04076,124.376724,130.99474,133.45279
56.270554,54.78693,32.130436,123.36987,125.21527,126.66683,126.97275
61.361656,59.910763,33.2149,126.29695,128.21503,131.46455,132.57086
63.847553,60.74274,32.63238,129.04742,125.045044,133.68527,135.733
57.20187,56.75066,32.400204,129.93085,131.33401,129.0149,130.08563
59.89364,59.807823,32.81168,132.04279,133.53937,131.3971,131.65782
57.03797,57.00055,31.813322,125.12339,128.03366,128.91397,128.24364
65.281876,65.058945,31.996452,126.10855,124.818855,131.35843,134.75586
67.86255,63.37099,32.13296,128.23035,125.7695,132.57611,135.88637
72.99807,69.535965,32.585182,132.57195,127.011566,131.30208,135.48483
69.32158,65.5702,31.875257,125.73159,121.34366,129.72276,134.00632
73.00737,71.737114,36.78359,131.983,121.75444,128.50131,133.59415
67.82413,67.085335,32.33192,131.14723,126.83221,129.08897,134.65703
66.507286,67.12127,34.817364,133.62442,128.31053,124.535355,132.04427
65.151924,64.66977,32.012634,131.60216,131.13179,125.886475,132.7882
61.661522,63.04077,32.236507,130.98082,130.85742,126.62957,134.04414
64.44955,64.15499,33.127403,135.18752,135.34377,130.0641,134.1857
67.02624,65.626205,31.930323,130.26396,128.94829,131.50508,135.61766
69.21856,67.336754,32.66622,130.96274,127.618065,134.24387,137.24536
60.3924,59.44812,30.846458,126.857285,125.1925,131.3096,132.33621
62.35658,58.189022,30.71204,127.23001,131.51411,131.20404,132.51424
62.479652,60.28494,32.74094,128.07204,133.46767,131.16844,130.52037
77.21895,77.13083,39.247807,125.18646,118.53545,129.24309,134.52814
70.49318,69.77352,36.72147,111.41026,113.85809,130.03105,130.29883
67.15182,65.84825,38.13462,102.65484,116.937775,128.84517,124.79569
64.16621,64.4339,38.145164,105.02539,120.54843,121.951904,119.60502
55.048054,56.492542,37.801003,99.93586,105.98159,117.43753,115.45841
55.33863,56.92194,34.634342,92.57294,100.31583,123.940414,117.25413
55.428658,55.7953,32.727608,82.24238,92.8979,117.213104,117.151
54.364437,53.86516,32.46043,76.08288,81.58589,118.43322,115.353
57.13347,56.068146,33.420403,76.82076,85.95464,124.3995,122.08955
51.51341,50.67552,33.91935,74.90363,81.59062,120.19132,117.84507
51.152603,51.511646,36.196262,76.431694,82.92348,117.84637,117.28385
47.11798,46.85331,35.67584,72.430916,79.73006,109.860886,107.03786
48.36187,49.394653,36.802025,68.51109,78.07006,109.36034,111.57727
47.066204,50.17585,36.177032,65.19433,74.92782,108.85149,112.54593
45.789692,47.95631,33.597607,63.890144,71.216385,105.23379,110.241684
38.118824,42.321056,32.80671,65.110466,72.00761,103.786575,110.5605
38.379906,43.56399,33.13262,60.844826,67.57725,102.439156,112.5355
39.094963,42.50451,32.37263,58.72644,64.32126,101.36311,110.2396
37.070786,40.201973,32.363945,55.599796,60.894253,98.901924,109.92163
36.978,42.527683,32.66967,55.898567,62.35989,99.23481,108.47016
33.43521,38.018314,29.890474,56.91963,59.636326,97.93415,106.30513
38.821644,42.201748,30.219234,51.459393,53.8916,98.58167,110.28395
37.457516,40.816437,30.05075,51.305164,53.316093,95.62625,105.36465
52.080727,53.5705,29.628887,48.619823,49.278343,96.9832,106.66086
62.49683,62.05199,28.117743,50.394344,51.856796,102.87935,111.21909
44.287872,46.119823,28.96094,50.2181,53.117367,98.9006,109.69309
62.354897,62.155563,27.169415,49.92155,54.849384,104.543655,114.82774
65.051636,65.19715,27.1369,49.312195,49.39363,106.14133,116.47398
67.32971,67.63252,27.083782,48.625076,50.636337,106.014915,115.28968
67.7591,67.77409,26.51346,49.67485,49.811672,107.68919,116.67278
67.12501,67.32792,27.235739,48.04436,49.032932,107.456955,116.618996
53.710667,54.79603,26.330124,50.569016,52.7146,105.04302,114.56177
64.58311,63.72118,26.048458,49.59543,49.38604,109.50346,115.95613
60.246048,60.366978,26.433165,47.957233,51.521973,107.37721,115.691185
54.306583,55.002514,27.088583,50.15775,51.065907,105.04035,112.97552
48.71295,49.43611,27.010159,51.32709,55.740948,102.01547,109.2272
66.744484,69.15553,25.805817,49.825783,51.92976,112.30086,118.547134
41.962257,46.98262,27.78456,50.77552,54.09511,105.75373,115.36981
47.58004,53.558685,29.48422,52.544193,56.277966,107.171906,113.96185
44.46854,45.819305,32.18679,58.001316,60.550976,99.89345,107.230675
44.770493,50.106857,33.533398,64.21746,70.808784,109.93547,110.57939
43.000668,43.690334,35.333656,68.52209,73.70761,109.18511,104.83815
52.11541,51.85793,34.638416,73.37914,77.77002,116.88809,117.986115
53.729866,51.790127,35.165546,77.69638,84.52508,118.730835,116.771965
54.734905,54.43908,35.730762,87.483925,90.82575,118.84774,117.60994
53.66649,54.45365,35.603283,97.51344,94.98741,118.222466,113.92469
62.812473,63.587055,38.615864,104.56201,108.96714,123.103226,123.51655
70.87294,71.18255,38.045185,121.23525,127.550125,124.274086,126.16404
76.05041,73.85341,36.11466,128.96225,129.87602,127.00571,128.32016
72.98072,71.12213,34.0825,143.93204,141.44469,125.70837,126.52945
79.797386,73.77084,34.48228,142.96191,134.54207,130.069,131.61821
79.54981,79.688324,34.71771,140.90138,131.48927,132.02985,137.85547
70.662094,69.66218,33.929153,137.63524,133.7761,131.5563,132.89531
69.690674,70.33266,30.665754,137.53207,135.42767,134.00075,137.1812
56.423603,95.39807,56.58121,110.70255,110.71844,107.24977,153.07042
61.2148,94.7981,50.41741,102.24957,117.35286,128.61296,149.61966
51.701412,106.0529,38.72787,68.430374,117.56866,95.80199,153.63414
44.270763,97.53676,37.068123,71.54096,108.596756,21.727219,146.58711
43.186565,94.18902,40.84388,58.09752,111.14343,19.399847,155.92111
29.381498,91.70225,38.02668,62.039856,103.659546,22.832499,153.94458
43.802544,83.36182,33.209225,51.15173,87.08722,19.77733,141.79929
48.450275,74.10211,32.34302,51.541157,79.991165,81.44166,138.2466
29.176695,98.48995,42.779945,58.957153,70.719826,26.584318,131.85774
44.178146,63.60976,35.122955,47.00622,71.60826,112.64117,144.82065
38.609184,85.44749,32.04677,47.58534,53.435104,143.92296,131.96065
25.099293,105.79692,34.16152,45.647205,40.68764,29.370646,136.94048
25.23368,109.484276,37.280266,50.917645,47.05797,33.48801,140.3512
34.608974,106.79516,37.543774,49.50152,45.8964,42.99488,124.73015
56.319412,107.75814,32.263264,41.888687,37.296906,62.190304,144.8717
21.763777,112.29581,34.423096,45.246742,39.329773,90.6047,138.83699
23.931345,118.35433,29.537111,39.52795,36.738914,26.64171,122.32844
26.131983,118.64184,29.418825,41.16627,41.292366,110.95057,126.09815
19.823174,105.457565,34.93982,47.95234,35.182465,111.678734,118.20351
25.60701,38.679367,30.414412,54.11028,43.387714,31.644094,115.180885
18.038603,105.621086,27.079094,44.274315,33.61499,86.153656,105.251976
20.680199,115.58469,28.789358,45.427277,38.583145,68.21439,111.844666
24.798018,121.56575,29.586046,44.029922,39.653507,40.27013,109.08488
54.386555,126.83129,28.013842,43.023693,40.22476,56.651817,118.93395
26.688677,117.42041,28.688723,43.52725,41.63145,29.405571,108.91725
18.389444,122.317696,27.075905,41.1492,36.082443,68.04234,123.85973
21.100927,118.72883,23.867584,43.837883,37.565334,125.14314,116.296165
21.522598,126.32287,27.561317,39.712776,37.19047,108.78647,133.70338
27.127607,59.836887,34.266815,46.5972,35.25205,129.09521,108.34253
31.478745,98.8907,28.393787,41.109802,39.792187,139.16423,133.29756
31.2088,98.26875,32.371265,43.967194,36.32749,129.6679,138.18341
31.266228,113.69137,29.425697,44.200382,43.92366,132.39032,138.27731
40.532097,97.97767,28.9365,45.9339,45.15945,127.11115,139.58553
32.063797,107.68916,30.916615,48.240536,43.388687,49.84844,134.13922
39.27505,90.61027,33.20119,49.855625,45.147644,69.109604,145.69887
31.542055,102.91682,27.647953,45.085514,42.42963,78.32786,137.09647
43.652794,84.925224,28.405298,45.66406,46.78265,146.40263,138.78482
40.590393,87.362434,28.283733,46.30971,48.043427,139.93318,134.33853
49.30816,70.94161,30.150068,49.92865,57.26238,137.15807,142.16173
41.210487,49.2674,30.230453,49.99608,74.53285,132.63222,151.62793
51.79435,101.75702,29.917122,51.46405,79.82614,58.91574,154.92096
53.495304,86.51311,26.356045,48.06045,69.85322,122.54134,141.80092
48.077847,69.74064,30.743004,52.627182,83.51205,104.91954,151.27611
49.68858,104.34496,32.79534,53.43589,95.59355,48.168594,156.24686
25.478605,96.92421,38.653072,62.650303,114.542755,33.107037,158.02371
35.576473,105.17458,38.374752,73.61945,124.71862,42.938274,149.93124
68.52974,96.60548,36.923603,73.93994,120.04931,137.60565,155.63676
52.929085,104.23598,33.95311,81.260666,111.79423,47.852997,153.7158
59.27957,116.68791,33.176926,86.960335,114.018196,154.3518,159.41338
61.041286,111.98994,39.828392,111.11221,124.530594,105.008835,158.58647
63.933025,113.87746,35.52007,127.87379,136.02322,144.4586,154.18391
59.786842,118.15182,30.12028,128.35422,136.33661,160.618,157.58116
57.913525,116.91954,32.575474,141.4612,130.4696,162.98312,158.38004
62.197735,118.33709,23.125906,135.19864,137.50934,173.7404,157.9877
59.189686,114.43889,20.976156,126.46391,145.36227,161.4649,149.50807
49.15512,116.66853,22.154163,123.789764,138.22234,148.73691,152.32663
57.266914,113.20069,43.518345,132.91684,124.728226,148.28305,152.16325
51.503513,113.92391,41.121384,118.432976,121.04088,150.03929,152.04958
56.82732,110.8753,44.909603,101.52418,108.49098,150.45259,147.82913
56.101185,104.474434,35.85941,86.337326,115.210724,143.0451,149.75923
40.058315,82.69635,37.487213,83.06582,114.07522,95.30429,158.67383
47.278988,69.52845,39.929005,83.06057,116.89352,98.4517,162.35631
24.81054,76.250755,36.73411,65.485146,113.39616,57.403736,165.7598
59.882233,104.24702,39.982903,58.624413,118.64482,115.31652,146.3517
23.450901,100.05709,39.15439,67.37071,109.73786,36.58859,141.86707
45.158836,92.80469,37.26529,52.914413,97.979095,35.430832,132.5993
45.486904,54.54417,34.063694,57.214745,76.27883,23.794573,155.25703
34.51055,46.572136,36.87513,58.328644,65.492836,29.036232,169.35121
41.47107,79.28724,36.681625,52.0836,46.273678,62.85045,160.20532
35.24492,111.13407,40.94361,54.94534,52.01878,39.858673,142.41414
27.753664,91.64534,35.382362,46.878338,41.35954,58.323486,147.81206
22.49238,81.348656,37.06798,48.282917,45.611393,74.87847,160.80756
28.933407,94.23375,42.92063,52.523464,46.107803,29.564299,163.3669
30.100666,87.40891,38.870636,56.55954,47.134247,31.140614,142.47517
36.324432,81.18744,33.3619,42.487698,40.680515,127.59593,143.186
33.200363,81.37987,33.553703,42.19452,40.229084,127.95724,132.32393
28.368296,70.16551,40.108677,48.810223,57.704426,127.05553,100.15566
24.4883,112.28493,38.98677,49.084557,39.024063,83.42257,122.32953
18.140535,93.47564,39.634396,47.341434,39.899475,90.41915,88.60406
24.976671,113.78913,32.906013,44.950436,38.86266,126.02944,113.76933
24.238403,96.016884,40.192966,48.13282,35.65453,100.29055,104.07869
19.661543,56.74312,33.367798,48.519375,39.1279,64.52153,45.137974
25.904558,111.95596,36.2681,47.396175,38.99417,129.39359,114.29241
33.667885,104.04579,42.722332,53.2563,44.248096,30.003962,104.91949
23.06669,72.218376,36.7479,45.198357,36.85302,61.847633,63.870037
17.358978,58.98108,36.269997,46.209854,41.27652,86.53841,74.707886
17.82905,57.71894,37.67395,49.422924,42.186947,92.49167,92.47209
22.171707,70.85165,36.85321,45.885006,40.72824,113.788,94.55026
36.1516,53.085876,35.783993,44.03142,38.60199,130.77554,102.19343
35.01408,105.10344,31.069632,41.43291,38.84031,90.6078,128.24487
33.79739,92.49635,33.605957,43.21482,36.451065,109.16967,125.12868
30.758553,103.5528,32.45948,43.1342,39.938324,30.049637,124.89428
37.66714,90.18246,31.020487,44.078144,36.99934,137.99849,133.14192
34.995544,83.04254,31.934029,44.363598,38.255135,136.21095,148.13084
21.733105,103.20929,32.60245,49.167633,54.119812,64.60887,136.49721
33.563324,82.209465,33.62548,50.74298,61.526325,129.04305,146.02158
32.79638,96.3806,27.275396,46.203293,51.413044,135.57193,145.61983
27.849436,95.16748,26.26167,46.033813,52.802677,103.57893,149.68817
32.161083,118.98995,27.072071,47.912655,53.76444,114.71368,137.24464
25.998564,88.90252,29.181969,48.2398,51.449425,47.787727,145.37518
39.854618,103.98036,29.747356,48.86324,52.680603,140.25153,132.68936
40.65895,75.38656,29.7405,48.506226,53.12921,127.07678,146.7762
32.629143,86.77154,30.256441,50.499256,58.387897,72.11289,139.80232
44.38041,101.0052,29.7363,48.82742,81.95243,110.890175,147.14394
57.505203,59.17593,32.073605,52.534164,88.64758,154.49883,143.05841
49.280273,51.895008,33.0961,56.093597,87.39256,146.31905,150.81833
63.846645,89.06659,36.257664,54.69869,102.74071,86.86526,149.96217
64.47684,83.10367,40.11858,54.998337,105.91541,94.648384,155.4524
58.75409,90.22863,41.807728,54.589134,106.38285,76.57822,149.75546
64.90953,102.29007,37.517834,71.57139,121.839806,43.507828,151.32156
47.81564,88.005295,45.065723,96.47093,113.33105,20.288038,148.29614
67.89187,103.83105,62.91065,115.74737,112.49703,141.10553,159.99818
66.06205,104.54831,51.33647,111.2027,120.672745,151.58685,154.18288
76.367775,110.28571,60.396606,133.93297,126.85524,173.68213,166.43047
54.619583,100.78474,69.73644,149.14651,136.39395,113.77827,130.61955
68.289276,97.991516,61.776176,147.88507,137.87404,154.51553,137.56563
74.32768,105.0803,55.658203,153.05313,158.7193,173.16472,152.92624
79.625984,98.05077,49.791576,144.3289,153.31937,177.22891,150.80713
99.96126,48.311092,76.66462,79.65157,89.83875,167.5277,110.4959
97.880196,32.805298,74.09836,38.661335,59.194424,165.06885,124.9803
100.156815,32.889782,62.61397,39.55149,54.171703,165.07552,117.77229
97.9658,28.410803,47.119522,29.645805,42.95595,168.77055,112.393585
98.37051,29.545403,45.533543,29.401155,41.94206,169.48315,113.21707
87.971886,24.79257,69.11084,24.239468,52.829597,170.72285,114.673416
87.8021,24.129658,75.13782,24.524403,52.9699,169.97226,114.841385
84.86741,19.709538,78.33234,20.03456,50.225216,169.2968,108.24288
84.332596,18.912039,75.93461,20.29176,48.790134,170.5156,107.25358
77.35772,19.939743,78.80816,18.80928,46.337128,173.75601,102.40622
80.54825,18.232286,75.40429,16.409863,42.737545,173.22809,107.620026
73.00307,30.953405,60.900826,17.206608,49.413853,175.10634,101.92922
70.81236,36.770603,58.123596,15.59979,46.338673,174.59038,105.005844
66.53027,41.072685,63.136463,16.766872,45.639446,172.23036,104.843864
64.687416,51.262615,59.413258,17.007769,50.64291,172.9924,113.99915
75.640335,25.36163,51.468746,17.030884,47.219566,172.5807,100.693115
74.063896,26.878128,53.593914,15.932773,49.42278,173.90138,102.852005
75.39866,20.634798,64.527275,20.88148,46.18033,176.28477,111.01163
76.08107,21.479504,61.28178,22.109735,49.297268,177.0767,111.199455
92.08344,37.309727,32.65347,29.275053,47.92222,175.27295,114.61773
92.227,37.49095,33.00224,29.374708,48.884857,174.7812,115.87948
93.33766,22.929554,50.498005,49.854206,56.163918,175.63824,120.869316
92.716705,26.939304,52.279137,47.554165,54.48423,175.98584,112.44852
90.21543,23.581314,65.51555,64.812195,70.23746,168.34152,130.67104
87.886734,23.91814,64.20768,65.555374,69.63428,173.16441,129.95016
82.09717,27.865122,76.91278,77.7296,84.64754,168.1278,118.088
82.90987,25.73181,72.45758,80.92538,79.96433,168.38068,120.43759
85.00283,23.023182,58.044544,82.7427,90.02234,170.64482,120.915596
84.74122,23.2126,53.8739,80.97594,89.20156,170.5049,119.4971
78.072845,29.734137,55.694386,89.75572,98.850876,172.72583,117.10553
77.77132,28.96411,55.60405,88.588104,97.0922,172.5147,117.281525
79.61976,22.884518,36.78859,84.86709,79.00185,163.10318,117.08993
79.55919,23.65063,38.105232,86.31079,80.48386,162.55934,112.94143
77.95426,14.2324705,48.076748,81.07743,82.637474,170.31317,126.99022
78.24068,14.724473,45.696796,81.48806,81.80055,169.65056,125.82713
73.17294,13.510911,73.438644,91.98548,100.181404,164.52316,113.23805
74.36496,13.255661,70.15524,90.57602,98.03889,163.16537,113.61368
54.218723,25.09947,73.23139,111.653854,115.953545,165.28053,104.88321
56.50876,22.987328,65.174995,111.93225,108.11614,165.90028,102.49651
60.805428,29.267397,78.22457,118.08147,132.87572,154.40498,95.36904
64.10492,27.410124,80.035736,117.3569,134.43277,154.02731,96.46646
74.15799,35.478146,39.066105,124.5216,111.63087,160.13222,97.95924
73.42838,33.14175,50.18135,123.51558,120.06928,156.12659,99.00961
90.65682,43.985256,57.706306,121.72131,121.34978,164.4163,97.91134
89.53011,39.34437,60.554733,122.70276,122.45922,162.98692,101.8849
91.5525,76.90901,41.773567,126.41469,112.79035,167.13258,136.89365
89.54398,79.12501,40.35297,127.40407,113.48262,169.37263,147.21486
81.47672,74.90162,44.97705,122.27164,93.61697,137.16354,82.20176
84.59057,73.69109,42.3926,123.35649,90.023384,141.51431,77.01025
106.62461,92.05062,68.89103,94.82938,93.12785,163.3793,151.4664
106.061295,94.27508,67.81944,94.17527,92.46156,160.17027,149.65233
123.96452,133.00716,59.991558,94.20113,80.44007,162.39287,140.59557
125.254105,134.58939,59.027775,97.35328,81.266846,162.90726,144.78807
125.9738,157.90129,57.202435,66.87457,65.10519,168.07768,149.41219
128.24953,153.91756,68.5464,69.57853,71.082146,169.6386,145.10588
136.05995,123.46355,57.26808,47.212227,51.93715,176.01944,140.02135
133.22127,122.27245,56.7354,47.47363,52.306168,176.74652,140.73433
139.82799,109.16151,62.895153,47.834877,49.25796,173.83572,158.96785
139.804,109.84315,61.00554,45.18438,47.394337,173.5795,156.60461
137.05966,110.1328,69.634445,47.8353,48.48115,176.70769,170.05228
138.62555,109.48577,67.2853,47.21856,47.82787,176.94609,170.83452
130.62627,117.32436,76.21383,49.50169,45.56307,175.8858,172.35754
127.29163,120.11212,74.17013,50.37085,44.228916,175.60915,172.64528
134.18137,107.05766,73.01233,40.775406,41.455208,174.31137,172.5178
128.84935,114.22593,72.40473,40.7266,40.970154,177.0531,173.75584
130.3362,111.387215,74.475624,38.680508,40.76241,177.69572,168.70322
127.452255,114.87349,70.21923,41.743313,41.77004,174.10873,169.7348
126.63785,115.79582,68.86342,41.986637,42.247875,175.78429,173.7903
124.01626,119.107704,71.14517,43.511524,42.812046,175.59247,175.03152
129.1401,113.02133,67.29198,40.016937,40.115196,174.44856,175.30727
129.55702,111.99654,72.2231,39.98337,41.04473,175.515,171.6443
122.6677,118.060684,74.64861,45.78029,42.77764,175.61005,174.84712
122.974174,117.07949,68.52372,45.419952,42.3677,171.86002,176.27788
124.585335,114.34016,67.8933,41.32268,41.429813,174.84032,174.70663
124.92615,109.155106,73.26304,42.59335,39.974052,173.26797,173.00865
126.14591,119.376945,53.337673,39.20539,36.708508,165.47737,174.58577
128.49846,118.1171,62.095768,38.591824,36.724007,169.64299,176.31299
128.19717,126.803246,78.99127,43.769737,33.47107,171.07953,175.27206
126.18189,127.170975,83.56911,43.360474,34.26427,174.15556,174.80539
148.28392,73.622185,68.89009,47.31259,31.77104,64.46884,177.32607
148.18764,77.5558,77.96382,49.235477,32.881565,105.063644,176.55621
130.75648,129.88974,81.818825,45.967728,32.01201,166.86485,169.9886
130.31131,129.6547,82.87239,45.66993,32.194572,167.95473,169.84444
125.07549,123.08508,65.66054,46.619076,41.657185,159.48483,175.23485
120.234665,126.54116,62.84133,49.48526,44.432304,159.51866,174.4656
131.78876,106.27099,56.391922,50.540703,42.66861,143.55876,164.3486
128.92918,105.95564,57.479324,50.0371,41.081112,151.86665,168.60693
125.55108,92.690315,64.256516,60.841274,52.320625,174.44832,173.11491
126.75292,89.337555,63.53008,58.02736,51.882523,173.95847,172.50981
141.88994,74.42749,77.5876,72.257034,59.045273,157.08167,170.81906
144.48901,71.8726,80.64204,78.49542,61.00236,150.06125,171.5965
143.3626,32.691307,66.49499,70.91221,64.51953,135.58252,160.14445
140.4399,45.774414,62.510925,69.2325,63.495026,144.66501,174.19571
125.468796,110.38616,41.309303,70.07739,62.775494,170.52634,176.48854
128.004,105.81981,39.78822,71.2659,63.224483,169.48077,168.77043
142.12123,96.99048,45.924545,65.358696,68.60944,170.35188,153.52682
139.02962,100.94011,46.671192,68.85264,68.57212,172.46216,176.76437
129.19144,103.5793,42.035263,86.18727,85.98968,166.61752,164.57208
129.90228,97.147995,42.60508,82.704414,79.7342,161.97485,167.61044
138.92421,103.67205,55.054066,93.7075,80.66523,172.59111,169.11977
140.40901,101.347916,56.584393,93.901985,80.55681,174.66772,169.22269
129.1362,102.20621,68.25808,111.520935,107.81663,174.89185,172.52072
129.38596,104.30537,69.31015,112.650795,108.12215,174.0069,174.88667
135.92465,99.2387,85.83318,119.41342,126.09578,173.47546,171.7151
134.38336,100.19243,82.60282,119.383385,124.36872,174.18314,172.09694
141.5154,102.725555,92.424324,119.22458,137.1785,177.28314,162.4974
143.571,99.38186,88.21784,119.32337,133.32275,175.85616,164.11491
138.74707,109.51596,102.19862,125.99753,159.4733,171.61453,169.97887
139.42328,108.97713,102.26123,124.42416,158.61113,171.81425,170.42603
136.39682,102.34828,91.88139,143.66997,172.04277,177.08899,172.64075
113.59132,93.72118,112.66596,64.55715,114.318634,96.41091,59.270287
62.163486,80.435455,115.38944,63.807186,121.44521,135.93546,36.907887
83.71854,83.56689,110.389885,75.26673,122.921,113.83607,42.454712
76.46902,71.301895,94.74835,101.3774,126.733864,121.30276,69.600494
89.390236,53.651,68.089386,125.801125,140.03133,114.52873,55.999992
67.72056,68.208725,92.34879,98.20045,130.88063,126.71442,58.400955
119.38512,70.57727,69.95065,117.682556,143.71172,101.36496,104.2233
122.63626,80.14572,88.402275,105.037605,130.35645,130.4812,87.775826
116.80611,66.209595,57.915123,130.9288,146.76918,124.04851,82.56609
96.99333,56.130066,41.715565,132.64117,143.53044,127.658646,133.55238
120.25397,66.74374,44.097015,133.9317,149.4395,83.701485,56.39736
131.01378,95.72257,92.463554,93.68929,130.6254,145.05132,174.93727
146.356,75.0331,71.62297,111.666885,127.4055,162.31097,173.41261
98.986755,65.714424,39.76235,135.07439,156.21284,118.497696,66.873726
118.717285,71.51517,49.870903,130.55637,151.76627,114.22219,63.353485
98.4498,51.07023,35.054283,134.1054,149.27805,113.29787,109.39345
87.37251,37.63189,25.445774,141.22107,151.60408,118.19239,57.137077
119.41375,79.96579,57.821297,127.116714,140.36264,102.83947,112.90909
101.40008,47.580204,56.148468,131.4572,139.86792,106.76786,107.46534
51.864582,48.641197,24.800438,153.86028,154.27289,128.70746,97.69076
78.95497,55.584488,9.413315,160.53133,163.64572,117.95288,87.02372
76.53685,67.95406,60.823303,124.720535,152.4476,138.70055,96.67399
29.803652,1.5536857,17.951847,157.41466,165.54683,158.8238,160.28043
51.7532,1.3563848,120.48663,45.506817,113.67186,149.04596,141.53922
34.85649,1.6607146,135.07573,101.26129,175.40742,150.13062,136.76395
50.14305,5.666833,154.3789,32.665577,165.04617,145.73303,109.52236
67.623985,65.17373,102.32871,50.5599,97.5438,121.81874,43.959003
117.468864,76.03242,105.91217,54.057835,65.87977,84.369835,58.994587
147.21783,44.0905,133.43356,31.712563,128.13434,144.62589,111.50726
139.31674,52.13787,76.047844,40.854874,47.85834,123.10019,74.799614
97.245,72.6723,107.72037,70.943016,75.899124,113.359116,120.8016
60.112656,85.4652,59.930264,92.78526,97.13856,109.4264,117.42616
53.816116,109.55972,63.08343,129.22047,118.65953,84.602615,155.12021
37.96147,104.13458,84.06441,131.53189,105.20147,122.18181,115.120056
116.68054,156.2582,100.89343,113.65619,97.591866,108.81888,133.9603
110.13407,156.27043,96.67086,121.73869,102.831375,105.66424,121.79194
102.076225,148.04881,107.83058,137.18233,110.73086,104.09497,135.54622
78.259964,66.37184,111.37623,124.2499,133.23897,116.412605,159.12585
78.220245,114.279465,141.62608,135.13162,156.47264,100.03415,88.61823
38.47655,122.8084,128.2486,132.57994,139.76193,91.61137,131.47063
71.475075,132.84195,129.5612,172.00749,164.19286,85.80935,127.37109
110.508545,143.75569,132.70149,173.14882,167.62126,104.57333,86.066795
136.76274,66.64122,141.22139,158.75888,171.19472,158.53615,96.063545
66.02227,117.28631,148.01848,164.81033,165.09389,162.56592,106.46799
112.76628,96.902855,147.4877,169.66446,169.45691,144.22284,108.26096
21.95109,123.09756,149.44505,168.85529,164.29155,159.75952,125.06237
36.988827,131.9555,148.7896,166.91432,169.1685,158.27571,112.92562
145.82645,80.875374,143.83302,156.06203,171.22037,154.45197,71.55005
134.77328,63.89893,138.50548,156.76605,163.75801,145.82047,76.207954
123.786285,89.51104,145.87117,170.21596,171.84906,136.86012,99.666214
84.198135,118.56708,144.94034,169.06613,164.67369,124.59576,115.743126
24.979671,100.61169,136.34492,160.6956,149.80972,161.42313,121.20285
101.77587,103.165535,142.4853,164.93097,169.13225,140.51483,123.47741
125.61206,86.08655,141.3815,164.68593,166.6411,123.56473,72.456955
82.995514,114.99689,144.50464,163.00676,170.48398,132.83606,137.63095
78.710915,122.55413,140.59615,162.29123,171.29335,128.1429,129.29869
38.04477,123.599045,143.41913,170.04909,160.67867,167.00383,114.45956
19.703094,136.83734,141.98126,167.1865,169.34491,84.95477,144.31926
91.43229,123.56201,148.8504,159.69034,174.2067,165.8339,70.80321
132.85081,80.60814,144.216,161.11284,172.56628,146.11996,67.27954
143.26752,62.63506,144.96246,149.39305,167.74915,159.83705,77.22419
147.64566,60.236786,146.90897,150.89116,170.07895,164.22122,75.10489
144.32716,65.04701,146.02367,153.77386,170.50414,159.3533,76.35802
93.034904,116.81117,148.4394,172.43236,168.85495,157.73322,95.25525
88.7992,114.02501,149.33339,171.9866,164.03012,161.73947,99.07092
84.28422,132.49231,143.32681,172.12732,169.71855,119.62373,103.0105
109.37701,60.018227,140.70827,113.5715,151.44476,144.74318,120.94718
108.62685,68.39539,163.0669,77.20769,175.78851,108.12532,97.25852
52.769695,93.99386,143.55432,126.589165,166.62137,98.97482,146.05489
137.4226,48.55171,143.54175,136.78297,161.83794,146.19647,76.11996
109.14981,78.00282,137.35907,138.71556,148.8564,130.3811,112.94026
64.94653,110.14023,141.34929,159.85837,176.75743,158.91797,127.96678
112.155,97.21526,148.66122,147.49908,178.35718,154.79848,96.773415
116.273254,82.186485,137.51358,154.97762,176.33846,135.37341,99.48094
59.21611,102.01223,148.0107,170.31232,161.33319,154.00584,115.67323
142.02554,65.93322,146.25623,150.43924,163.05713,130.03586,87.070915
130.73035,51.41372,143.16263,138.25609,169.36902,145.89885,70.72264
135.52841,62.292538,144.28676,138.63481,165.0661,157.85312,77.33122
142.27556,70.57727,141.63264,127.656075,162.25146,159.9479,87.46737
117.67625,49.163452,138.01793,122.223495,151.30363,139.29219,84.17967
85.2255,82.23299,134.44981,97.81249,132.19139,122.284805,128.06454
42.364464,107.024994,135.3622,152.49863,139.39572,161.27432,129.92705
75.17711,100.96065,136.00659,97.28724,141.90126,102.50995,81.241646
155.24002,27.805065,149.92122,71.750946,166.58516,172.09317,74.47684
155.1663,27.27313,150.28226,69.166176,165.99908,172.04517,72.02069
154.99866,28.341892,150.59474,69.579254,166.26794,171.95499,73.095535
155.15997,27.54851,150.84338,69.390236,166.37689,172.02618,72.26278
123.41416,160.98534,128.23315,118.53276,132.77583,108.95621,156.12875
120.78615,24.650442,125.903465,66.41138,125.53551,155.24985,80.62833
67.95931,130.49016,63.13041,125.52477,95.71948,88.43284,104.99814
23.199282,87.81508,46.117496,128.89586,94.8354,126.523674,105.69282
58.113377,84.591446,70.13979,131.0979,115.51478,91.03294,144.10283
113.75217,124.57591,110.594666,85.84753,117.161125,99.53907,77.652336
134.5579,73.37285,107.341064,72.274765,95.13578,85.78196,48.670094
135.59271,107.52056,107.16375,62.28053,86.73202,99.69107,69.35364
144.35965,62.948086,106.87712,67.13849,88.1085,95.966484,60.311344
132.38625,90.075386,108.50041,66.9826,97.66108,101.99571,74.31879
138.2608,70.684784,109.28302,59.75058,93.98508,112.85703,76.85851
146.82538,63.57081,121.27433,55.674664,119.71124,134.90672,61.122936
150.45375,103.83657,84.408455,33.237305,36.535995,127.71588,109.858055
133.2313,84.392235,94.34485,48.026493,54.282738,114.80807,74.757416
117.76786,56.125923,106.39289,44.874535,76.354996,108.23715,61.30805
133.11931,69.341934,110.70415,67.50336,97.24673,115.38383,79.29408
154.01836,35.11357,122.15057,69.56884,122.58667,141.48822,53.351505
102.003105,41.22563,103.793724,92.1584,118.08437,105.199425,59.717106
71.37972,63.86064,21.346863,154.80537,161.83922,133.5143,133.29996
79.08729,48.404713,63.77104,131.68378,142.97961,123.060715,66.861664
65.5101,41.511845,32.00458,147.4728,154.70497,120.21064,79.39106
94.06145,38.263542,38.217167,145.96753,149.48825,115.106575,77.79438
83.00741,51.143673,31.410458,146.37248,152.51764,104.521286,64.90954
148.94878,58.647205,75.54349,121.388794,135.82455,124.74624,174.73816
145.53398,60.75547,55.48762,135.54079,142.1459,150.49733,176.44354
133.32025,58.840218,98.984344,98.589226,129.52437,96.198494,146.45926
128.71933,72.529106,101.01701,80.71469,130.44012,116.29223,127.639465
83.19391,81.10608,88.32449,81.856026,139.58624,124.18521,173.85713
129.633,62.70276,110.6731,69.57586,118.83222,129.60545,157.45204
110.42854,58.18346,109.76451,86.2167,130.49866,123.68564,60.599895
111.3295,76.953316,80.20617,123.034676,140.20776,126.174995,94.519485
29.491747,20.726915,18.265188,155.45392,151.99144,147.5545,53.693813
128.7395,60.326763,36.27911,145.30934,147.41937,141.4534,77.3067
67.7926,53.112354,30.756659,147.6423,151.39583,120.26096,106.56366
110.63818,84.57942,111.14672,74.403114,104.34744,76.58631,68.302574
118.89137,69.4451,102.909966,83.333015,130.95274,84.846466,78.84992
53.238255,63.411526,103.56368,67.936646,84.6924,71.38341,111.99392
49.24381,110.921074,79.48571,61.9449,75.722565,103.15217,57.454086
104.480194,121.7824,98.333916,56.121605,62.66582,126.64065,78.65744
80.72725,34.99545,129.1298,28.576782,99.05957,119.48645,61.79465
112.97585,34.081936,74.64759,33.927128,38.77723,102.28373,60.21996
94.70424,11.878012,149.91972,29.111973,163.27953,112.58022,137.21597
118.30839,42.53218,117.03902,45.58806,104.19593,88.7813,54.5328
125.12742,65.298996,95.93373,44.271545,87.40721,161.18388,101.76331
125.824425,65.93904,112.641716,62.84448,85.98824,166.1433,96.733406
115.28795,147.72505,109.23062,81.99979,82.92452,108.82855,59.4512
145.97462,62.5548,92.36191,57.364933,54.877605,144.12155,67.95373
137.76952,82.98748,108.15876,100.35282,88.03933,61.935154,166.50566
117.138405,123.66342,107.59523,105.18734,83.32246,84.799416,62.145504
116.74001,116.760864,125.85205,118.836296,103.45877,81.6981,54.82866
113.658485,107.6617,111.5706,111.14571,83.96943,87.006195,61.716957
119.02355,76.85327,121.20774,127.26012,121.547226,91.824394,88.10889
111.09576,116.875114,137.90755,148.50716,124.35657,90.397484,115.30244
114.650085,107.17654,136.07774,149.70045,132.69226,73.565956,76.87909
17.382084,94.2568,76.44905,154.62465,161.7139,137.51503,146.19724
31.61848,91.375114,100.40439,153.32402,165.16359,116.97619,139.25392
40.23816,94.03031,103.024864,163.69104,152.85347,119.0737,117.76566
42.037804,100.35016,115.16054,163.81516,168.18594,118.593124,132.14386
61.61449,90.29124,115.46373,130.88983,134.93701,164.27145,109.4638
51.668785,91.04267,138.00114,150.59724,161.4719,141.38669,120.23796
53.304794,98.69567,140.69382,174.19064,125.44068,117.8928,153.65295
121.73993,96.89484,150.93628,148.54662,176.18474,163.588,63.553116
119.62267,104.585335,143.8069,144.50429,166.95802,134.4963,75.237976
98.44138,114.80791,149.90558,139.48584,174.42542,144.90988,97.43867
142.61197,48.53962,148.07082,124.425835,178.89005,144.17244,78.15501
124.1548,111.595,146.65727,162.42574,176.7302,134.65509,56.035835
123.584564,91.1672,150.62883,156.2855,178.25044,164.58484,55.501938
124.978195,103.64902,147.70792,151.24174,175.89362,130.27817,25.766125
138.92845,95.245995,152.75851,140.26862,177.65263,135.09242,93.492256
136.64746,88.7749,148.43011,141.0066,177.37273,133.90637,53.11923
123.34977,77.91664,149.19518,137.22604,175.13823,147.6258,46.305645
126.83193,83.99837,150.50275,140.68474,176.10237,133.1083,56.1088
135.89095,104.94623,151.13782,132.66914,176.57399,150.3936,53.80543
131.20801,53.38615,140.14508,108.87629,163.41841,157.67377,85.54753
73.047615,70.253654,64.48004,145.90811,136.45627,111.77092,109.559975
37.414467,25.19991,37.0263,145.0736,152.46735,111.21175,93.09103
82.445595,43.479813,63.00794,142.34164,144.19054,123.26603,72.904594
32.222195,20.88463,51.284546,158.03749,159.63469,126.81271,88.14461
11.932691,26.148804,9.322405,112.168526,121.399506,95.70399,123.27742
90.63519,61.25441,67.39207,117.422935,127.94632,141.99675,100.7826
22.647789,12.127739,16.755846,167.05028,159.45094,150.38368,127.42881
38.635597,29.914457,33.74073,24.690264,43.902283,168.40253,167.79451
40.343636,64.744606,37.19057,151.66,80.65184,129.0938,133.34775
22.688374,55.620167,44.428905,30.63527,36.261906,159.27382,117.10431
19.909317,75.30828,36.53156,32.69908,36.270355,162.66959,120.11836
28.697165,57.23148,45.639988,38.606182,43.55401,159.7835,115.70184
20.300898,39.687656,51.617878,142.65152,77.14164,178.1159,115.21964
3.4977117,4.889403,13.534702,178.51865,170.88466,137.40755,139.71014
23.255013,9.694425,32.62269,170.57872,171.06944,159.25267,125.60183
60.462437,47.42046,28.054417,23.147322,39.857883,152.02843,137.3745
27.329874,27.54314,6.409369,166.70361,174.35547,138.49667,114.290634
21.156439,51.357643,22.688349,174.3784,161.27078,158.85866,159.31215
18.733252,27.570158,89.12105,69.762794,67.11801,154.88765,154.79482
48.09496,42.227364,4.5380316,168.44913,176.58757,147.67357,70.966064
17.462303,14.774989,36.688057,161.49007,161.2708,127.40914,101.05957
71.91673,23.991396,67.372025,150.10992,149.37569,98.996445,118.41004
100.987816,75.183266,74.887054,147.04736,151.00772,147.44553,145.34529
126.739685,107.761024,60.965527,145.45422,139.73694,148.0242,78.201454
88.310814,28.54576,75.71216,143.27235,146.91483,107.63724,93.57738
72.46136,23.313423,84.15978,140.13991,145.96658,65.190315,42.405754
54.214653,11.999467,59.01973,47.102615,58.452347,63.9553,109.727844
22.320602,20.364733,44.806362,160.09097,120.53428,152.95444,108.939964
11.208111,38.962906,36.77806,41.02757,56.535175,162.58157,122.26388
46.49177,48.951096,59.86323,21.688087,81.7899,164.22865,31.172384
55.08093,46.096992,34.61744,22.972134,31.251566,161.59619,132.79332
29.462502,41.765244,44.097687,146.54541,87.62005,150.74808,136.42572
60.130646,42.535847,61.654175,20.677723,58.67236,172.59238,142.27643
65.8559,20.90741,57.80149,25.92129,59.602364,142.24232,121.46252
52.477425,22.147606,51.89843,29.116821,53.268616,106.67339,140.1666
33.683353,27.161808,57.04066,31.446943,48.815884,149.66626,146.38316
24.669268,22.849512,53.550373,16.058128,44.576694,131.45018,145.94583
32.496548,20.038755,37.515835,167.14874,166.62619,170.84312,134.93259
13.047327,16.235102,55.555576,162.97505,159.26093,154.26538,127.8984
15.968339,18.52667,40.798454,169.61508,168.20695,157.05644,117.633675
35.391533,23.458298,60.99485,147.30936,138.94325,100.36061,107.95168
51.521797,29.111681,52.738285,106.966446,114.194565,147.33449,87.946045
71.9065,55.220932,69.921844,131.62056,129.40948,114.62349,41.0302
22.263884,99.79956,46.172314,166.66344,166.83551,128.58533,140.15291
80.34034,76.78481,28.353832,171.10078,161.0161,132.53505,114.73079
18.305212,14.806373,58.570835,159.68811,148.03748,103.62905,37.71097
38.228943,18.456024,54.532314,106.698524,170.27391,31.76476,127.99738
20.900833,19.216892,7.337379,157.8333,118.01029,143.74612,127.7817
48.360638,52.42694,28.476683,170.10912,166.27844,124.90702,104.9421
31.483177,30.83492,43.42619,167.05132,164.48341,115.84353,69.64215
51.858818,20.32207,7.2458124,174.75383,172.26149,130.48837,142.23245
66.67232,17.283468,10.814303,159.42819,168.05179,153.85887,131.85936
23.408506,27.013529,25.400185,40.86091,43.35919,27.381199,116.98422
82.417015,100.029274,60.823227,111.63722,130.02199,138.51587,152.16544
32.969795,36.368793,56.750114,161.06906,154.27362,93.81119,91.64461
24.763767,14.845185,59.453945,149.03893,140.15535,82.38691,87.531105
88.0791,113.69139,83.58429,120.82858,132.23161,139.03578,139.30516
35.867786,42.847675,48.18616,162.44853,150.57628,77.748276,63.34634
66.73703,41.473602,96.814476,109.374985,93.50905,149.83649,148.36029
55.161297,4.790274,63.683792,112.65703,113.142654,1.0559176,81.021614
23.534233,13.877493,27.004158,170.94986,172.68806,159.13736,117.942604
43.855587,13.243577,31.998028,161.02383,121.77079,86.192444,56.331753
32.745895,21.073706,39.60882,23.872597,36.59705,153.57315,93.71088
53.509777,43.94896,46.766487,35.265854,49.33489,161.11258,143.03633
47.275124,33.83716,54.750095,29.602118,49.268967,150.22227,128.00345
32.087666,39.974293,48.69643,25.952497,36.99842,153.42451,110.212425
44.923588,40.772606,57.609158,41.75669,55.49037,163.59204,137.91513
31.742182,62.202023,47.748154,32.25523,39.94639,164.37593,104.31181
13.71953,42.5935,46.61871,34.576286,37.58919,160.16443,121.973076
57.456974,30.462328,40.74209,169.86287,173.43309,134.27678,105.92754
60.730495,42.09706,61.886482,158.19258,158.57127,138.56902,121.25297
39.185482,37.602077,60.00586,161.00383,160.33856,144.37254,118.53111
20.588678,27.614899,41.807198,169.06873,168.07132,149.3064,129.47684
32.56492,24.12889,32.526318,173.12703,174.60318,128.7636,108.66423
44.184723,29.567009,51.697083,165.6155,166.57895,140.69476,109.0499
30.861942,16.908905,28.782112,171.21361,169.64384,135.33917,119.95713
20.794857,16.848764,28.202515,169.7106,167.76315,137.55481,127.65184
18.648914,47.123146,29.040115,164.92409,159.63069,146.09486,126.61681
60.12928,40.383175,28.048962,172.36343,165.81534,142.78787,118.27958
60.695694,35.755013,27.50159,163.34613,150.4289,145.25256,113.19939
19.362553,48.81733,42.306946,164.63576,160.81587,161.00237,132.617
64.852455,44.462788,31.717539,159.88348,145.28735,135.03804,122.452225
72.74096,43.330536,32.520042,151.23349,133.2031,148.22072,134.8456
51.065655,39.826954,29.250824,158.83707,141.07411,137.42815,118.68495
66.02356,41.343876,34.14552,149.25087,134.41432,131.92487,123.63702
64.66356,37.507343,31.519648,155.4359,135.70262,129.25793,119.649536
69.62634,44.83152,48.16287,152.89914,132.08694,128.5318,125.820984
59.336636,42.214813,41.203743,162.9377,145.94543,123.04401,127.03894
68.930786,44.88094,36.102802,161.48744,140.4689,138.92828,126.24831
59.947643,39.75016,29.283703,156.78465,136.177,130.46867,120.04404
63.036148,44.836796,50.409763,158.63553,133.90634,116.217285,127.56225
60.91891,42.408382,36.274906,155.7095,135.79555,132.65668,124.239006
60.819115,39.47348,45.5748,159.69511,134.59378,124.73583,117.0132
63.8134,40.607254,29.516699,165.34781,156.07312,136.50389,127.731865
58.368942,36.337673,30.181622,155.93417,139.3835,130.54976,118.46453
66.576294,46.288662,44.60379,162.14392,149.55722,119.33545,122.19234
47.79288,40.41273,49.55714,162.18523,152.86063,111.03043,106.28318
55.38285,44.112305,28.509356,171.76843,161.48058,135.31189,114.25157
44.78887,36.106674,32.76849,177.77744,173.01028,131.0787,116.57662
29.227709,42.412346,36.470566,173.61629,177.17581,142.15913,101.74963
37.889248,44.710876,43.583942,164.1253,166.45763,135.5806,104.85803
55.239944,43.38719,30.388166,172.7518,169.74976,137.57367,102.99581
39.523407,45.21686,37.344273,166.40732,170.1655,141.42578,109.26092
28.340748,45.01907,29.948462,169.70638,164.20341,146.44539,120.33123
56.06852,44.81839,53.72997,167.14078,168.05717,140.2092,106.32231
47.828716,43.20876,45.693623,171.44127,174.55031,125.26408,111.89206
55.513847,49.33775,73.57772,161.91248,149.47069,99.2403,107.04945
63.849033,48.917385,53.374287,161.75293,158.81866,124.32728,115.293175
49.891018,38.310947,66.39064,161.46259,168.32033,143.73415,113.991684
55.247032,49.01738,56.126743,164.16792,168.12039,138.65396,117.88127
56.27124,50.96101,61.36695,162.56645,165.37262,138.27296,118.011345
68.93282,51.762154,88.24544,144.59773,151.45494,132.35783,114.93014
72.490326,50.23533,89.14016,150.565,152.59108,135.8438,109.64329
63.699135,54.62461,78.86389,165.11638,165.08179,110.89597,112.744286
68.602646,54.50581,78.03993,162.73576,165.46686,129.01675,111.07409
73.94545,58.742744,82.54273,165.06425,166.44572,126.40801,109.37466
82.85504,57.941006,79.81134,164.97078,163.31056,142.95721,114.20178
64.19591,54.90903,73.76109,165.13724,166.79817,122.833435,120.316414
75.887794,55.670002,67.31003,165.70335,166.70247,133.46657,113.76797
44.237446,51.069607,37.76332,170.00693,173.66035,109.814835,105.06754
67.58606,56.864418,61.620556,167.99097,170.70906,119.63006,108.61035
58.5364,40.72717,17.250954,162.7028,166.72472,130.15686,107.4102
64.67642,55.975437,54.965813,173.85307,175.30217,126.90282,120.74506
86.30922,56.415123,67.92773,172.53801,173.99484,130.01785,123.439545
72.705475,62.726727,51.614704,175.88237,173.44066,128.54115,124.29457
76.81695,64.70921,58.7094,174.8008,174.53362,129.6425,129.68405
66.274124,26.596542,40.948315,156.51422,163.41951,134.36728,111.51687
63.65064,33.91774,27.087982,162.33449,165.88399,131.77689,113.36686
71.363686,46.840084,55.202576,174.73392,172.9176,131.96143,119.91583
80.37352,58.331097,55.595737,175.95483,176.34724,137.92665,126.7203
76.1265,47.663754,59.951294,173.79106,174.97865,137.84717,134.62679
85.10967,53.238907,64.60269,174.4009,176.20387,142.59799,135.80685
75.870605,40.647373,61.423656,173.80014,175.30042,138.50519,129.06569
74.732796,28.57744,45.99461,174.41908,173.30763,140.83714,72.84982
61.680088,27.571323,26.873507,146.531,144.67499,133.1277,106.57979
48.049786,25.110868,28.27222,163.61267,167.61618,129.25989,116.27856
70.7253,34.369392,30.5302,159.68755,160.12207,142.19308,122.779785
70.87253,51.62416,39.17751,174.00726,176.25272,137.07288,130.01878
73.26995,30.570412,36.257774,177.59767,177.49336,141.21771,107.24056
69.74457,42.23532,46.754833,173.09245,176.89264,131.25307,120.34507
72.85777,59.975418,48.585747,174.8106,176.70288,137.29733,139.46709
49.205658,54.99149,39.466274,173.09319,177.01704,119.079094,73.5119
75.860855,40.20362,44.162464,174.54791,177.62643,147.5732,131.84335
80.386246,18.799757,48.88965,173.8697,178.15707,148.67421,96.47421
77.80433,49.57353,44.668087,174.2248,177.42746,140.31964,132.8265
51.11339,44.922623,26.969645,164.09102,169.86487,129.7033,127.489815
52.382107,47.25684,23.521101,151.40501,154.49059,117.451355,131.92119
82.44826,47.5335,57.889423,175.98653,175.75873,141.40596,119.49105
68.40833,43.121243,38.99992,150.60936,154.79613,131.91217,121.54075
75.806465,36.61997,51.23129,159.69531,165.47523,144.24124,109.75493
71.15923,31.94867,34.458847,158.60289,159.73445,145.03029,122.156204
65.60077,32.445248,28.319813,147.70573,169.5089,144.30309,118.11141
42.51814,22.035797,18.403297,174.86758,177.59587,129.29744,102.24723
28.084368,27.643978,51.542194,165.95876,152.95715,91.005974,77.77748
53.679573,28.510122,8.722401,158.84424,159.68428,120.92928,102.53639
51.820354,27.280231,10.862105,169.7686,173.04271,125.62908,82.37539
68.96843,24.165438,20.122316,175.15651,158.60117,143.41614,108.50666
51.279503,23.858881,9.733507,160.78773,161.47156,130.25624,85.09918
56.790325,37.296852,15.335344,150.21004,154.39578,135.52776,129.0544
80.840385,43.930157,52.047184,175.09738,176.47368,138.35399,117.20533
72.11722,39.487907,34.35198,147.61484,148.9146,141.86249,114.63158
72.46838,43.05691,55.87552,174.19963,174.58679,137.45605,126.04982
67.8802,34.4133,31.68013,163.35883,164.80704,152.14941,86.5709
73.9582,39.43399,48.289097,154.60078,155.08612,150.13077,123.96039
68.673134,48.005596,19.744827,163.55556,171.12843,139.37338,131.1564
73.64311,32.715572,29.371056,169.92429,174.24298,140.17126,112.98693
73.88727,44.981323,30.055973,179.21965,173.04616,140.68088,126.298645
76.02659,37.88211,31.83691,167.72812,173.46489,140.41426,127.54353
74.27181,31.133244,42.314907,178.68924,174.7931,141.45131,94.31969
49.211273,9.848779,35.16092,173.08057,179.27206,117.64216,43.86921
51.764797,55.007313,26.588102,178.06659,177.81609,132.75652,137.18672
46.54912,59.812374,29.968813,177.4907,176.5736,123.99943,130.38875
24.638575,46.243042,12.338105,176.51743,170.21033,122.96963,118.86326
37.502296,50.161583,31.709698,172.00049,176.38977,115.578026,121.62012
15.088273,8.171952,24.699198,174.4564,178.51811,42.842133,61.39544
21.899818,40.1782,17.426943,175.20355,175.0788,111.37743,112.89417
27.165077,37.510967,9.314158,172.46732,171.6722,109.44653,77.84752
70.19269,67.91369,32.07351,174.92413,178.31366,130.10951,132.75334
49.997818,43.275475,33.496727,172.69278,177.2517,131.74535,120.6658
51.51945,55.02353,15.150007,175.11507,174.58035,127.634155,126.42786
47.832233,44.41165,35.32239,173.20248,172.36528,127.69742,121.106926
82.96442,50.95033,64.0311,168.77232,171.0279,135.27663,126.47422
74.82354,53.313175,67.155945,170.90651,171.46593,143.23933,122.73307
69.44365,59.963585,61.617825,167.98322,172.05678,132.04272,115.851364
68.763885,24.3334,53.573746,170.77884,166.92067,132.97495,126.42474
35.00423,17.714813,82.98982,169.71483,156.38019,70.32936,137.18066
11.487821,22.80808,38.20318,170.57587,156.37032,60.19728,94.80117
77.24441,38.55553,83.31469,167.54112,167.9316,136.31519,116.762665
14.100508,14.215639,116.179886,119.66987,123.55768,100.96385,79.787125
81.95117,41.559185,77.22405,162.46681,170.43793,155.61409,128.88905
72.45074,42.24717,88.14297,162.17998,160.17859,128.58977,120.05133
75.68754,44.78083,73.2111,161.85759,163.44221,149.05634,127.75696
76.14031,28.931051,80.24365,162.44284,159.15572,157.26569,116.870674
14.029373,17.850208,69.57799,152.0068,163.60968,147.62482,112.87149
5.148449,14.124584,53.879757,162.21497,170.99826,157.47513,131.79483
12.910919,36.91633,34.914764,176.97968,172.98224,146.87802,145.19339
9.443917,22.150795,40.828415,168.37663,169.99207,149.16623,127.95905
11.446594,8.810776,54.707844,165.01091,171.73106,167.903,129.9928
35.52808,31.70745,35.586803,172.90698,175.21545,139.32626,109.808426
16.741507,30.983734,37.850906,173.00406,173.13724,147.24437,131.25089
24.43721,22.987942,29.701181,175.03725,176.72594,139.94923,130.55861
20.250883,28.218706,32.776043,175.3281,172.23808,141.12181,129.63554
38.340633,16.363405,26.445238,174.65587,174.32086,130.87872,113.977234
60.425602,32.889603,49.49357,167.97525,173.58597,136.61507,111.51279
67.55968,34.03937,62.15442,166.84872,166.92638,147.77237,110.39542
25.213686,33.837315,52.250233,167.78622,169.33655,159.41441,112.00578
23.105907,26.818233,29.940153,178.89624,174.94223,141.60791,130.09087
33.789734,38.030575,31.214428,166.87497,168.84532,137.45053,122.150116
28.586384,46.03617,38.26022,166.53197,178.19246,146.0664,130.22766
60.574047,38.00671,21.91849,169.69954,167.44098,142.44054,118.56183
31.914751,41.186085,16.786205,155.54243,136.57553,142.30424,115.28984
33.096775,43.432384,31.942215,169.4837,170.64484,146.9064,124.69425
2.0530934,21.15233,27.966944,162.15945,153.7617,157.93602,129.61261
20.618958,51.8165,32.651176,165.0674,158.3238,158.61967,129.73668
44.249176,21.786278,34.435146,139.18173,117.87268,131.76173,126.360695
15.66268,13.843422,25.634485,158.57738,139.69992,150.41173,129.68486
54.719856,32.6978,90.15631,103.07399,68.07097,115.799255,93.5731
40.682148,30.229893,68.40238,123.50678,110.69899,141.64046,101.578186
27.31995,18.646692,70.57685,97.33299,77.647446,145.0703,140.9101
25.572165,19.305882,77.59366,83.228294,73.20412,140.85693,137.0117
27.2176,20.74285,77.91981,102.33981,80.7086,139.93443,130.64691
56.66087,34.89234,102.76943,93.58935,71.098854,130.33812,99.306046
39.91752,32.765377,88.420944,130.85896,112.91687,156.95673,101.64327
50.388485,45.485756,33.3868,138.82623,109.93312,127.75018,102.87966
62.383503,47.730938,31.13451,152.53522,126.44344,138.00348,123.47995
43.68959,46.673702,22.662605,161.27782,146.25177,130.89113,108.94406
64.09663,51.10281,32.27555,164.40929,143.99246,143.45532,118.80877
51.28758,44.402138,26.808777,155.0498,138.10312,128.7428,102.74339
22.664751,46.50734,23.480335,165.0442,132.84236,139.83809,113.83176
16.020962,48.919437,27.993433,154.64178,135.85555,155.06267,107.94302
16.980885,41.8495,40.730644,161.27237,159.72946,146.35457,86.26765
47.65426,44.723766,49.837723,164.63667,159.82089,134.1452,92.88078
53.8264,42.21892,35.298702,167.50266,158.53535,123.32167,95.67893
29.9506,46.461117,40.95005,165.82187,166.29985,140.22525,99.97385
55.905056,47.011395,45.481407,168.9065,161.73483,126.304886,97.97127
38.24512,35.23646,48.308796,164.08849,169.08717,135.47649,97.92779
59.60833,45.909718,45.542725,151.49821,146.7628,130.09921,101.35998
45.135,42.579723,47.679535,164.58601,158.6957,134.81987,99.8383
31.027205,45.521606,41.54617,156.0011,156.54855,157.37738,105.16682
57.629322,45.868664,57.283813,154.4978,153.22559,135.85214,102.52371
59.930794,45.62358,58.26408,163.37604,162.45992,124.21952,94.86661
51.54523,45.10954,57.381966,164.2446,164.48857,128.88062,99.99627
36.42805,41.614285,46.6866,167.51239,172.91257,140.17511,104.98612
38.1695,46.81215,42.50558,167.03165,172.50842,142.22513,104.10784
49.791405,43.73912,57.76533,163.57146,162.902,101.26341,104.47404
62.031345,50.56946,52.58097,163.88652,166.93556,127.65298,107.09192
26.399965,46.047634,63.08465,162.98323,170.4272,151.79358,112.65762
61.775986,50.530087,56.308834,165.29265,158.82626,105.287384,125.03845
62.01004,46.005157,36.29061,176.98045,172.81525,129.16034,110.94335
67.94886,49.265644,50.28524,165.3553,170.69878,134.82822,106.785095
69.41362,47.952965,72.3292,160.28888,163.64351,135.13756,107.09711
70.67968,50.355743,75.091125,160.9035,162.92279,114.74686,101.42004
63.94411,51.35741,75.46815,160.54704,167.88535,116.02298,102.964714
65.68198,49.68502,79.584816,159.96893,160.44794,126.024,107.08019
67.20817,49.3822,71.222984,165.0359,171.4107,131.45937,106.208275
63.564987,49.67963,71.81172,166.16235,165.35931,124.1092,109.21582
43.314266,52.905014,70.57812,168.66437,172.30771,129.4594,113.86234
64.24295,51.125465,63.62412,164.24203,166.81201,116.907906,110.60916
72.533394,54.082474,53.573895,167.89165,170.30887,125.51525,112.27219
60.882156,52.505497,60.736893,168.88289,172.79143,109.168594,101.700584
63.12397,49.348755,50.311485,172.69165,174.04318,126.390594,107.86439
70.41766,45.595737,37.679314,175.40167,175.54515,131.76625,114.81318
72.30215,60.253727,52.49747,175.60838,179.01543,120.15011,120.66792
67.94653,58.084515,50.1063,175.37682,176.13507,123.652534,123.34914
75.91976,65.775604,53.32727,176.38327,176.83212,135.5432,132.40862
68.238716,55.471394,37.173603,176.28801,178.28455,129.84706,117.18275
65.042496,36.184624,29.912184,164.27386,171.10236,125.38853,107.34753
73.48337,66.66189,52.968246,176.9434,175.81636,132.28117,133.28499
67.9643,57.114094,57.736828,173.12418,176.30449,116.88315,119.86222
69.48705,57.93484,53.68752,176.93459,178.13564,121.258255,120.66853
75.299904,65.266426,56.632355,176.73163,177.83318,134.32831,134.9468
81.25064,63.876907,53.108395,177.25703,176.58733,146.22748,139.30167
74.413185,61.991592,53.13685,174.41081,177.87329,128.7881,125.50658
77.46376,62.02053,50.960033,174.189,175.49088,132.31432,121.6923
75.13059,59.90633,56.038136,173.86783,178.68909,135.75623,130.52776
80.57311,69.571915,53.622913,176.00511,177.76689,143.14659,140.42503
71.0737,65.49113,51.051388,175.5734,175.95557,137.49895,137.80566
64.244286,65.222404,48.95215,176.22714,176.86118,130.67972,133.376
72.65439,64.30627,47.209747,175.5718,174.06685,138.99368,133.10316
78.35826,51.025135,60.118263,173.57094,176.54672,133.06435,117.21219
74.8972,43.77525,49.538998,176.05026,174.25594,136.89206,119.81052
70.794075,40.65008,46.976646,171.3736,174.6999,136.89914,115.517975
68.88373,43.813328,44.641556,167.22717,171.38995,136.78745,117.837234
67.3143,37.823963,31.049448,160.01591,161.66444,138.31097,114.87916
70.3879,38.690807,34.26506,161.55348,162.96312,138.17928,112.49708
65.79611,29.588985,44.2013,155.52325,158.77077,139.50214,104.25346
62.467377,31.156057,35.527527,158.6511,160.38428,132.30597,104.08453
66.48481,33.613644,31.147621,158.06339,159.71474,137.39261,107.60606
67.52103,33.914497,28.388227,151.89601,155.15187,140.2819,110.76954
67.86096,38.062786,33.349434,157.26018,161.79199,141.07343,112.187965
62.13816,33.734642,38.798695,157.97134,157.75922,135.83376,110.31109
63.379692,40.961624,34.228123,154.84137,155.52106,137.89687,115.24373
63.042057,37.06933,34.654514,156.86594,158.30342,136.84628,115.62354
66.09651,35.45967,38.667286,152.55386,152.9506,139.56688,118.555
72.07768,40.300865,66.6196,174.74307,176.43074,139.4542,113.13649
73.81643,51.273594,57.617992,175.57056,178.46494,134.45877,123.13186
69.80643,47.207424,58.012974,175.69247,177.58922,138.1861,121.346634
71.59038,47.538773,60.596424,172.73615,172.64015,138.06573,118.59834
74.39464,46.69915,46.001316,171.01027,171.04704,145.63432,125.88774
66.18804,54.960663,55.254856,176.73253,176.954,130.96071,126.59733
71.626945,47.416367,36.79396,178.39525,174.30377,137.68152,123.38321
58.344246,46.645542,35.778122,175.96371,175.8856,126.64386,118.43028
46.561928,49.56452,24.691555,177.6444,173.7622,124.26702,129.32011
58.90172,48.99591,29.424099,178.69014,176.1751,129.91393,119.38204
36.746025,44.53793,14.213678,160.05547,163.79378,133.52905,134.51294
54.485065,46.265717,28.976898,162.7504,169.04848,127.33846,125.815735
23.40366,21.14205,61.384285,159.18031,155.65747,124.06247,87.769424
48.454727,43.047543,43.341484,169.88828,176.06895,124.9994,116.923805
74.23254,45.15372,41.84769,166.21046,167.62964,144.77399,121.36789
69.4088,53.692806,58.462715,169.14632,171.18404,134.31451,123.62442
71.53419,57.215096,65.15126,169.18274,171.11046,137.776,123.5456
80.82171,57.103424,69.76705,169.09305,169.76114,141.8323,120.81355
61.966,40.171402,38.59741,171.57704,173.42805,128.67085,110.73832
70.742424,50.962204,69.7006,169.48015,159.82832,126.86958,123.74687
71.436966,54.205807,68.34255,167.82619,166.95789,126.28765,109.35235
15.671115,16.14574,33.270813,168.15599,154.90535,59.56653,80.26772
55.29426,47.144875,55.129498,172.48582,168.9656,123.01112,119.811485
72.00498,36.039165,72.96885,165.05342,165.84665,136.94984,111.406944
71.67032,43.516205,69.87956,164.1497,162.09119,138.01973,120.23404
55.712048,33.95944,67.96873,173.84886,159.48372,127.80011,117.21142
72.354095,46.489,79.59717,156.87852,161.79803,142.77452,123.40613
53.087906,14.197786,61.15863,161.40851,167.84485,133.3531,123.10667
70.17388,36.958202,55.40677,164.34308,162.62584,143.93687,127.87718
4.4993224,26.253702,28.38713,170.20357,169.00565,163.22383,147.67915
41.668854,30.596457,53.53295,161.9572,162.29753,137.03789,121.22457
66.89108,46.473545,51.245533,157.29814,168.23996,146.89163,128.91673
37.01806,44.821144,45.67369,163.14746,167.08022,139.6338,121.1996
19.31052,18.060944,40.17436,166.4975,168.75957,142.63419,127.166145
38.851963,19.77385,48.83587,163.33195,171.35678,137.20099,124.57233
42.062843,17.24849,36.281322,178.43501,177.43797,122.50102,117.197334
25.885609,31.318369,38.897766,168.64462,164.09518,138.26862,122.90784
19.334732,37.09238,39.576145,164.43051,168.79474,155.0735,155.5192
24.099749,36.989456,46.70093,166.8299,166.87097,141.52643,117.756226
50.429554,20.093271,31.557085,174.96451,173.46175,131.94429,103.455246
58.834324,36.714447,44.28474,175.00232,171.13217,133.22308,112.16449
34.135803,33.744358,31.440353,175.66866,178.25784,139.55673,112.85698
37.275158,25.398687,39.532227,174.13872,168.85588,137.06444,95.94725
21.642485,25.900454,45.6785,167.06528,169.60886,138.11758,100.51639
15.003392,16.313095,26.031212,170.94244,171.11058,155.22052,124.432884
43.801212,16.029808,40.169838,173.82693,175.93507,131.1849,113.34775
52.503403,22.866728,28.72516,172.57095,171.00377,135.11502,114.81843
45.730934,29.002638,89.01044,106.334526,89.15665,94.45516,100.6843
29.078133,11.249675,27.215366,178.56535,175.3708,128.72414,118.67449
54.13321,26.501577,36.53585,172.72154,173.29518,118.35157,105.044334
66.4162,36.61836,24.09244,150.67673,134.53328,134.0107,111.87222
64.98499,41.20235,26.407053,154.55368,135.84863,133.26367,119.37404
62.196346,42.10291,33.01727,164.19731,152.06535,134.67113,130.9098
65.14037,44.38459,25.382551,156.72885,139.24838,133.11024,119.43437
63.517384,36.56766,24.003462,154.50827,134.6463,136.0612,124.28691
63.27192,53.482697,64.69586,122.652596,75.344574,116.18725,119.93482
50.389286,38.281933,102.35906,103.623146,68.71772,120.18755,111.07748
60.514477,42.130497,44.057426,135.24933,105.85517,130.35036,124.328476
56.76177,41.04166,80.11473,108.31261,70.23472,91.64582,111.72544
56.778206,39.507217,57.549786,123.56366,90.6657,103.25143,114.31849
65.37932,54.179897,26.352959,146.41234,129.2664,135.12206,125.01431
58.58656,25.623772,49.420277,132.28667,103.61611,137.67242,117.45473
59.40351,49.565384,50.790512,122.38393,86.58658,110.61353,122.1614
57.948048,49.565247,71.174614,132.52328,98.27582,122.7683,115.89679
48.49817,73.50014,107.22362,66.132706,93.959755,100.72523,69.98966
54.610615,75.30059,119.67616,82.08064,128.69972,84.84481,90.74017
47.887325,76.13063,76.98101,50.63672,79.036514,94.92177,84.07841
49.110806,77.55843,76.38377,51.324093,82.253784,95.40662,80.10006
87.57812,78.46802,91.93938,47.01736,87.37058,129.47623,122.86354
86.38217,80.61775,82.57989,45.52635,87.884476,128.29263,130.7249
78.02823,73.338936,96.6911,71.12361,89.1041,112.94708,73.136604
80.34072,80.27141,99.214165,72.24304,91.29602,108.482376,79.35734
57.94983,76.294464,98.55133,69.44515,86.722755,73.629166,134.47899
94.245995,61.768265,88.29763,53.904903,73.21581,142.82654,74.2229
89.70983,65.003265,95.00634,69.04683,80.50939,139.47955,68.75765
49.880894,84.225174,125.20769,85.98934,146.99532,78.91047,92.80557
41.988773,79.06564,117.892075,75.24932,126.40158,88.697784,58.507595
43.894756,74.50605,105.60262,88.691315,98.24454,107.265305,52.45666
18.371595,6.5303273,43.57991,143.98022,153.8604,165.03835,163.3981
27.10788,5.392051,40.34549,144.46822,159.6365,165.30894,167.1196
33.485123,12.0310135,62.401344,134.37875,147.63089,172.67647,165.6141
15.440327,19.661575,94.690346,55.575172,83.60396,176.88931,130.10248
46.39855,23.535107,94.48465,52.651752,81.0228,167.41905,80.78441
78.60135,5.138392,101.94437,56.306282,98.05337,150.09454,139.11565
45.097183,75.998985,139.30951,54.91025,138.64548,114.31767,92.94717
61.128338,83.81428,142.61435,55.212246,155.44502,93.946915,60.578514
48.760944,37.442554,127.15276,76.657425,112.70776,82.79275,100.2379
43.06893,53.490505,117.192406,54.99663,95.18336,74.91195,136.53793
85.17626,93.881645,124.25085,45.504063,113.37375,85.260445,140.0332
57.56968,89.45563,125.27432,78.980965,129.7167,75.37253,135.0092
42.23433,30.99149,121.9978,45.34553,98.1754,99.25605,85.225975
51.32487,77.348175,121.10074,53.711605,115.76256,115.45231,39.997833
40.8695,78.99714,123.7703,81.71948,136.05795,107.987885,86.41205
46.04521,83.690605,130.02002,95.090355,126.769165,73.1652,115.43455
30.155127,63.960888,75.83843,159.41324,143.19032,102.18853,49.209736
47.34897,78.51082,50.940987,167.15044,166.36711,63.784252,144.60814
48.636852,12.711346,51.587864,158.43143,172.69131,120.01511,127.93818
40.55251,18.773659,6.8614125,172.97809,169.82278,100.20986,139.1274
50.307922,17.517391,27.518877,174.1413,160.55194,147.26936,131.74619
84.6145,30.29133,46.404545,77.69661,67.185005,95.632454,133.25734
84.6145,30.29133,46.404545,77.69661,67.185005,95.632454,133.25734
89.86187,35.368587,31.404652,93.760956,84.97969,132.26048,88.666435
36.298607,38.464703,18.261602,74.66504,69.21372,149.16772,140.93884
49.665928,62.089714,36.33579,79.95191,73.32287,142.94281,142.59377
42.24553,90.13959,49.624046,92.997955,81.213974,93.2262,149.28717
35.933376,53.228382,51.322636,129.03339,110.83254,126.785255,145.43283
53.141354,77.486046,47.530647,91.93787,80.05629,132.09233,147.22363
73.41706,101.54686,47.859814,98.59422,93.41127,131.65231,148.16801
45.82577,64.42871,48.188408,102.93875,84.88962,133.66003,146.6639
45.769375,62.675472,43.39779,99.32124,79.92264,135.8691,145.04608
42.718437,51.57683,48.74051,75.624985,87.247475,137.42996,155.23521
37.131596,53.872097,54.78331,80.99962,84.98688,133.11487,145.43393
98.240395,35.380188,60.1033,66.565384,78.784775,159.50096,125.40522
97.17227,39.390785,51.490135,70.46923,86.37124,155.17639,124.99412
117.21768,36.760464,67.26906,111.36648,112.33214,134.52048,108.73176
103.42088,23.014746,84.326546,82.74576,75.298615,122.46489,120.91295
74.04038,80.18019,72.86011,91.97196,89.378044,54.415604,138.79297
86.081825,87.39702,76.129715,147.019,104.42128,72.04931,152.23116
55.547455,36.560734,77.39233,79.60548,85.243256,59.244408,115.63077
78.63563,28.611568,89.52954,154.40817,164.81917,117.091484,157.18877
54.30862,11.398154,16.855314,110.890625,100.14118,100.33427,174.9252
39.46952,34.230064,62.750412,166.27818,171.32904,68.66763,165.65434
40.708584,49.477085,94.370285,128.42842,126.21246,115.78566,126.94802
35.086624,40.286903,69.31723,67.81329,70.257614,86.23632,101.662285
38.339005,44.329754,69.54049,91.05929,94.610466,83.371895,84.76082
37.05641,77.36051,80.582504,112.53211,109.88723,84.87617,80.446014
79.85476,95.00861,113.459724,112.16357,117.05998,71.67416,163.18762
52.55442,64.754395,97.920044,108.69415,124.0624,42.732307,114.946815
64.54122,76.61243,107.45202,102.30943,116.76567,51.685524,122.07963
106.147865,74.95224,81.17576,86.5984,90.17026,130.25287,22.524387
77.30359,22.576653,120.227165,67.92902,97.89394,58.894833,108.586235
73.50161,71.75194,109.942345,65.819084,88.29249,66.38451,58.23149
80.51481,81.26366,110.404755,69.93791,91.389595,88.04662,104.02439
7.1308856,44.51174,106.80572,61.244118,100.268036,155.26991,148.64845
65.035736,54.044952,106.78879,67.8709,103.18374,151.17119,145.26208
71.24645,43.83179,112.84069,56.47461,94.65561,139.64264,80.746796
61.2028,114.9042,96.63836,153.47762,121.08604,171.07317,130.4674
65.076485,75.67129,110.325005,65.71805,85.348976,89.838524,68.25237
70.190735,60.86268,107.30538,67.65843,79.23172,96.02263,59.486675
83.943405,72.01853,109.30885,65.12318,83.0585,112.76448,64.35027
49.551907,61.558792,124.839325,71.06097,124.105064,71.40701,56.14837
43.243946,61.697186,124.882256,66.75949,120.481,85.53736,54.24935
93.95549,59.895565,33.98847,63.758057,67.401054,113.007515,143.98103
100.6732,27.401686,89.54446,66.96623,90.64106,164.33464,127.225105
99.9694,68.86755,111.3269,64.0802,123.258095,149.74811,99.767136
99.9694,68.86755,111.3269,64.0802,123.258095,149.74811,99.767136
104.80163,66.89225,109.41653,65.477745,118.16951,150.72095,99.75627
63.99959,48.463932,60.974518,68.47494,72.85756,85.897545,86.998634
39.25877,14.40781,62.4134,48.652878,52.38743,50.51377,127.378006
73.598015,89.73872,123.146736,115.06931,95.12304,107.39494,149.31003
73.598015,89.73872,123.146736,115.06931,95.12304,107.39494,149.31003
75.96497,91.2269,97.331924,142.49426,124.354805,123.720535,129.87645
45.26373,89.619965,82.99362,128.87991,95.40308,98.44159,119.76575
52.34699,28.454033,60.775265,133.51408,93.3152,86.47216,101.75955
50.45836,43.94838,75.20848,110.37409,101.60586,59.991787,145.48283
78.717186,42.772816,106.732994,130.76352,143.35052,65.42411,84.604485
36.61073,32.628967,107.371056,63.44852,109.16818,90.97787,143.69824
70.65366,17.664532,60.095253,128.06892,168.09683,129.68086,134.61229
70.23293,29.95591,41.371563,105.043755,82.90805,84.22517,109.86017
35.232677,29.435146,77.99498,46.362247,55.233566,76.200325,147.30305
46.05951,40.314014,123.08014,42.354923,114.599655,98.382965,75.91734
58.568787,25.551594,92.69022,47.36904,81.60639,54.158085,113.99389
34.54859,48.032,111.94626,128.99654,132.29826,87.47219,124.45474
41.278774,74.28458,113.82367,131.73811,148.42151,84.15903,83.4005
58.50789,25.288147,53.78747,106.23497,145.83107,133.85243,140.19083
72.85758,77.3931,102.48795,103.7953,78.23246,62.24093,120.41319
41.63511,26.763378,105.58844,110.961845,84.5435,102.094444,105.30089
49.545536,71.80676,75.82655,61.07858,93.35285,63.804665,54.61071
91.376945,25.025679,83.24017,49.876415,78.13207,82.16348,82.15463
91.376945,25.025679,83.24017,49.876415,78.13207,82.16348,82.15463
69.29908,25.899836,38.625675,32.735256,54.894222,59.822617,87.59484
96.26416,55.596573,79.84381,111.837585,123.1665,79.72229,110.723114
90.684364,47.54988,98.52129,74.17703,115.01737,83.99962,94.02184
71.71592,40.699917,74.13586,56.845947,66.158356,60.51621,107.52215
96.58043,52.642014,76.28963,92.08927,91.43476,113.43385,84.73818
51.18094,46.769196,62.010937,126.77635,134.89816,140.23509,139.2252
60.118176,58.5111,70.378914,135.47253,116.61099,137.71727,134.1577
101.7628,63.079887,57.49353,65.43456,68.12295,112.67112,136.49376
101.7628,63.079887,57.49353,65.43456,68.12295,112.67112,136.49376
110.86254,83.110275,57.86861,66.08706,76.0317,141.25798,144.37366
104.4307,60.64474,62.909576,65.83846,84.94477,93.38579,129.26407
109.86792,54.23108,65.30542,94.18507,103.46126,115.19973,119.645935
52.341507,111.4235,70.288055,49.313904,61.48682,97.7491,144.85124
98.70152,61.94887,34.554012,162.20682,157.79639,101.375404,171.49031
104.45025,78.09003,35.84514,146.42233,125.896,108.695045,174.05818
105.1638,80.35844,57.02391,141.31003,140.54305,133.75098,170.11226
96.55866,74.6076,33.529015,132.65019,106.704926,102.86793,164.4679
98.72863,101.82383,52.802765,132.75803,135.07437,104.00362,124.57144
95.652504,95.26739,43.301895,135.4809,140.62225,96.753174,123.026344
131.45924,103.456825,86.84329,136.33966,98.7846,90.979256,125.24162
99.2597,71.10631,81.83287,103.51384,105.104965,118.1462,162.27907
88.25392,105.960915,58.744957,95.79116,122.68543,64.82213,155.58122
73.117355,89.34496,54.86844,112.21553,131.23244,75.53167,77.039215
75.507256,70.94437,60.71274,103.37061,105.230156,65.30711,78.30356
89.72732,47.98686,49.10655,104.60996,97.46806,102.339,28.660517
93.48731,48.68286,30.985077,122.64313,90.83912,107.440636,47.71576
17.661886,32.062492,46.433643,143.94724,158.42749,38.400875,114.027306
95.97833,23.316832,103.48862,84.22155,81.84119,142.80896,133.19644
82.586555,102.45089,50.31157,73.659676,67.29551,149.52441,104.355705
83.94192,50.92122,31.791178,61.16445,73.175896,156.12505,27.39298
47.317677,52.84096,151.99973,102.95971,73.631516,137.02843,106.53352
45.76046,52.839672,127.953094,140.70055,125.58733,129.07582,87.82789
33.29923,42.563244,57.40435,138.43958,118.61346,165.29321,135.39572
24.689535,42.79643,108.15988,123.438126,88.34417,164.6171,136.1281
97.153824,48.25402,95.43724,103.54198,123.27062,118.45487,51.324745
88.662254,18.340788,33.585804,102.98545,87.86593,83.6002,13.347215
94.53126,36.684258,37.12795,142.39745,122.96636,101.1359,25.960863
80.56066,79.46162,66.83643,105.607414,123.41466,80.281,79.84658
86.37639,40.18907,7.101167,131.57016,129.86398,68.707794,44.191444
74.46663,40.75543,6.4573126,134.1681,128.9186,69.40319,13.392836
45.24374,20.459948,9.858757,154.4596,146.34457,101.405914,142.33983
92.48427,56.702778,62.632614,133.61307,151.62958,130.89429,156.16095
106.29757,86.16272,61.435944,116.51742,113.07833,86.28669,170.35818
103.54431,36.669273,73.55326,66.70458,90.56455,106.08897,149.35016
107.62341,52.598476,64.92199,141.19453,144.42226,136.85107,159.74478
90.472,59.31021,52.20677,127.55304,142.27368,102.82279,166.40544
101.64944,64.94779,47.754322,139.4093,148.47263,102.2187,176.3989
100.74708,91.21308,44.694153,156.51675,148.67796,115.496414,164.07707
121.454185,109.65626,48.766647,101.65016,93.58001,114.412544,140.3968
110.40476,70.72328,79.87191,132.42177,85.55249,126.19005,156.13315
119.20768,87.424255,66.90435,165.46103,173.00029,90.22605,156.77963
118.466644,111.131935,50.658894,158.72713,143.04253,139.92961,149.92453
104.64558,88.293015,46.92564,161.38144,160.28188,110.01668,134.66238
102.05621,55.37324,57.99769,161.29877,165.09604,108.127144,150.83238
100.45548,66.02483,49.31502,165.8679,171.70714,124.32823,153.84543
49.077835,86.40262,93.669075,75.38218,59.693665,84.09151,156.33588
109.85003,88.53093,47.359398,141.00258,142.3105,147.16139,162.9712
108.98521,77.59889,46.258076,134.33589,131.53378,138.86325,163.04141
109.47317,86.98264,49.926052,126.30378,110.89058,140.35005,157.41339
109.02838,92.99056,67.453476,129.78038,145.44795,145.58342,167.81213
102.23149,90.895584,67.88377,113.63758,114.65594,127.67072,140.26929
112.666794,90.896126,63.64973,126.527824,132.35303,129.00723,138.04561
126.74627,79.879776,101.88164,133.1382,99.54839,118.00442,129.54587
135.21451,59.625614,45.414986,163.2542,156.48856,82.78047,119.63062
130.55255,71.76325,71.09621,113.780876,137.64317,117.11488,161.05093
72.53153,79.84301,44.18507,130.68762,147.41566,94.6043,155.5676
60.49006,41.248955,35.075127,141.05534,127.62254,56.534782,27.672222
88.22555,71.33585,60.801228,92.38819,106.81521,89.2401,73.792404
86.6447,76.6921,80.93444,93.22029,112.603836,90.35557,101.77199
88.48401,84.084785,77.72636,82.91054,104.81468,107.23259,109.64551
77.55392,62.710922,39.404926,74.69996,80.14426,101.13431,34.44319
22.38869,53.104145,91.34858,146.95369,116.33896,127.16792,93.497246
30.993347,56.969635,101.98097,171.05606,107.69971,43.29262,152.00755
50.138527,80.765335,116.794975,150.28307,125.88003,92.35173,83.47596
32.642117,67.54478,59.143936,130.34062,155.61469,155.31628,114.39337
21.715057,129.02509,90.76328,122.85431,78.22411,49.06571,77.07194
78.69897,78.50812,61.246426,126.482666,124.42905,120.62353,121.69171
117.60244,101.3219,107.09573,89.65285,84.47156,151.00848,132.77876
78.51863,67.59023,55.38767,103.80214,116.63128,91.1956,66.492355
71.1463,56.829952,52.828056,81.14384,109.209496,81.06388,40.148483
76.04779,80.25027,23.463299,158.01376,154.35771,82.350784,102.20916
29.037056,11.130804,26.001297,175.9344,171.73457,81.676735,159.1228
5.4047194,35.147903,66.175995,76.59718,88.5282,120.82548,113.44539
33.737164,87.67158,81.15678,91.40195,129.58754,100.99322,110.33755
90.91801,63.719097,65.18128,124.47394,128.95967,104.95531,83.787285
149.21698,89.09377,73.30378,102.45676,124.48032,81.956764,27.306025
46.909416,19.170437,36.938828,141.0544,130.19409,125.50107,149.98392
53.450542,102.133194,13.860553,153.46704,154.79333,102.89002,156.5827
99.99234,40.874058,59.02568,123.05249,139.55855,109.04342,145.74187
105.16118,70.57397,47.91844,146.1059,134.86453,122.64689,174.50319
106.32835,104.122086,50.566223,128.6747,117.47564,101.824524,121.78674
114.282845,96.58523,46.340305,81.19069,75.31117,113.91218,161.47028
135.3119,132.50314,50.0878,113.83848,90.08267,85.60928,113.04875
117.83169,106.99302,49.54631,156.20749,137.52534,70.67316,151.53316
107.74402,102.55942,36.64577,144.87323,118.453995,112.538025,153.33076
102.48802,92.97747,47.247517,150.93567,153.04008,121.86531,150.58424
112.88955,72.017456,58.236702,150.0985,168.19826,73.94444,156.105
94.10979,73.27104,69.99057,166.17665,146.97537,117.235794,147.59149
107.08169,66.535126,50.825806,174.25139,169.12946,141.2967,154.73589
111.657425,71.8477,56.067463,171.60413,171.74261,141.54659,158.17358
119.35168,113.888306,106.21654,90.082664,120.78984,141.54704,104.88659
112.67713,83.41661,54.647274,150.89917,168.42944,153.67531,172.06879
110.98561,98.376976,78.160934,122.38196,132.08716,139.31966,137.57654
116.791954,88.74218,68.09387,129.9738,145.7511,153.99304,170.38058
108.529205,96.12227,58.86676,122.67262,132.6151,106.26947,151.56485
101.70273,89.694405,62.944122,119.78479,136.45349,74.26599,142.73273
80.16332,40.718224,50.03742,128.07814,142.84375,95.67641,158.33772
94.72022,77.12638,51.052757,127.82795,147.1873,125.20463,164.03458
91.07753,41.984,7.8697085,169.6506,173.40257,143.56062,156.82307
15.945035,39.71482,30.993813,135.04022,144.16362,154.07162,148.22711
25.688623,57.902428,19.417688,126.56778,110.40761,148.97409,111.66349
15.539033,33.376648,6.274605,142.31984,146.64107,157.38333,143.76399
54.192577,106.00143,47.6155,134.33089,97.92559,53.481537,89.44476
35.733418,80.059166,60.69082,139.98306,122.114815,158.71645,130.17023
22.194717,79.54257,45.3047,125.56412,105.2447,84.06099,62.30848
59.60846,138.519,85.46824,150.23907,101.473625,93.60811,91.451195
94.8902,40.72478,48.695286,119.97433,104.90205,139.73602,130.78308
28.343878,30.720327,31.001137,164.48128,139.60292,34.698666,94.087296
84.64985,42.209778,24.910553,151.89148,143.12788,74.679436,21.56653
76.262405,14.243052,25.204802,172.32785,177.11797,108.72987,127.94478
52.164043,29.490328,5.485051,177.98422,174.5555,138.4998,161.3095
55.63173,14.411776,15.236988,172.30304,161.13278,96.30682,120.57782
46.977993,69.73982,96.07114,68.83104,61.025864,131.06763,143.49303
110.39713,138.96606,35.590565,130.98091,124.54858,158.66898,154.36096
29.119228,124.232025,59.911064,136.24129,153.14441,57.16019,153.93906
27.442198,92.8693,54.2781,69.695435,65.04506,106.52588,123.030525
70.03174,45.057613,80.18365,96.36467,108.99475,138.82338,167.04152
104.58953,78.411285,97.496895,46.83883,25.93452,128.95448,161.54562
117.71188,63.44465,75.62543,22.547665,46.44724,155.07198,160.25107
59.652172,37.344418,37.349773,54.22673,62.592007,107.31819,109.88187
64.3434,61.14717,31.668324,126.26954,123.04945,108.53977,104.006386
55.91017,50.366108,31.22659,128.45161,128.65524,103.02303,94.84059
62.301266,57.80136,31.802443,120.35495,120.72499,109.204254,103.87138
60.053192,54.278275,33.08277,121.82293,114.83706,106.15086,99.506
56.956314,51.07097,34.323685,115.16021,99.43094,107.23479,99.32921
58.708828,56.63014,31.787367,103.65237,91.931564,109.86881,107.14889
53.29989,50.133358,33.84701,106.37697,90.41874,107.54254,103.14854
54.294807,50.74355,30.430462,91.53079,79.29569,111.15133,105.74471
61.167263,57.221954,29.844486,85.799644,74.07372,112.209946,106.886314
65.02921,62.56356,27.199795,75.78914,70.37137,113.407906,110.43978
68.940796,66.75321,26.916199,73.10959,70.054886,114.47671,112.111755
73.550385,73.09003,25.74815,67.943184,65.14763,115.473755,114.37837
73.6211,71.74012,25.020374,64.93776,63.773746,118.31578,117.62742
76.129326,73.39673,25.907707,66.22753,59.896885,117.55917,116.43516
65.26476,62.566277,27.184063,67.68605,63.30013,111.08155,109.8224
71.38655,68.832184,27.050226,65.238,59.171524,113.83599,111.528366
90.66409,88.81139,24.747454,59.663742,54.654663,123.01807,119.67521
87.64243,84.4398,25.216099,58.56285,53.632645,120.36592,116.247955
80.35466,79.255714,24.104038,55.963215,53.98696,117.807274,116.12704
84.23322,83.20782,23.815193,55.252876,52.695686,118.05689,117.04106
86.4639,86.10413,23.719566,52.61145,50.056618,119.58095,118.90749
87.16504,87.32654,24.011301,51.48772,48.168594,118.913475,119.50919
87.93876,87.739044,23.036346,48.21731,47.358532,119.90752,120.06278
93.46177,92.865715,22.190233,44.507507,43.975624,123.31048,122.7221
89.24896,88.31117,22.626184,44.411884,44.45091,121.47096,119.86582
88.57073,87.099976,23.43957,45.35269,45.11571,119.61715,119.552895
88.40502,87.49988,22.992119,43.649807,42.90345,120.28047,119.09943
86.42901,85.64391,23.893652,43.558735,43.762177,120.084175,119.12881
85.143196,85.37288,24.48105,44.924843,44.17872,118.59789,116.985756
86.15163,85.40939,24.495605,44.174404,43.512177,118.37158,117.09843
87.19859,86.36425,24.295547,41.39855,39.80741,117.9323,116.72383
87.11413,84.97922,24.183907,41.598907,40.170483,117.40207,115.54935
90.14971,87.99034,23.588297,40.07028,39.5718,120.68803,118.03552
89.57971,87.12829,23.74678,40.054592,38.443745,119.576675,114.88657
92.77856,90.62319,23.961174,38.777054,38.485962,121.37352,117.66889
93.298035,92.59261,24.161257,39.515205,39.62184,120.96495,120.05062
96.84034,95.661865,23.642967,36.98994,36.417892,124.26588,121.19357
95.67178,93.99508,23.688501,37.166958,36.28051,123.1888,119.84026
98.376564,97.33142,23.124027,37.18963,36.522297,124.661766,122.14615
99.17575,97.39634,22.368456,35.68298,35.11307,124.56767,121.41994
98.25438,97.07321,23.059908,37.14848,36.412785,123.78357,121.601265
97.47183,97.428764,23.567976,37.96022,38.008904,122.34409,122.550934
99.49059,98.44851,23.398912,36.32327,35.25487,122.021034,121.15967
97.40137,95.570526,23.47346,37.06118,35.946335,121.69862,120.45791
98.15711,96.433395,22.93582,36.282207,35.161377,122.13061,120.7296
97.74203,94.72269,22.784061,36.34661,35.408203,121.61851,120.06365
93.307274,90.932785,23.542492,37.968815,36.56738,120.412674,120.06417
93.883995,90.54211,24.722897,37.615635,36.11516,119.73378,118.68355
100.254814,97.54879,23.770962,35.68066,34.278824,123.42026,121.736725
98.200294,95.03835,24.082481,36.33025,34.398544,121.21129,119.08956
99.38329,96.826645,22.918339,34.257465,33.76895,123.896835,122.77686
98.14318,95.57684,23.038948,34.096104,33.66132,122.97243,121.713196
99.20958,96.37711,23.682457,34.390564,34.36464,121.89443,120.99597
97.57702,94.669815,23.37805,33.952415,33.88027,122.235405,121.19995
98.81502,95.977234,22.929008,32.9334,32.73806,122.580345,120.86691
98.38056,94.91934,22.85122,33.070683,32.95653,122.81477,120.42489
98.90042,95.55729,23.00574,33.285366,32.80991,122.70466,120.13011
100.272316,96.500755,23.167332,34.387363,33.07723,122.639786,119.68107
99.35648,95.76082,23.06684,34.608444,33.904316,122.7156,120.49543
98.61964,95.3375,23.142849,34.09898,33.623207,121.61572,119.935165
97.61497,94.239,23.525457,34.81065,34.139275,121.91507,120.19344
95.901794,92.70308,23.136427,34.14505,34.01012,121.8495,120.37007
99.42333,95.44994,22.847473,34.837967,33.466434,122.58072,119.98566
100.356926,96.14164,22.756718,35.2012,33.90577,123.702644,119.68741
101.42957,97.4882,22.33033,34.501297,33.72995,124.51303,120.576546
102.83785,98.29361,22.1963,34.560947,33.330215,124.80487,120.39316
101.34839,96.738396,22.412725,35.048225,33.264248,124.019005,120.55994
100.921036,96.09781,22.187042,34.94607,34.24641,124.21261,120.75063
99.470146,95.17135,22.637579,35.33045,34.77738,123.17745,120.62025
99.5407,95.16106,22.456842,34.202084,32.959053,122.74639,120.07767
98.92037,95.03867,22.980244,35.08391,33.92972,121.84824,120.14592
98.67555,95.128174,22.833597,34.638683,33.543182,122.60372,121.05794
96.95522,93.907135,23.231865,34.972206,34.309113,122.84932,120.0103
98.06756,94.469475,22.90512,33.969994,33.372932,123.081345,119.7063
96.45109,93.29257,22.865005,34.47404,33.759727,122.77607,119.16173
96.823456,93.48417,22.681849,33.834404,33.294876,122.53911,119.74793
99.04232,95.71609,23.00759,34.80951,33.62213,122.73229,119.69533
98.980545,95.68699,22.651567,34.669155,33.197895,122.36584,119.12535
99.177986,95.95913,22.391676,34.49152,33.650097,122.979515,120.7184
95.9435,93.156906,23.265018,35.440228,35.32977,122.46033,119.88447
97.71646,94.758675,23.43454,35.754604,34.81116,123.12631,119.79808
96.332275,92.942116,22.501806,35.179073,33.897373,123.237946,119.882706
96.98694,93.86413,22.816025,35.953785,34.357864,121.71757,119.845604
97.7953,94.98172,21.943094,33.646904,33.37318,122.66172,119.27257
97.14547,95.30779,21.92415,33.608646,33.90016,122.95608,119.79832
98.3736,97.72502,22.177969,35.257458,34.77922,123.70304,122.51584
96.963776,95.49704,22.774782,35.991264,35.893723,123.64094,120.494255
101.000565,100.18683,22.651417,38.346848,37.143795,126.79123,124.13019
97.510506,94.747795,22.79063,39.36817,38.288048,124.0376,121.98209
95.40265,94.37053,22.81209,41.13566,40.306805,122.01151,121.709595
87.96386,86.89007,22.324936,43.52698,42.69597,119.85103,117.7489
90.38975,89.59926,22.690739,46.80393,45.127377,121.395515,119.59888
92.571205,89.23368,23.314606,52.761528,49.230774,120.96576,119.3434
86.84121,82.26581,23.881035,57.38071,51.099266,118.52227,114.48036
69.50619,66.16432,26.928267,67.05267,61.464474,112.07515,112.73485
67.96693,66.745346,29.055948,74.47785,72.34345,109.82117,111.71936
65.73345,62.419197,27.603617,71.607956,77.41127,110.27735,111.4946
63.197956,58.034782,32.174313,94.81343,86.86259,113.939,108.0817
59.978092,55.281616,32.67075,104.66273,101.78918,110.03479,104.87107
67.99638,62.444523,32.455276,117.38754,114.900566,110.93906,105.878296
62.372654,57.09679,32.53514,135.00272,127.7621,101.79487,98.94139
61.87542,54.380398,29.588818,147.82573,142.01794,104.502426,96.40552
57.53184,50.692005,27.077805,148.90671,148.96088,99.75384,91.6214
54.287434,48.44191,25.80333,146.88968,145.11449,98.442,90.56371
53.33449,45.81208,26.336706,147.51909,151.9321,98.11859,92.33466
55.065857,46.827988,25.687773,149.71468,152.0659,98.89716,92.033676
54.868553,48.600346,25.531254,146.80177,150.35735,101.24963,94.6039
55.166813,48.445473,24.902393,147.80977,149.12708,101.05886,94.81616
56.6201,50.09633,25.108341,148.22224,148.00806,101.529495,94.39585
55.583103,50.302284,25.7159,146.92851,145.32573,101.64731,94.67759
57.557503,52.28207,26.077831,148.22281,145.64299,102.11209,95.086784
58.05194,51.697655,26.157993,152.55875,151.01302,101.60481,93.76024
54.121624,48.31558,25.347187,151.59056,152.67097,98.91819,92.04815
51.91672,46.08421,25.574553,149.65878,149.6885,100.291794,92.45528
53.035854,46.744144,25.20646,150.54109,151.63922,99.2306,92.58226
54.605423,48.6056,25.305817,151.65851,152.28728,99.20233,93.49397
57.753624,52.73167,25.630909,151.17946,150.72585,101.88272,96.06436
57.51487,52.87855,25.517471,151.24907,151.38165,101.94778,97.52187
56.19286,51.407135,25.194447,148.79689,149.34659,102.63599,97.43569
53.894405,48.498924,24.953255,149.39442,153.1703,101.663445,95.44017
56.920944,52.494537,25.121504,146.88829,147.47166,103.27255,97.5047
55.71535,50.697113,25.774553,147.04866,145.91026,103.40173,96.4516
56.431435,52.229214,25.323452,145.3538,143.6557,103.77608,97.94239
57.319294,53.09256,25.749983,144.58348,141.99042,103.91096,98.98035
55.02973,50.750603,25.848812,144.51224,142.19803,103.45342,98.14745
55.6052,51.615414,26.109976,146.31569,144.50536,104.48807,98.98708
56.40704,51.577797,26.139875,148.34706,146.8536,104.53802,98.08636
56.845085,52.730892,25.639322,148.56425,148.15079,104.79367,99.81611
57.084064,53.152176,25.991606,148.1331,146.46695,104.04145,98.19662
55.106304,51.625713,26.240204,145.71512,142.66444,103.53841,98.53598
56.601242,52.922718,25.839169,146.64653,145.34726,104.97943,99.718864
55.331543,51.42001,25.883936,145.65596,143.75479,104.52006,99.16268
57.508858,53.089985,25.265577,146.29842,143.62341,104.63897,98.77987
57.3302,53.109226,24.902273,144.35483,143.89212,103.96276,98.18504
56.99891,53.034256,25.467268,142.54486,143.3966,104.522125,99.42679
56.38348,51.98237,26.148718,146.72049,142.56708,102.52417,95.26882
57.272083,52.74885,25.451918,145.11133,143.5824,102.58984,95.55402
57.725307,53.46156,25.428886,150.21567,150.12793,102.75638,97.4252
55.298874,50.431427,25.012468,146.08684,145.64769,103.24429,96.96839
57.5121,53.936253,25.633057,143.53082,140.98424,105.370026,99.26766
58.72707,54.851784,26.080015,141.04695,141.42455,106.035286,99.096405
56.55959,52.511402,26.010395,143.15836,145.09543,105.61845,100.66207
65.36565,62.027977,26.994507,143.0592,140.09337,106.959755,103.338554
56.935654,51.685913,28.03967,146.21556,143.73495,103.75038,96.921814
62.753807,58.73202,29.517365,145.31905,140.40002,106.57248,102.30208
66.24645,62.52934,29.634144,141.22484,134.90009,108.80234,104.54982
63.840908,60.003094,32.33563,140.78685,134.57368,107.29622,103.87405
56.107296,50.08127,31.944592,141.69284,138.01678,102.11407,95.152
65.59904,61.40306,33.97772,128.02567,116.85693,109.17894,102.308975
63.28558,61.18856,32.219044,112.61511,110.426544,109.012276,105.66836
59.360863,55.65267,32.420708,110.03449,108.13014,107.552345,101.12182
61.86119,59.08416,30.509575,92.70968,86.3082,111.5921,105.417465
62.112724,59.370323,28.874193,83.678696,81.42197,111.60264,109.08984
76.69109,74.41163,26.107277,70.39923,71.17859,117.153175,116.21226
70.23307,67.37309,26.627724,70.80915,68.70286,113.59043,112.003
74.27694,71.05996,26.519073,68.190445,64.482285,115.08546,113.15365
79.98474,77.35302,26.516405,67.37976,61.0382,114.94425,113.91222
82.772606,78.90575,24.664644,62.44937,56.99601,116.14223,115.644875
86.85356,86.035675,23.615753,57.755695,53.73086,121.00392,119.97459
85.01378,84.03477,24.178047,56.96073,53.198753,118.372665,117.99913
88.24988,87.147316,23.116573,54.577206,51.387177,118.57171,118.61543
95.05103,93.75563,22.470133,48.95019,46.915268,122.292,121.79915
91.08528,89.39128,22.788885,49.005135,47.04005,118.67773,119.22092
90.961365,87.7753,23.348114,48.095516,46.540367,120.474884,117.52364
85.68299,84.99134,23.842445,47.63286,46.500046,117.78422,116.20087
87.176025,86.09358,23.74839,45.50743,44.298916,118.66746,116.42438
90.05276,87.707565,23.721834,44.828312,43.19722,118.99406,116.96651
93.50915,91.56272,23.261465,42.11012,41.099323,119.78826,117.95255
98.39184,96.19361,23.181927,41.949753,40.328083,123.70681,122.61091
98.5661,98.388405,22.293783,39.888397,38.33777,121.430374,123.653755
101.09561,100.04328,22.540117,38.693493,38.4996,123.18787,123.38676
94.039894,93.08933,23.04468,38.27037,37.7697,121.348305,119.03079
96.71972,95.420944,23.096699,37.324207,37.131058,121.47301,119.754776
93.703354,93.421646,23.005642,36.923683,36.484573,119.78605,120.74984
97.307686,96.97285,22.798336,37.4349,36.51955,121.098946,121.46824
99.36065,97.52459,22.842985,36.918644,35.370415,122.2877,121.40499
98.1692,95.44957,22.924618,37.115795,35.67399,122.880806,120.507126
97.49942,95.28589,23.156261,36.291077,34.38449,122.07539,120.31118
97.81624,94.47277,23.172703,36.51123,35.41656,120.09073,119.59084
95.58453,93.07423,22.923126,35.875748,34.520065,120.89251,119.64034
96.9639,94.23296,23.220858,36.399395,34.86033,121.9479,120.55767
95.28043,93.16103,23.380777,36.55299,35.45083,121.789764,120.56548
98.36008,95.82337,23.68364,36.98506,35.595116,122.08361,121.3068
96.82706,94.19519,23.909288,36.341072,35.584766,120.14133,118.47423
95.71772,93.15979,24.085394,36.872456,35.749283,120.12994,118.62113
97.5383,94.452034,22.983742,35.97058,35.122746,121.59297,120.10987
96.53838,94.03001,23.189768,36.43911,35.649754,122.10812,120.46939
95.992355,93.72256,23.081972,36.344692,35.421898,122.044464,120.41502
97.11457,95.04403,22.79525,34.117218,33.10868,122.65134,120.593864
98.795715,96.317215,22.993748,35.020473,33.81693,123.20307,120.67719
97.55171,95.42704,23.034111,35.009045,33.935944,123.172485,120.98788
94.76169,93.350395,23.398525,35.356197,35.404152,121.57444,120.53581
98.14159,95.199776,22.620209,35.7159,34.47733,122.259544,120.70968
96.45799,93.20367,22.570498,35.36863,34.30634,121.5328,118.77462
97.159805,95.374825,22.401758,35.32274,35.034847,122.1391,120.85373
97.238594,95.26876,22.552988,35.37653,34.535652,121.74862,120.00716
95.7058,93.69841,23.131733,37.663296,37.506447,121.589,119.47956
98.25797,96.131195,23.616144,39.47263,39.043396,122.83076,121.10681
91.73734,91.49097,23.728361,41.06171,40.35656,121.094055,119.3902
94.54335,93.60339,23.538004,41.941673,42.343163,119.90562,120.59313
86.881775,85.14985,23.74459,45.906483,45.33122,118.57164,118.533295
82.40764,81.919334,24.95366,49.050713,48.515446,115.3291,117.087006
75.138176,73.79903,25.30263,55.54042,53.528175,114.21208,113.13718
72.88879,72.812325,27.340725,63.19926,60.953068,110.338486,112.12801
71.19648,67.992645,25.826668,64.36122,59.241753,114.67412,114.26377
64.532974,60.712498,33.629913,101.936485,106.74174,111.491875,109.12621
62.152824,76.82203,99.34996,167.57893,172.43088,150.93333,153.01503
115.90578,34.56833,80.89766,165.44801,161.38516,113.29574,170.08469
87.1893,34.44033,48.150524,163.4862,165.9344,134.13522,157.70575
85.917404,45.00457,74.196815,161.97153,160.28014,124.86708,173.65991
67.68005,40.33511,68.968216,157.64267,159.96704,116.750465,171.64723
55.788105,31.510645,53.666885,163.14262,165.59395,130.64668,163.56332
58.95046,41.32113,56.334576,154.77216,162.87575,132.09975,156.62238
70.39422,46.420456,55.217365,152.38142,161.55356,125.3491,159.48317
65.79402,48.9186,71.77827,144.47289,152.28078,128.21393,158.93633
93.19196,56.662643,80.44913,137.79884,147.18915,122.244316,156.66058
75.450294,53.184822,76.26167,142.07312,153.48392,115.132805,141.64449
69.93586,59.440292,76.46534,142.4014,142.34149,109.420364,143.75381
73.682304,32.667,63.86749,143.0037,147.38095,102.37896,155.53082
25.767042,27.971518,73.42871,130.57777,167.12155,150.77713,148.21056
47.50962,43.79602,54.469257,151.1129,156.402,128.18378,86.02253
38.75167,31.25347,44.058563,157.9349,154.84555,142.75636,162.99762
39.938084,38.22493,36.938927,163.93045,162.25438,124.3579,151.90657
33.78371,38.174404,49.264233,165.06282,168.77933,134.01463,123.93753
104.57847,49.217384,49.629917,158.99464,160.61365,34.344204,153.8395
55.65182,45.26191,67.49323,160.45316,152.57915,109.77609,74.8511
72.00455,51.56062,67.71255,158.20961,161.76039,136.91818,162.82022
71.394516,54.295906,79.96867,147.35579,159.92427,121.309784,157.20552
84.17605,47.419968,66.56311,148.79878,156.36282,158.38269,165.93875
77.65682,48.518616,65.13428,141.51727,149.14326,147.8475,159.79741
92.72567,57.2309,91.59532,135.78099,151.8147,136.10983,161.7307
119.694786,108.77797,25.212482,105.38227,64.512375,148.79132,125.39166
130.21867,100.67496,32.81786,109.77429,84.62757,161.85814,118.148056
119.810524,105.51462,44.28756,102.46314,88.60774,153.15494,131.7804
127.088066,92.666245,25.482288,116.22909,79.822174,147.55067,98.52924
68.89204,74.22338,40.911648,160.1635,178.73698,135.2413,150.81949
70.856895,73.05765,22.772373,165.65688,178.29405,133.01416,150.63765
62.84238,68.68804,18.40892,172.03696,176.41225,136.74539,154.2361
74.4665,70.70995,68.6614,147.08435,160.5813,132.92877,130.45163
70.227005,68.95639,24.10879,165.71097,169.9119,134.63208,148.59015
68.223206,68.93459,22.662224,175.00209,179.15187,135.81255,138.1131
63.04476,54.884182,18.520994,165.93306,175.33713,131.80365,126.69074
64.64838,72.33533,22.143602,157.00755,165.46599,134.05768,149.80595
63.111176,81.602295,13.579138,142.08827,149.20981,131.55765,162.52258
68.134285,91.97434,21.723907,146.91179,155.72939,134.94223,162.64696
85.666405,92.50532,26.15429,148.09235,162.50978,142.93329,161.5073
79.88443,82.520935,30.68933,145.62064,168.17088,140.73372,146.17805
65.13527,84.32926,11.093736,130.96191,152.4667,143.18483,163.91397
73.32818,92.092186,10.567362,121.26342,139.77611,143.2821,161.40785
72.742134,83.5742,17.158714,136.25668,150.24475,136.45518,164.96002
74.20477,96.016396,18.957159,99.505264,130.02792,144.63904,162.6389
78.405624,95.47143,29.28533,135.12567,162.1687,142.73817,164.6769
95.11218,105.7897,18.146624,166.14879,164.3227,139.25063,150.57979
68.909065,84.33459,12.644778,163.16122,165.40405,147.95058,161.327
25.175684,52.754726,5.555061,168.90726,164.33226,80.97778,140.72348
43.430504,36.619743,31.405693,155.27446,143.45563,68.31946,130.58372
36.22208,30.730642,22.349924,167.25749,150.00479,97.143394,119.66133
21.787996,31.755754,53.186604,164.73389,135.1587,118.04256,139.02977
30.985281,21.92931,48.24562,169.33469,148.64296,128.48364,138.24776
28.992165,19.94577,39.446827,173.05875,160.29584,135.81137,136.37
24.061699,36.886105,18.540401,165.91412,156.42189,110.4341,135.73988
25.514126,2.627337,21.261108,173.28287,170.56538,129.43472,122.98483
17.778162,18.440247,21.512636,172.90341,171.18318,136.96315,116.36714
14.047887,11.0283375,5.445321,167.46579,165.25764,117.46698,157.83333
36.909355,30.780174,25.950188,178.34035,171.92235,82.7735,129.98383
39.424404,26.534786,32.339832,165.03067,156.4145,118.34856,132.37779
41.360077,43.39804,45.554035,176.41519,151.54251,123.39083,128.62975
39.01639,32.083134,41.371372,171.06918,153.52638,133.73682,136.63416
52.70126,32.507614,36.099445,168.24712,153.08173,87.91752,136.73947
56.470142,56.994736,55.186604,158.44867,127.4341,95.74278,119.52777
48.12312,57.022797,65.58209,156.47835,110.46427,81.698845,126.604515
58.437893,19.36554,42.89312,162.2712,135.32465,137.9436,132.2002
44.04195,25.076595,37.495796,177.88824,169.32637,149.2886,138.73141
134.26305,67.7454,95.349625,101.12851,150.42096,40.654114,28.833307
49.688473,64.323425,10.601255,161.49191,152.61534,90.12722,102.00523
29.214552,23.266333,8.703779,170.49495,162.79791,89.08286,132.7529
40.38191,21.578613,55.61801,146.6465,109.82522,84.82873,136.20546
32.493767,23.65778,43.842556,156.18103,120.55794,92.23895,143.69269
29.846668,23.343315,32.105427,158.55836,130.64519,90.98677,137.47568
27.051556,29.477074,11.705398,167.20465,155.11266,86.81258,112.02851
82.67206,65.203255,12.088762,177.9215,173.96492,141.69005,105.05129
59.507828,70.64175,46.70531,148.68613,165.61581,119.374214,125.22206
107.40841,50.98963,6.7719593,161.72594,166.29938,138.16719,127.372856
99.99155,84.41523,73.26801,97.68171,116.94273,146.74652,102.527534
76.00077,146.43547,22.39941,91.29052,81.15464,122.326035,143.60547
86.16417,149.89789,21.004902,99.71297,88.59563,126.0428,152.0315
69.16539,37.96686,10.35957,151.45499,176.3482,140.33673,145.16951
63.190483,16.951427,2.470609,148.62581,174.34341,132.45328,132.21527
85.25727,18.787672,63.60493,125.78787,141.47507,130.66104,43.323517
69.55123,11.698376,85.547775,56.00983,129.347,134.0145,108.66519
57.405045,28.931396,70.952286,66.84817,126.218254,112.6924,90.32415
59.836075,28.100391,111.64121,52.51665,142.23288,122.938354,97.450676
71.22484,28.179983,88.039764,172.1549,142.71758,128.5902,107.12646
81.856964,71.00149,25.010942,171.37204,168.3184,129.03554,114.745
73.5427,50.826702,32.16058,163.6382,174.00148,132.40047,117.44228
74.309555,57.62278,30.083796,166.48227,164.02522,143.79198,127.45271
70.89309,57.205345,16.173496,171.89423,177.1292,141.0151,136.67863
66.1017,64.410904,10.75281,177.03905,172.3919,126.98611,132.61284
73.21897,72.15881,18.783726,147.1623,141.99257,133.7543,128.23541
63.914906,42.23412,7.557124,163.76314,171.1706,112.965355,113.122375
91.47696,26.606747,95.19587,107.51418,152.92451,139.72366,99.355515
69.46529,31.11208,15.489994,154.11823,167.77086,114.273224,94.933586
77.575615,57.640026,12.753771,175.68733,170.87027,125.76309,135.42613
64.80551,3.2560606,30.867905,154.69472,172.9042,111.18697,59.31627
70.92428,47.802773,4.228784,158.31271,173.85419,130.11665,116.603615
71.81737,75.77726,36.611572,172.15494,170.98259,138.53308,139.8021
95.2975,73.37419,81.0568,157.87518,155.5787,124.247215,123.72186
45.726715,51.50733,13.734958,176.01817,174.89511,129.94167,131.98538
72.27527,61.538258,47.42444,164.20706,170.07283,132.91881,122.196846
72.55416,77.312386,53.59644,171.78934,165.25381,128.9977,132.43741
77.22674,71.88947,48.606552,178.68137,157.36537,133.77666,136.47787
68.88464,71.07801,42.623398,175.05965,170.43846,118.501495,134.77567
59.28093,61.25695,35.41033,170.73749,163.7697,121.42846,143.43741
65.71673,81.30734,59.121532,166.0372,162.33119,123.6623,143.52824
83.326355,67.78963,72.633415,168.61177,163.24898,127.44725,123.44762
65.52132,70.15206,70.3908,150.3364,148.85393,112.09471,134.70784
88.2863,64.608925,79.96035,165.81381,154.3148,141.15968,124.52598
81.88136,67.96516,67.083885,146.81807,165.12161,124.75161,124.02708
104.727486,68.298546,78.90574,133.13701,143.80821,138.23598,109.9922
116.13527,84.47169,64.210205,130.68263,137.31346,142.71162,121.56675
132.00513,78.565834,55.42153,107.80311,97.03993,147.5232,107.29972
63.92759,26.17527,19.263546,138.71484,142.07979,131.86081,90.003654
62.889046,41.59222,32.56148,166.06384,173.91133,133.59343,17.03712
68.54079,69.653145,17.514603,162.16052,172.63744,147.57005,149.42252
67.93408,50.347427,61.29026,145.17409,153.10504,135.40132,113.12332
77.389885,14.582861,52.57057,131.54886,125.48983,133.78696,55.274403
91.26478,66.60904,15.565159,99.96232,86.17054,147.99107,33.330315
120.81516,111.07751,29.62616,91.13309,65.5142,159.98325,130.2082
68.34512,45.0884,28.88784,142.75375,149.23067,133.4512,108.886734
68.2102,62.61931,17.75188,117.5136,126.68767,138.19296,129.00424
69.72451,73.03034,32.74382,172.52448,170.33855,137.97937,142.55719
82.80571,95.77952,20.110828,115.29774,123.60646,135.30106,157.33308
88.36312,93.342575,16.584414,100.923256,110.40948,135.22096,144.87914
79.02617,86.13348,12.660728,98.08738,105.46415,130.32848,139.0993
86.7027,80.73442,11.672579,98.64421,117.32445,138.17699,134.13329
93.65566,83.146935,13.772162,88.00757,108.135506,134.6082,122.634186
24.124176,76.23026,14.337272,163.6376,165.54605,79.75913,142.6309
41.48284,55.460144,23.152916,164.10838,148.68985,85.0237,138.01878
41.176666,61.865086,69.808815,78.290474,58.478035,71.60817,131.45746
40.123737,35.15623,31.053617,163.1242,142.88185,84.21216,111.6651
50.68967,33.97013,52.900635,161.47324,124.768715,89.00515,123.593445
67.34965,18.380394,64.27003,165.5745,145.21646,128.11041,139.94313
31.992092,27.720652,58.313194,169.61807,146.36476,120.994514,141.40224
26.87618,51.58673,41.177513,157.73045,159.35442,100.34745,113.71259
16.458305,11.86694,13.115693,172.98694,169.6118,138.33917,139.81454
14.9108095,33.343544,41.426888,156.45526,155.2919,116.92148,103.51875
98.60012,56.60348,114.093506,91.85289,111.34692,78.051,71.33362
23.49646,27.212978,28.243902,168.75806,167.57278,104.973045,131.36789
43.59369,115.74346,45.259686,147.25659,142.73509,162.83842,87.99149
33.744926,28.405018,48.816227,164.50229,144.70831,104.77379,135.624
33.083534,31.729385,27.05803,171.14478,160.65836,151.17911,139.17404
63.794296,2.781293,32.58797,164.13072,150.64671,80.8145,141.56287
17.95156,19.913229,33.875122,171.77888,161.09953,122.4216,141.94833
52.057526,22.755207,22.811499,173.77272,161.84558,147.4559,129.79787
41.87508,22.654165,40.54679,174.53395,155.63412,157.10559,133.66385
62.35621,38.668095,37.070656,165.87875,142.28607,132.78198,122.0714
109.56532,33.135025,88.70795,64.62003,98.432,35.576733,138.83446
44.04384,22.771484,31.67542,153.50362,134.05334,99.48958,132.39368
28.024761,37.52147,14.682817,175.74457,173.02356,100.29007,94.8458
22.823635,41.493206,6.4786854,171.76102,168.52611,93.717155,136.3119
28.3038,36.77509,20.167465,174.38402,169.23691,99.62053,93.863495
26.111217,35.93898,35.52384,165.79793,146.17258,80.782394,130.10898
59.466778,31.269926,65.90919,169.88861,160.3763,104.08622,109.17139
58.09448,38.272976,38.251984,179.28098,151.31615,116.33986,108.02057
56.51291,21.201809,16.6078,166.47035,166.9567,148.51231,157.3511
63.89982,14.573404,7.6815805,146.098,155.63391,112.70118,103.541916
90.85611,49.394867,19.63168,92.38192,88.80307,140.4405,60.748764
86.1636,35.005085,30.098562,75.132225,74.82562,135.83565,47.32457
40.454502,36.52232,17.248247,100.73081,79.205505,128.305,122.076225
79.19467,68.17171,29.60155,120.549934,114.49091,134.81186,52.40071
56.77387,111.564125,44.973907,150.48668,143.31734,112.7831,151.6215
76.33379,80.47951,13.392143,154.87743,167.9171,146.17162,128.27718
69.4118,5.240001,32.612057,171.21814,176.74368,122.86586,133.97694
58.87261,70.73767,49.613407,168.68361,164.79837,117.56719,133.74881
67.443306,68.38565,16.836847,171.94673,167.98436,139.10555,135.19821
59.05253,67.15751,16.549082,176.38567,177.28508,136.11133,141.05934
64.97592,72.22262,23.58693,174.3218,177.43965,137.88643,148.57094
56.483044,59.359867,35.927006,173.45447,173.48587,140.51196,132.50523
66.85207,18.76536,48.943638,164.10574,173.32649,140.74931,33.91875
62.78092,9.440983,43.36313,172.01437,174.94064,143.4004,54.16294
107.57482,100.21454,33.34818,107.82142,123.587036,136.547,135.50806
71.50702,79.02127,54.440903,154.32115,156.51122,124.81149,131.72787
91.12229,74.52184,78.10571,163.99345,143.32127,131.25464,131.464
63.381638,81.76727,70.83613,163.77924,155.61327,105.838295,124.5587
79.201614,86.475746,46.672623,169.60951,164.85507,120.910706,129.83261
74.08659,76.906425,24.11562,174.34348,168.34138,122.73527,141.168
51.685757,93.77415,79.709335,157.43921,143.2775,97.34618,140.70071
62.092182,80.0872,75.99375,173.19205,159.57416,125.088844,136.53519
75.09092,82.7479,67.231476,177.7993,163.39435,131.78,137.44037
49.576763,22.100988,32.052753,104.8231,116.92827,143.4573,150.99121
58.334724,45.646847,36.651947,76.64945,107.87044,143.67545,158.19284
84.48318,25.398233,66.08967,129.44629,141.62424,128.45474,90.003685
61.66545,24.801977,41.57322,112.443825,158.95355,121.274376,137.6903
78.39005,49.738342,53.407646,142.9866,144.45343,94.70403,119.783165
61.123863,64.9007,63.395096,115.571655,109.94778,101.00543,143.87689
63.332264,22.603573,35.58809,112.36003,129.56152,115.502975,138.47157
37.64294,11.424288,90.796875,52.545605,150.52238,140.53033,152.2668
43.329536,6.0077596,89.978806,53.5918,157.85213,142.02998,147.69086
52.277393,21.489426,70.1991,54.49712,131.97603,143.11874,137.87447
49.08596,26.48445,45.73178,40.28171,98.60738,144.57014,150.44821
53.332947,13.643265,36.768333,115.156654,151.44556,145.97787,127.51729
61.074768,21.2328,42.369625,101.03524,141.46342,138.86357,135.13618
53.57017,12.847764,56.883125,62.81528,118.5161,137.00534,137.99979
53.16514,19.47164,38.12409,110.04661,137.22823,129.98515,135.8879
57.163628,24.716093,21.517076,142.29822,158.19283,145.00037,142.1821
65.15965,19.022594,31.566898,115.8647,133.249,112.72012,114.6117
63.633427,73.06253,71.22736,146.60497,120.67116,112.312836,127.53493
76.59909,56.076305,74.63028,170.73488,150.43427,101.85146,118.86292
57.676983,29.889866,43.041256,154.39757,156.18633,112.870224,113.48008
63.384487,47.22117,21.235664,171.0217,179.4849,140.36699,125.484695
76.64851,19.651634,67.8921,155.7364,165.91432,119.86255,88.4317
65.47436,65.2474,16.141624,103.92211,113.003624,140.62201,143.60664
59.273273,49.38749,12.375878,95.87089,105.32636,144.88492,127.48113
28.457853,75.27859,17.342178,159.23499,151.11734,58.400074,132.9328
15.404253,44.425728,58.166298,162.06546,135.65921,136.65762,143.51389
28.657026,22.649652,45.260437,163.02303,141.39389,123.67065,129.90811
18.710417,14.322757,23.897327,170.01422,146.22641,168.73143,100.92455
3.6747167,26.92359,22.268652,174.75699,173.00888,137.73187,66.16337
5.5843363,25.976133,11.382626,155.06874,162.7307,153.43732,166.95848
23.894663,31.816782,12.31984,153.05061,153.7036,139.9588,139.66678
16.225557,37.57495,23.469456,167.11208,153.65022,134.70801,143.11208
55.34054,29.05867,12.063198,74.4033,87.892685,100.427925,120.44578
79.69097,73.24907,97.386345,136.47029,121.17249,120.326645,117.4122
113.78173,21.798115,18.682056,151.27959,162.91219,76.94453,135.78354
124.84099,129.38287,110.29977,145.68834,108.45736,118.15885,126.18838
119.76801,126.95339,112.24135,144.7134,112.55315,118.33346,122.451485
110.1043,121.265945,110.03866,142.36334,115.20096,112.81339,116.740456
107.784706,115.75913,93.20899,138.47711,125.45725,92.05645,106.15163
102.98618,109.64777,90.035904,134.37288,121.58199,102.65844,106.00256
90.68777,103.65174,88.52559,139.63914,133.38449,113.74838,102.684006
81.09186,96.66231,84.57273,136.63664,135.5353,97.9855,100.63923
72.74156,89.09708,86.68188,140.4909,140.26878,100.30109,132.61919
66.756256,88.15529,95.79645,153.99887,147.08621,100.93351,144.0344
58.273792,84.14496,98.27535,163.66957,150.83372,104.034615,152.65399
49.27248,71.51348,84.93117,162.61961,151.29182,109.485054,142.39578
35.466682,53.46893,83.14048,168.01727,164.84274,113.61792,134.88113
31.665203,46.090755,79.68934,168.30931,166.23615,111.906456,131.54352
16.37162,47.681507,64.204155,172.50977,169.03474,119.393326,137.77019
17.064049,46.674526,66.73181,173.24828,169.55203,121.193665,139.64638
13.773697,44.144505,62.117466,174.06068,170.48088,127.206215,141.73553
8.22242,42.87771,60.716137,175.65674,168.24312,134.58733,145.25706
12.2669735,45.816185,68.37286,175.51729,165.41899,134.66414,148.01187
8.65215,47.24098,65.15662,173.97087,167.16902,135.55586,150.99797
6.2665377,45.372536,58.991318,170.475,169.85869,140.37328,155.51648
8.399289,46.893707,60.047592,169.20274,168.95589,139.1175,153.75104
9.27254,47.82822,62.109474,169.84256,169.28195,139.08824,154.48668
9.594602,48.064556,59.609665,168.33037,168.85416,139.28194,156.82217
9.483423,48.210552,63.94155,170.2137,170.52232,136.90346,156.43848
9.059655,48.014812,60.306778,172.84848,170.74164,137.93886,154.89484
10.851246,49.774925,63.55119,175.20044,170.28595,135.15572,154.5648
6.3775043,47.68205,59.70938,175.80229,168.23631,137.80687,150.3983
8.286738,49.626873,53.927853,175.909,171.20372,131.23534,154.13992
14.364677,48.94954,57.84731,174.5519,172.92914,127.69975,150.5589
16.7526,42.199646,57.18103,172.37361,171.86739,118.383606,141.65544
22.019798,49.82525,48.335636,170.16798,172.16176,114.935135,140.6679
29.199587,57.274303,74.21952,173.7883,168.10968,114.36156,137.68047
40.809822,62.967335,70.564476,171.96846,165.01909,106.40995,136.68944
51.47031,74.946465,69.53223,171.34097,162.42662,105.43133,139.06494
58.80309,76.81613,76.72252,152.14383,150.08275,105.99346,124.11647
68.63869,86.62819,79.32243,146.00044,147.96735,107.990685,112.38017
77.82084,96.4767,75.2304,139.40599,138.8243,119.49435,120.267426
90.48498,105.58015,79.57267,144.55133,133.0289,116.42562,123.51126
97.536026,110.18757,84.752785,137.55821,124.983604,111.33325,123.02341
105.32139,116.961494,100.63268,128.14279,112.42017,88.102455,112.23314
107.10697,121.17652,105.28847,149.55441,120.06339,113.94727,118.453354
112.81366,124.20977,72.2965,104.50148,127.80624,118.08757,133.73128
116.81079,125.99798,101.58814,144.23506,116.37763,122.772675,129.36981
117.40145,130.38762,98.2034,164.71329,123.475975,113.74608,128.9399
120.13421,131.57547,97.24935,174.20953,119.248405,112.75778,129.60197
122.324745,131.562,100.073265,161.22592,122.12254,108.10945,123.09663
125.16554,132.51787,95.805115,169.17877,119.911766,115.31741,128.16206
124.417725,131.9373,102.60653,160.35632,119.279564,113.450195,128.98703
124.333534,129.73242,109.74256,150.43982,111.93584,116.84696,126.31959
115.429245,128.81427,105.37543,157.95215,117.42556,112.97826,124.9215
108.01107,121.48515,102.91591,129.06487,114.47706,116.97365,129.92694
103.82728,115.76719,102.039764,124.72037,115.20238,109.28916,125.895294
97.19187,106.118004,93.40478,139.33296,123.13463,111.974686,121.07269
83.75347,100.268684,87.70257,151.55002,135.64369,110.07878,117.637924
83.24261,95.87836,75.16885,137.15721,133.94473,115.67095,140.80986
63.046432,86.183784,77.85754,149.11925,140.16228,106.50609,127.89686
53.33325,78.719635,77.12258,150.84358,156.41682,111.41132,137.0498
43.536247,64.72253,88.00527,156.98434,149.42928,111.04262,140.26614
32.387505,52.789654,85.173645,170.02223,157.54024,110.07441,134.5546
28.85881,45.984173,78.212944,171.62007,164.62625,106.70428,129.90898
20.029934,47.43496,80.64473,171.76543,167.35193,110.595894,131.6878
19.122936,46.297737,68.0386,175.94923,169.07274,119.80962,136.32808
10.484902,44.16973,67.42812,174.55965,171.4869,131.22449,147.29546
6.798292,47.40262,54.14584,176.67197,172.8051,138.06363,151.73247
7.8967,48.603703,63.89148,173.97652,166.13927,134.81143,150.72449
8.1085205,48.713547,65.96272,179.15187,168.92711,137.29341,153.37532
11.846862,50.14326,68.19692,169.54019,164.9087,135.45206,154.50218
11.4287,48.645363,67.53733,173.73912,167.42343,135.08246,156.13542
9.584352,50.766697,66.21297,173.40714,169.58981,135.19647,156.75558
9.436027,47.819386,68.2039,174.42201,168.1677,134.29446,155.22966
8.1892805,49.567978,63.62292,172.58813,165.38702,137.81384,155.38351
8.54716,48.5567,67.06073,176.6311,167.54323,137.10268,154.99521
8.605647,45.53337,64.837456,172.88037,166.6844,139.49586,151.61641
9.053125,43.55184,49.42003,173.13792,167.86964,143.55182,151.90929
11.096824,48.53783,65.87882,173.0622,170.93045,134.41429,153.36366
12.061008,49.599846,61.576256,171.68501,173.6809,128.71045,148.98625
13.064486,47.69684,43.48336,173.60176,174.87828,128.63676,144.23761
21.45991,48.77274,53.287262,169.95166,171.94621,115.79984,140.86362
33.0166,49.827015,66.73984,170.4522,169.02449,118.93838,139.4678
37.772285,53.949257,69.52147,168.77678,167.34898,116.93286,135.32019
45.48071,71.50683,74.05873,171.38445,163.81506,104.604904,129.75847
56.3852,80.27013,75.58422,165.63849,159.5595,103.53429,136.22011
72.49996,85.89999,82.22325,155.23558,149.30496,105.53731,118.30119
73.39529,91.47007,86.623024,147.53725,144.4029,108.11507,109.43221
87.8257,104.76517,80.84635,141.97777,141.10617,113.10445,115.62635
98.9688,110.91652,80.565796,134.56262,132.73653,90.33689,115.51513
103.21303,113.126915,89.19418,137.7208,117.744026,107.17122,122.96318
110.39163,117.3701,93.6141,139.37224,116.77713,98.219,115.48003
114.06683,124.34544,109.487434,144.5657,115.23777,107.17402,122.03885
112.16641,124.68157,106.41706,145.25865,115.612076,103.52411,112.89498
112.82198,130.42,107.0405,153.5981,119.74143,108.40531,126.113205
122.24153,129.39435,96.33735,161.28421,123.01529,120.34638,130.77486
120.74808,130.99629,97.130646,168.44524,126.42329,110.92085,124.293755
123.51634,130.54453,100.6286,165.51395,117.292274,109.91346,124.82559
121.67858,132.24539,102.44845,152.03047,112.475266,108.27655,129.38945
123.11472,131.83334,97.016266,173.77388,117.68512,110.76034,126.18894
119.052025,129.58278,97.83487,162.70557,118.14292,106.40843,123.32691
114.46713,124.87434,106.59665,144.06807,120.68681,100.15073,108.62999
108.60438,113.89755,111.97509,103.88833,114.71893,97.21768,93.14554
99.39271,109.955795,103.333466,138.80388,113.755936,101.61482,95.915276
91.57172,102.07126,104.555374,146.09125,119.69332,111.71844,119.25657
92.31082,98.44078,89.31851,145.30713,118.36674,112.72017,138.54172
71.44484,88.7544,77.00548,139.09877,135.26143,117.20217,122.20041
63.55727,86.37222,82.48279,133.21513,136.67546,104.72117,140.04488
51.561234,77.08836,84.48864,148.0751,143.31711,113.31796,138.3442
43.102104,64.36266,88.09472,156.11414,147.42859,116.0278,143.2561
29.958174,51.351665,91.43982,163.45734,158.38338,113.76523,135.33972
29.115494,44.191357,83.4862,170.3291,161.75372,111.96321,132.58319
21.100767,43.902355,71.48326,167.30034,164.49318,119.06419,138.83614
19.965723,42.090794,60.039185,168.48976,168.83568,120.41077,135.34843
14.529051,42.991035,59.02545,170.18115,171.18248,129.73265,140.62828
9.263868,40.93533,58.090714,169.19528,167.59813,136.25998,144.59875
7.79183,44.28509,62.16131,169.92305,167.04169,135.86119,147.19481
10.0796,44.04541,63.990993,171.46364,166.63637,136.42358,147.40308
10.488205,44.645645,67.11908,172.6898,164.70755,138.0572,149.16539
11.55031,47.48655,64.62993,171.6757,165.4527,132.29338,151.33209
10.7204,49.791058,61.747864,171.65576,168.90642,131.31342,152.51605
10.4608345,50.165493,62.9133,172.46313,169.23003,133.00352,154.0947
8.968982,47.77147,63.427242,172.12553,169.57175,135.45445,152.42226
9.432985,46.893646,57.18124,170.43678,168.59508,136.16965,152.51747
8.896888,48.685055,56.69059,173.36134,170.53452,136.96442,153.77525
8.383798,46.935474,58.54486,172.76007,170.68048,138.75726,153.3473
5.4335403,48.32703,67.398636,176.16655,170.84285,136.35248,151.57011
7.8707056,47.005768,63.98982,172.99744,170.06174,137.4081,152.6981
8.807988,45.514942,54.080105,174.86938,171.6997,135.38705,151.36815
12.489155,44.959976,60.432747,171.92697,172.62537,130.646,151.12718
13.313579,44.903313,58.890114,176.36755,174.13622,124.66813,143.00423
18.163689,43.56962,64.49428,172.52858,171.73326,115.34286,140.07936
22.31785,47.448326,62.684433,169.66101,170.49649,114.357544,135.32443
33.631954,55.589424,64.79188,169.80263,168.09627,114.51099,131.722
42.927666,65.51537,76.07928,173.48476,167.14531,101.798874,132.2939
52.903915,74.45571,77.302864,173.07135,164.556,99.775955,128.18585
66.022446,88.805504,76.004074,167.24432,160.34393,95.72969,144.91551
67.55259,88.46925,79.788734,159.88966,152.19057,112.57581,127.65334
102.40374,97.139305,72.95988,159.82585,153.29576,106.55507,123.35451
89.40813,104.52283,85.5965,152.17549,143.63712,117.31209,128.48936
95.15205,109.64861,85.41569,153.00235,137.6713,118.40739,129.59792
120.058876,115.91355,94.88445,128.33853,130.01843,86.5228,112.264824
109.15486,121.35139,111.77549,162.78368,120.750824,99.1063,109.11652
112.2228,122.94736,105.525665,152.9911,120.38208,101.15862,114.638626
114.63688,125.39907,99.60698,146.70241,121.16779,113.1267,133.55528
115.01222,127.51167,107.300644,151.16426,112.24501,110.63492,124.32248
119.56385,125.38055,101.66307,144.83131,125.51136,122.23825,129.17546
120.16623,131.31577,114.70383,137.47978,106.875916,124.269356,128.26038
120.15455,129.53166,110.89937,169.54085,110.14537,115.82642,127.50077
120.8978,129.0568,103.80878,139.29971,114.69401,111.85392,125.57976
120.53726,126.3917,106.71454,130.99773,115.39893,113.399925,123.2548
117.897964,126.51802,102.60019,168.84717,118.510254,111.411255,132.86313
109.28808,118.34993,97.74859,144.87271,127.810265,115.761536,129.28238
105.6541,118.3881,101.82487,139.74857,118.83469,110.224884,111.29928
99.1102,111.568825,105.2071,130.7779,121.85278,115.86508,110.54107
90.7113,104.814415,90.67005,125.80659,119.126114,124.11108,121.747284
92.16147,100.308235,93.343506,134.73973,122.1772,106.84955,111.045944
91.65033,102.22824,78.42938,136.41006,134.83943,116.285904,149.25665
72.41495,90.9489,76.945206,144.35599,139.03772,110.97529,133.45157
55.014896,75.03441,93.38754,151.92181,144.57175,117.65745,127.61323
46.79506,66.26179,98.39968,158.62865,150.02545,115.329704,137.51025
43.036465,63.716434,91.04676,156.90552,150.09084,113.95379,141.0353
30.96171,53.928253,87.218796,168.02693,161.23067,112.71599,135.05002
26.244312,51.233353,77.28484,167.79271,167.03645,116.9071,136.81021
17.71743,47.34881,74.01165,170.82184,168.89488,120.361206,141.80205
16.242893,49.041092,70.72212,173.6299,171.72566,125.54929,143.7846
13.986242,48.279896,70.801674,173.37228,172.31776,131.78346,143.03282
11.5863285,43.862667,70.10414,171.12344,171.89326,131.10132,144.5529
9.065206,42.23301,73.93503,172.82292,169.67499,133.97667,140.37724
8.627735,44.629536,68.19041,174.48273,167.68588,137.48012,144.80675
9.327231,43.870758,55.720627,169.17438,169.28738,136.64062,146.71675
10.571141,47.926144,53.300735,171.22546,169.79863,135.19135,149.99007
12.8658905,47.908188,49.80779,169.55725,171.00545,134.52519,151.34871
14.206695,48.347576,50.49959,169.53809,170.52257,133.18846,150.42522
10.176295,50.452915,53.987114,171.76762,172.70721,131.51888,151.43324
11.184438,50.63548,52.799984,170.24287,169.05545,130.33882,151.34962
11.401369,50.425114,57.90649,169.76498,168.04836,129.5633,153.45633
10.384626,49.684933,53.101654,170.28926,170.49605,133.1281,150.83696
10.63854,49.069088,58.743755,172.0369,170.9131,134.56657,149.13002
11.222562,45.3543,61.832756,171.55467,166.51369,137.49078,146.39127
11.324824,45.482716,60.73151,174.57362,171.25885,132.1074,145.23422
10.364506,44.58726,75.347885,175.74954,171.45018,131.84761,146.79617
16.614323,44.825172,58.375683,173.65138,174.73273,125.20416,145.4133
21.954206,45.34366,58.815453,172.43575,170.49625,114.58735,139.57135
25.871918,50.985382,50.55121,170.71588,170.7903,114.42767,140.65565
36.612885,58.44318,81.37406,173.56839,166.87984,112.487175,134.41348
42.047863,62.59181,81.3249,171.6674,166.54369,106.784935,137.70312
55.129314,77.2116,84.42356,166.9247,162.64578,98.501495,142.55827
58.56805,78.93225,84.73128,160.36095,156.03299,103.422,120.15527
65.55651,87.368256,80.703705,154.27089,155.26414,107.5882,121.224434
76.32714,100.26558,92.411736,156.63425,151.16666,102.59674,115.12772
88.73775,106.64683,83.07281,140.96306,141.09126,110.46732,130.64778
95.0517,111.51735,90.49139,132.8304,126.85908,119.24619,130.32106
102.90207,114.30157,106.47696,141.16673,114.1015,118.98951,122.99964
107.37556,115.15667,104.97781,135.46373,106.70226,123.31048,124.418976
110.64136,122.70634,96.75955,139.73227,123.038475,120.09185,117.40715
111.82108,128.47372,108.303276,141.83336,118.67564,112.74941,133.43964
113.52242,126.87137,101.39341,131.77469,113.23558,115.99094,136.23105
116.94323,129.70845,97.01904,131.76257,117.460915,110.34129,132.20735
120.31801,128.93356,101.03054,119.64838,106.82984,111.35154,134.32196
117.67708,130.25914,95.47847,128.30319,115.68888,107.6401,127.6144
115.725334,132.24919,95.70941,127.27676,116.25648,100.690765,125.14104
118.63041,131.02657,91.593575,129.26425,115.44187,110.20639,134.43582
115.10637,126.80359,94.62626,128.9011,115.27933,111.64006,129.98631
108.25819,124.23963,90.72681,135.04262,122.68391,110.36845,126.5029
104.61922,117.24829,98.72193,131.60652,115.222374,109.796936,123.38662
98.10258,110.72928,100.05265,121.130775,111.38805,114.90443,113.10619
91.86986,105.407295,96.77983,130.19751,120.15089,110.58596,113.07141
84.886185,99.90515,102.25916,140.73265,122.02896,109.169136,124.589325
76.54325,94.39336,97.84258,151.3442,130.67586,112.95207,141.80147
68.23351,92.07221,92.999405,143.88805,129.11029,104.76982,144.19315
58.141743,82.56838,88.486374,140.8537,129.0374,109.24589,146.3606
45.550247,69.51278,87.99951,152.16101,148.49704,110.63427,139.11107
36.225723,58.086308,107.8814,163.06155,153.01022,103.37344,130.14836
25.761778,56.32138,99.21972,167.57907,154.91586,107.08266,127.61356
24.023441,43.46205,91.67885,172.39053,164.80249,115.28918,131.3258
18.94396,43.80344,78.79965,173.59126,170.16109,118.600174,134.22752
14.738038,43.566334,70.1653,173.84714,171.25096,123.591805,138.89627
10.019085,45.335323,59.411175,173.1302,173.03459,134.7584,143.65742
6.105925,46.265602,56.60044,177.80357,170.22685,138.02733,145.81961
6.0122604,46.795395,55.116127,172.42998,168.73299,138.38777,148.17203
6.4164014,47.169838,61.282482,171.86067,169.07188,137.66592,150.41399
12.821797,47.94686,62.337944,170.39433,167.34047,136.0909,152.91695
13.815561,48.98343,69.78804,168.40224,164.89482,134.53456,154.01956
13.3606415,47.631954,65.824326,166.68037,165.3141,136.36945,150.84135
13.91783,46.810196,63.597336,167.52094,166.48671,137.59763,149.94087
13.18922,43.87844,61.531498,170.25351,165.66429,135.96732,145.54385
10.637281,45.077175,64.393684,173.88329,164.57387,136.69865,148.73888
10.028661,46.740414,67.16408,172.18289,166.75903,137.20888,150.14903
10.234007,47.653805,71.38905,172.11185,166.75754,135.71332,149.99466
8.932963,47.568768,67.68413,175.63385,169.93402,138.53995,149.93172
9.311077,46.420376,61.001476,173.54633,171.24774,135.66379,147.07619
11.224563,44.814674,66.020996,170.19896,170.94185,135.20169,141.97266
13.537387,42.534004,54.83766,165.74115,171.60963,133.5171,140.90982
17.573559,46.33422,54.184475,168.81686,171.21059,123.53326,138.99272
16.70336,47.515842,56.381596,170.14291,169.90363,113.92241,136.59334
28.942081,50.055008,71.16876,173.17613,167.9296,111.93656,134.44751
35.247204,57.442802,72.18552,172.03493,165.63438,112.99075,134.22253
47.753975,73.31008,76.68835,174.01338,163.25368,105.402565,139.38448
55.82986,77.627266,88.00494,165.6248,156.99797,97.988235,129.49638
64.55624,84.78253,80.59961,159.20187,152.11966,104.24681,122.32519
75.18777,93.95425,92.25893,151.96776,149.69916,100.16032,114.247856
82.646614,100.65678,93.54064,151.86711,145.21992,101.17543,108.84516
90.42969,105.75042,99.32996,142.38948,131.17368,111.64741,120.98416
95.694176,110.885826,109.67868,150.87637,123.87741,115.273,117.70527
100.50893,115.862785,103.719826,153.52382,123.37343,107.61687,109.0246
104.23101,119.57749,115.52346,159.25842,122.73309,115.90389,101.18919
108.64733,120.77813,101.29042,136.50717,118.99563,119.307495,126.97164
112.30858,123.18605,104.88657,141.29204,118.74006,113.325035,121.75036
117.27661,125.25588,104.2789,140.75021,113.26088,114.87827,127.7498
117.14215,129.24026,105.521774,130.67375,109.53542,112.15,125.917946
117.98888,128.3064,95.5357,121.41734,106.77793,119.646164,134.23775
120.54577,128.56636,94.85511,117.621544,105.77674,113.73318,130.40924
122.004974,129.08997,95.89989,124.53261,112.47332,114.81157,129.76706
119.318375,126.51668,97.6641,125.76482,111.99629,116.00642,133.47311
115.64544,121.66386,101.36487,132.52115,113.0139,112.79222,130.37149
105.72203,117.12618,98.912926,125.60242,110.43052,122.35797,133.49934
100.40171,114.15033,105.96647,155.5438,115.97891,122.38312,119.16539
90.58654,106.76994,101.31782,134.2203,117.388214,117.361496,123.0316
85.04022,99.55483,89.59146,129.78679,121.99447,121.32309,120.38476
76.8235,92.44757,101.85584,148.60786,119.54661,117.2135,126.224594
65.83717,100.641174,86.09797,143.20586,128.82983,109.51044,143.81783
61.276608,86.888435,90.85976,149.49261,138.03888,111.69823,139.75113
53.97031,77.17864,95.72881,154.9812,138.2908,111.64648,141.4449
44.628906,64.60614,93.48412,152.43564,143.84688,103.67385,135.98228
31.720922,55.840206,98.2135,161.88522,154.00624,111.27742,134.10591
29.74443,55.965786,88.62985,173.37685,162.8163,103.64231,128.87032
22.370796,49.34207,83.14425,173.1649,165.58511,117.48884,131.51349
22.33423,48.052986,70.68366,174.0588,167.93088,121.64386,134.07576
14.298385,47.00952,74.91773,176.94257,170.11343,130.47511,140.88136
3.3874934,46.362858,55.840477,173.39003,170.22643,137.90163,148.56436
7.138557,49.642666,58.69709,170.88182,168.31575,137.43283,152.08754
9.583408,48.172558,60.092003,175.06721,166.41887,133.77075,148.67046
7.645523,45.560223,65.285355,175.37936,165.40735,141.31712,151.48582
10.771502,50.87059,69.650314,174.70782,166.46764,134.43073,156.08115
11.34439,48.15772,63.79684,171.56447,165.96739,136.38066,154.75969
13.014703,50.321487,65.72239,172.26218,166.12227,134.24127,151.26978
9.300623,50.055187,73.92535,176.22336,167.47472,131.55424,153.97601
8.340707,48.366165,67.13126,174.92322,167.52522,136.30724,154.88167
9.401468,51.365463,74.37548,175.02881,166.81726,131.19734,156.42397
13.256138,48.67725,67.14983,172.0637,165.52988,132.84161,152.11995
9.980775,51.05553,65.954155,174.23686,167.4374,132.96288,152.35521
8.06095,49.045307,64.990555,176.73828,168.25385,134.06989,152.12378
9.174211,47.998928,65.89252,175.93233,165.40416,133.84535,149.32343
7.6917934,47.903236,67.32614,174.16896,165.31828,135.68698,149.61186
6.031922,46.306973,48.349,173.62296,170.73853,140.28389,153.36943
13.133155,46.669983,52.30016,173.3892,173.87933,130.34451,147.18985
18.504957,44.35986,63.731598,173.60707,169.2619,119.7588,135.18773
21.054436,49.527306,75.008575,175.3144,170.36058,113.14357,138.9465
34.156013,52.265896,80.60132,173.18878,165.00658,106.783714,132.98265
36.926064,59.741955,79.84932,171.80074,167.32953,107.54589,132.18398
50.12623,75.323814,91.66691,170.80325,159.28618,105.586136,141.54681
56.174908,83.70128,90.36358,160.87476,152.23495,102.2517,139.24535
79.99399,91.5826,81.647354,151.86693,149.93893,115.33005,138.47858
80.748314,96.26792,84.84791,144.88109,144.30101,102.1689,109.89155
89.51742,100.820244,85.59755,144.39796,138.07831,103.25509,108.725136
98.72975,109.89089,92.73165,143.00815,131.51534,107.044266,110.5396
116.03224,113.55826,97.02336,132.10744,121.64708,91.01903,101.4296
106.45363,119.044044,107.525986,137.95409,121.64853,100.84071,111.23757
113.18967,123.66992,106.3101,162.40375,123.94193,95.125885,104.59213
114.803246,126.74046,106.15196,160.61491,121.442505,114.02035,132.03142
118.47811,129.09172,109.72827,140.8606,110.98788,114.735275,125.10526
120.279816,129.28522,97.5297,123.18124,112.38982,111.982445,124.23728
122.45519,133.48257,106.23877,125.87227,104.6487,114.75852,133.41187
68.15471,170.79199,102.836815,142.4293,82.54293,70.250305,174.42026
86.824394,74.72184,135.98904,145.12163,163.09126,91.876305,165.33354
29.765089,13.015233,8.413118,157.79478,158.2832,142.41214,151.90376
64.879295,68.47535,147.31297,120.44765,166.54778,111.88226,39.703842
54.37536,135.2335,118.19571,137.82397,112.62659,158.16447,83.449005
101.04585,109.28345,115.827896,117.55921,125.13725,145.62334,134.01897
114.11866,98.05918,137.94098,117.91521,156.68977,90.16266,76.093834
96.89022,90.85416,130.51646,109.516975,156.50388,61.33383,130.18454
101.09198,76.68289,121.12348,127.622856,141.87183,12.675039,155.17207
103.0308,92.16515,119.203545,93.93875,139.71979,145.05214,161.62192
90.399605,91.66483,127.08074,90.95944,141.43517,155.34325,124.6988
99.33305,66.565994,126.39334,80.51611,135.11113,150.79688,166.41965
101.380585,105.06987,127.709435,83.72612,133.0064,157.61787,104.996895
74.412704,41.452396,124.40873,78.17688,131.59596,160.84853,124.81697
63.135437,33.714817,118.56988,80.1108,138.20398,163.54108,129.20853
32.163696,28.539913,117.620224,79.46773,146.7796,151.0932,123.01627
41.942955,17.45167,122.245735,76.17424,133.8587,150.29767,116.77679
43.445263,34.901867,124.75054,79.092224,129.47014,165.1379,111.354935
50.04159,34.243347,125.80495,78.13482,147.2656,163.37901,91.413086
68.25431,65.66748,124.9595,82.1369,128.71031,167.67427,83.75208
53.101513,44.012592,120.58824,71.162766,142.80548,63.10821,72.90561
30.390556,30.248161,108.824974,75.15063,124.29248,86.41372,90.30163
65.10814,31.903563,112.30193,69.95392,133.75984,175.93542,105.669205
72.4573,34.36692,113.586006,72.07749,124.005684,153.60135,117.40926
71.86881,28.409784,112.32071,81.3913,126.57709,64.34205,95.872894
65.12844,33.272358,104.405716,86.92629,117.349976,72.43305,108.66305
69.88458,98.795784,102.82529,93.337074,121.79849,97.75155,118.96745
102.179985,58.378128,103.09772,94.63428,130.64287,161.84427,163.38876
72.15996,46.0525,99.70604,94.61724,112.58394,77.55912,86.66848
73.43405,43.34378,100.10848,87.65889,98.910255,91.67167,79.65421
69.63763,35.64406,101.55559,89.30171,106.95328,75.67162,88.85354
51.339138,34.78316,110.093925,80.05307,115.48312,73.671844,85.42842
103.88112,36.564384,115.20174,81.389,132.55173,159.61545,139.18088
78.38497,43.478325,110.5074,80.392914,116.468735,171.8969,112.60493
90.92912,46.772724,112.50333,78.8912,125.11178,141.19449,126.509224
83.473976,49.063587,111.184685,83.13696,121.31683,70.724174,125.79757
63.733086,20.271662,108.44759,87.31218,125.06322,75.0721,91.198555
55.381416,32.14931,109.87849,81.369095,122.09154,77.41766,83.63193
82.80484,41.66967,113.792175,76.363945,131.41414,145.942,141.94916
71.63644,40.64989,113.41936,80.62729,131.77222,64.5626,123.8002
55.12704,51.65782,110.37299,73.19563,123.14056,66.60254,138.3262
81.83382,43.12901,114.77632,74.16066,132.68303,162.17032,116.51448
80.78543,55.207375,110.18242,75.96269,130.98273,164.63585,125.197876
50.80614,47.33172,120.219604,75.42164,138.89536,163.31062,97.9132
70.94428,46.16824,109.1045,76.83779,130.31691,165.35036,119.57573
24.475115,46.635002,120.92094,78.889175,141.20879,136.3355,115.005394
60.478283,43.6493,123.36465,74.942764,144.95525,148.97183,138.0744
123.18064,79.91399,123.85747,73.96466,137.76375,148.42784,169.56148
132.25102,65.329506,125.55551,91.38121,149.57635,143.79517,169.72383
132.38805,67.76919,115.02408,100.779686,148.31909,65.73069,117.73791
114.38994,120.72968,121.934494,95.53418,131.35783,169.26169,169.07454
101.4771,85.50983,131.42467,91.81962,155.57164,53.70921,148.04167
99.07945,117.88255,125.226105,106.97308,133.25609,166.96307,171.24925
116.02054,93.70876,118.27586,106.368385,141.45804,144.70663,154.03813
128.4553,75.42658,131.63152,99.73869,150.17148,141.11742,165.55948
105.740295,92.60978,132.79892,113.474144,155.87982,40.551697,169.0406
97.37661,113.86035,136.8502,126.7977,154.42117,74.68928,159.62271
1.0561029,42.109787,118.30562,159.84576,146.19484,147.06294,77.63819
13.32637,17.157082,6.100561,156.08727,142.85432,146.60876,122.12905
8.86674,21.745026,2.4690237,158.31194,155.49008,150.21735,112.15699
6.7523236,12.566065,8.580414,150.03377,141.98624,158.18672,149.83781
12.390673,17.814142,10.176315,153.61244,158.55374,156.57042,148.85945
36.024334,21.60086,78.50502,32.01618,39.601295,156.82527,55.46706
63.169273,62.11826,108.94704,47.834496,72.61593,117.9784,58.002777
74.27861,108.064285,22.005978,139.28673,125.21144,103.25752,131.83403
119.965355,47.717274,100.34471,32.143417,43.30731,52.931255,48.469326
22.591309,109.20247,47.182777,81.647934,88.41322,124.4099,158.83743
131.19125,45.531036,91.89381,44.328957,52.645138,154.21696,60.27468
154.48935,69.76556,119.312454,40.84369,75.336586,93.28706,51.109993
7.920304,13.363774,60.541767,165.09018,152.0918,165.78117,164.89687
112.87349,92.36445,119.35299,60.432335,96.07443,149.76918,153.61505
121.32095,86.043045,112.31889,55.39412,79.54986,157.81117,142.86304
124.19446,91.75386,110.95398,52.101273,92.2609,6.774681,124.27112
11.251233,25.578098,19.350796,138.87766,158.15094,153.80217,155.27422
14.326374,13.165895,35.339016,133.76595,165.42206,160.61966,155.54797
5.184666,20.834768,10.795523,129.82478,130.26216,164.73462,169.30205
92.073906,116.509674,144.2635,163.63507,158.70511,111.42044,136.93117
116.31228,139.0386,149.2335,172.30942,160.11273,130.91298,109.73021
149.03679,30.500454,71.24697,162.25185,171.88011,161.37997,59.192207
40.016216,63.407436,143.50093,157.48428,155.49559,135.55812,105.318825
22.833607,23.50381,89.7963,96.10942,134.14291,157.72238,154.32927
118.249855,95.96689,121.40046,138.47977,148.95303,166.10559,146.03453
126.19921,88.85148,115.86572,130.8572,147.73796,157.78214,163.07625
85.61547,95.77138,122.26422,113.2732,144.3059,163.66393,62.701508
77.458,77.87688,128.73764,130.17767,144.18893,145.55627,69.74824
122.678635,66.71524,95.66215,137.30228,153.62561,138.55353,87.34134
120.63561,92.52363,127.83092,112.76494,154.3876,154.4954,154.37717
132.0602,88.04094,109.633545,120.832924,148.96954,119.27032,82.897865
136.80096,102.76142,121.27692,107.20674,133.91925,117.31722,88.26229
111.70679,115.3941,121.1417,102.13792,127.40982,144.57819,58.006935
116.08552,95.97074,119.67483,96.778984,134.28955,160.41049,166.05627
134.48856,75.60965,119.11996,96.00151,144.67088,167.33453,168.25366
133.07784,74.55986,103.84211,137.08325,157.80257,160.10735,167.46516
102.70564,92.290115,123.70631,78.43832,131.86,168.0297,163.11365
131.84523,87.08204,121.40537,87.57417,149.2383,156.48772,113.08605
138.18149,60.73395,116.672714,92.6036,144.65659,169.23433,172.93535
136.4322,64.21159,122.80962,98.47418,150.02148,170.87657,170.08403
127.82705,78.78722,131.7353,78.0463,148.87483,170.18896,168.67435
73.35917,86.834274,145.07924,78.36543,147.85538,160.07732,117.59731
132.90399,72.7397,132.77315,68.18154,135.87718,167.69548,171.73007
118.80047,102.104836,134.75095,69.657616,138.3743,174.73994,176.83658
109.08512,75.61301,136.5642,75.204445,144.10176,163.96735,169.68843
123.01879,85.533325,130.60303,64.75515,132.013,168.09521,170.98712
118.370316,93.007576,132.01021,65.549614,132.75693,171.0341,172.26585
81.27065,65.59171,136.89873,72.23893,142.53242,154.56873,162.35355
124.15321,54.31605,128.95465,62.89108,138.09367,157.35863,172.43459
124.48751,67.30468,125.332436,66.7597,140.16669,170.07121,174.48192
102.805466,47.713894,130.19238,64.63867,140.9013,84.80371,70.66703
125.44086,62.58564,128.23132,63.51991,131.31664,146.52057,171.92398
126.031845,67.889305,128.93604,62.405277,137.74477,165.33037,171.52263
124.275314,76.438934,131.5491,64.658066,138.72557,171.28114,173.09427
106.68742,94.62078,126.76441,67.55425,132.89236,173.66429,173.80649
79.22366,60.907894,128.57545,77.134125,126.714294,169.03172,164.43082
113.59309,41.32165,129.14554,66.37623,137.0302,169.22913,145.7198
108.86081,64.33608,133.26178,62.837914,141.7628,161.82242,171.34952
114.16027,72.50696,132.70917,67.07886,138.78502,174.21269,172.43904
98.495544,101.32027,131.23352,71.90969,137.95445,175.49162,176.35222
135.4643,76.86053,133.48271,75.0352,146.42241,177.85287,174.08298
142.3275,52.35054,138.27531,77.41227,154.11333,171.30028,171.25955
133.5685,77.096695,136.2282,70.67493,140.3456,154.36646,102.764175
121.5122,64.44536,116.80027,98.70585,152.82584,171.1404,173.9365
124.738396,74.948654,127.365875,77.81912,147.97131,172.06396,168.36122
92.62633,41.94603,121.40893,84.78733,147.71156,172.85835,77.336845
100.19357,73.18866,117.75292,84.841125,139.90704,173.4163,155.32834
53.042374,149.27943,124.47063,87.42829,127.07189,169.89925,93.54833
58.51214,96.91622,110.271935,75.35879,120.119255,153.35133,2.9716377
28.230518,33.22532,122.95784,134.76787,122.196915,151.43654,118.22177
97.11523,54.273087,142.96005,118.73204,159.76842,114.44707,169.87466
129.52177,67.127525,123.74992,110.8952,155.31625,169.11342,168.732
123.14691,92.57894,127.040924,119.5615,154.1611,167.62048,63.14336
56.204014,55.287476,126.82775,117.49335,146.64342,166.86441,107.81205
101.08331,20.69351,28.638884,128.03452,105.43504,81.811554,151.7526
22.34246,49.970184,136.81847,160.59003,163.03983,165.74628,140.0841
18.606308,32.233257,19.380808,160.16634,154.7789,139.28355,156.94731
11.184983,22.832066,18.19927,161.12474,173.0024,154.5641,161.36775
30.964151,34.511654,99.6973,176.43866,156.82985,165.02101,146.06184
51.081924,66.65309,107.47556,177.10374,162.13313,133.65399,140.04614
15.502789,12.668017,10.922289,163.23567,161.53458,143.55716,145.90736
104.80177,15.375699,18.071186,146.38574,159.2063,87.38246,162.10286
125.82791,17.064295,14.749834,164.9935,163.59035,80.80541,158.42067
134.26178,17.178753,20.186178,157.34253,155.65468,113.31311,165.5745
15.117318,51.998444,15.639413,175.58987,164.734,158.76413,105.80228
33.96202,96.16717,19.785213,174.98654,161.83011,145.97379,143.37854
97.05163,16.609522,13.85763,160.55292,155.68242,93.95268,145.90851
15.259854,39.958336,86.337036,178.31134,139.14832,156.33775,102.853004
28.877253,52.81722,49.21762,171.19676,172.32304,164.91292,124.13107
9.338899,12.238717,6.400583,172.83165,174.77869,158.88022,172.76952
19.483961,29.690117,56.23744,146.29277,48.32729,155.29556,149.33052
118.03435,121.62788,92.79294,61.036964,67.52437,169.63582,153.65376
35.130215,111.824394,116.72282,65.80861,91.34735,134.77509,151.88219
39.10114,114.62264,114.44297,66.18123,48.126366,134.48186,130.70111
43.785347,52.663303,116.479195,68.98377,82.54802,167.81007,165.14323
26.666618,53.233154,145.9029,91.14699,141.22827,128.86203,155.08437
15.179903,43.0097,10.981178,177.42139,172.51703,138.62682,109.40558
13.343561,58.592297,11.404685,175.11592,172.25392,148.50235,125.34412
18.90656,69.50702,60.85828,131.88112,119.326866,140.43251,112.680534
26.65619,87.6865,78.76766,121.30191,94.89278,174.63333,127.56628
30.31719,75.95941,64.31104,108.901405,78.60993,155.93808,137.83969
11.915881,42.95885,88.13556,129.6528,90.60041,152.8126,165.29738
5.2414966,40.228123,87.14372,122.81721,96.273476,146.22166,161.18312
13.631851,34.54687,77.62018,126.258415,103.04811,121.1591,102.23069
21.78877,37.066372,71.08581,104.008156,93.269585,153.5894,146.9173
12.216562,46.924618,58.111942,104.08578,99.00939,166.38225,161.50542
16.541718,48.922848,54.778656,112.46246,115.205284,161.79636,166.4977
16.826092,48.555367,72.34807,98.554276,77.192924,153.5569,171.37164
5.702723,48.05329,68.594,100.6665,81.89994,154.27234,171.29865
15.410101,50.43897,75.58092,97.87081,91.375145,143.51904,167.70724
5.9123797,45.47629,91.50944,68.050934,67.79503,159.73926,161.88203
24.7834,44.264156,83.29351,72.870575,66.16065,145.24161,163.32668
29.129993,33.254093,95.88186,61.804276,60.477333,128.67712,156.16899
29.031595,44.24678,95.64441,55.446804,49.34803,122.87828,161.0431
13.822525,41.6063,93.56119,55.25358,45.54099,145.14146,166.61221
16.723633,38.602108,73.975975,46.56969,37.998234,123.03909,148.97115
22.061007,41.141903,76.89384,44.69246,39.01912,117.26528,153.90811
20.523542,40.27493,74.029884,45.947113,38.12871,120.279915,152.02881
23.102556,49.7248,72.17328,51.27418,40.98037,106.304054,153.86183
22.145885,35.7751,79.48602,42.689587,39.041172,109.99043,143.66727
12.100937,40.265404,71.671234,47.06337,34.90717,101.110466,146.43481
8.699152,30.827303,111.631744,36.175163,41.85203,106.60372,145.78604
23.100695,37.06689,66.74619,66.88686,75.74848,101.97769,156.26018
14.155074,47.220875,85.17831,64.864784,52.136517,139.94571,160.09119
7.516872,36.061165,96.90006,72.91631,69.350204,128.15053,155.64088
10.01129,42.033184,89.32255,72.15562,56.9095,136.7296,163.15132
7.9562583,47.82583,76.9295,100.93154,75.22406,156.22226,158.62115
14.592881,42.2553,65.33793,91.41757,67.99297,154.21564,158.86496
25.279192,60.160725,54.77539,82.9378,71.087296,142.45616,164.56192
22.447927,54.735245,63.47428,86.111664,65.83967,143.70773,163.16396
27.98679,58.479435,63.824284,106.134674,87.13363,148.1012,168.43413
16.770872,61.151146,57.538944,118.54221,107.65946,157.67122,168.50594
8.724269,48.755966,58.96258,118.31245,101.23856,147.4725,164.42506
8.8698635,48.539207,59.073723,122.36633,109.72389,140.9012,162.46303
8.51908,53.289623,59.888012,129.14827,110.80769,146.39792,162.56699
18.915043,51.29008,65.99018,126.76151,108.26806,149.88538,167.29945
19.93854,55.765106,52.738976,132.4719,126.179504,150.50648,164.28383
8.088642,40.644093,78.916626,149.31824,133.79962,142.60841,168.07716
8.737386,23.834875,47.95684,160.62173,156.74303,141.74301,84.05477
137.25525,152.44579,75.16736,78.33342,138.78162,138.1711,135.64745
101.408394,92.693825,35.095673,153.25058,136.69278,157.81592,138.13715
148.43536,153.85468,18.282537,175.38258,177.01756,123.880226,156.47356
105.78573,169.85033,15.765986,175.40742,168.58485,104.2184,137.16234
40.940582,39.926758,161.07065,176.95476,60.751495,85.83107,111.82466
45.889477,96.8765,8.69861,122.78232,122.86565,118.69957,137.77945
91.65597,88.13583,47.490208,114.21829,102.123245,113.320335,143.50584
53.693428,41.07458,64.472496,118.46025,105.27414,115.017944,160.65079
33.99093,39.69412,66.32657,98.94404,85.30373,124.68971,168.61253
3.8667517,39.811317,65.51047,116.91129,90.59848,147.72952,160.35138
4.816783,38.829384,80.33821,94.95787,77.66609,149.98764,163.02505
1.980705,40.03027,70.94023,97.31316,65.99104,137.9766,158.13193
9.081556,39.614136,91.0606,85.02125,76.17794,154.3394,154.88551
22.14246,34.10312,84.150345,100.70163,101.280106,123.4673,155.54854
10.245053,30.389969,79.89252,90.10864,73.90702,139.74191,149.58978
15.871324,50.311787,89.862465,80.02114,56.422012,130.05173,162.82382
3.3200684,34.857155,99.99995,72.35766,53.95723,141.87117,162.58946
14.3391075,29.803074,106.39197,55.691517,43.843224,129.77417,159.38916
12.897997,28.180185,106.313484,46.38984,75.180336,88.56145,109.67172
8.547413,41.67668,97.7559,78.27168,62.672035,113.03322,126.55523
18.68402,35.80993,105.128654,104.808685,89.85283,132.99832,146.00845
14.40214,50.930977,79.06809,119.07519,90.27882,164.00662,174.81548
26.514095,52.98942,75.168724,77.7394,72.57739,99.951866,145.54115
12.4347925,43.764397,91.289696,81.9932,58.000523,165.2991,164.59372
21.756832,39.556362,81.521545,75.78823,49.234253,139.99554,154.58134
12.26236,39.711563,70.59072,153.3253,123.55191,154.74673,160.03363
19.714174,46.95277,75.78844,143.04417,123.17399,141.82552,155.39249
30.619661,33.243168,54.390545,134.51456,116.270195,116.35504,159.5772
17.426863,35.126034,42.236652,119.57154,98.82848,129.56975,158.56615
13.4286175,36.293385,63.27473,105.498604,70.207794,129.74373,157.22136
7.0979342,38.144524,67.361694,100.28041,73.92644,121.883804,159.99556
12.612897,47.21117,70.983765,78.928665,79.75318,131.87984,161.15894
4.2418704,49.6641,84.53963,85.35772,69.42675,148.24504,161.07759
8.263058,50.03516,76.08813,88.752495,83.29599,146.73514,162.6984
13.037097,47.78612,74.96956,107.84711,113.669334,138.84273,159.50684
6.2424636,48.6751,73.56154,106.23933,82.851974,139.58917,163.62532
11.175736,48.178513,71.60037,108.912964,106.9475,149.6151,161.89095
18.332453,41.028065,67.16844,105.81131,90.17607,132.91344,164.27766
19.615786,42.94534,73.44901,102.793976,117.99692,138.43703,156.65755
21.959522,48.995556,65.30831,102.13101,102.62043,142.51122,162.7971
20.118416,52.940754,49.886597,121.11906,113.81841,144.49799,162.57677
36.33238,48.988415,73.63878,124.63256,113.73356,114.77729,76.866776
63.55481,89.133575,44.848114,140.8141,39.744522,116.5532,135.29808
98.68414,100.17724,11.73267,110.654854,105.65026,131.14783,155.91122
33.879295,49.594387,55.108772,119.82927,135.60742,20.264633,77.48354
152.06082,128.17053,32.721043,166.34512,149.63959,138.56976,114.6938
160.00462,151.61899,33.560146,161.8399,151.54924,165.71063,152.34187
132.35033,134.66466,20.679619,156.23865,152.18715,144.71184,139.54027
51.139717,32.100605,35.05819,108.65553,113.62735,82.598366,17.850409
63.044895,70.99581,10.09097,140.521,165.72472,127.72867,122.09487
2.923823,57.706013,23.81872,162.98642,155.8056,132.40288,158.2087
27.769558,5.342911,16.413828,167.72894,175.95595,156.95642,159.99435
100.03475,90.86136,17.758152,170.54436,167.11589,156.58499,164.76933
109.286255,103.30522,20.443459,175.61461,157.66808,137.34926,160.63106
100.2507,71.23797,11.834445,168.8671,166.2435,176.82657,124.65767
154.36172,135.65929,22.237188,168.6807,171.93971,128.18777,116.99231
10.540755,26.26613,17.013315,163.96071,165.62933,159.76472,158.50285
52.97515,15.558386,10.64174,165.4326,167.66064,161.9131,173.12326
59.14249,36.997196,31.463947,151.91794,154.55785,177.15778,150.43587
28.604506,48.70507,43.668262,91.73249,75.19794,66.17983,47.469463
65.29392,57.056736,54.321636,95.62241,84.47756,78.583565,14.724084
51.990498,80.034134,58.844547,92.498856,74.832275,106.14502,110.26871
42.087273,53.194065,39.078953,91.067444,69.06765,93.029724,27.297476
40.3442,60.778442,36.68918,96.79657,83.111244,129.36656,150.7441
34.49214,51.272285,50.167805,94.183,68.187836,124.20925,70.93167
49.474346,72.84694,56.971073,97.96762,75.912224,95.0737,61.722755
42.84083,69.85084,45.946728,93.073326,68.53565,95.77307,11.450052
58.106487,76.47099,58.60701,100.01539,68.45133,86.73012,119.28074
56.187695,84.398445,32.97756,119.49221,106.427734,93.56255,139.1946
69.27168,90.71881,43.126827,76.42611,80.70277,48.46934,129.29533
66.76567,73.25526,43.301506,93.78234,85.21218,33.863018,126.440834
67.11928,72.82335,58.799294,105.16314,88.218216,119.72968,148.69737
42.128204,28.659725,77.46113,136.27603,89.914764,159.36447,117.869705
52.926537,48.741737,50.234364,117.395676,69.40841,114.760124,128.99315
32.388634,55.99942,36.60964,148.20981,122.975746,86.28451,115.35122
48.671494,98.72061,15.656493,137.06087,150.2335,88.07809,137.04323
81.68862,63.209045,27.451029,135.68765,150.03938,76.223045,74.22108
42.08293,41.845264,67.9827,138.65285,154.89268,114.27184,150.55301
15.723272,22.685062,6.8236046,100.244736,95.51425,124.10512,121.48769
38.15462,24.698044,12.799156,89.757965,96.535484,149.94089,140.28369
73.269905,53.13434,47.487827,78.57498,43.926445,174.06339,68.498726
47.897568,27.994175,78.90719,61.93366,62.713932,147.08333,153.80257
66.11769,39.924126,102.30057,82.905106,75.17845,142.8483,166.45792
66.69197,38.93469,67.25369,56.986572,52.694942,146.28653,161.55301
47.174873,48.401623,41.267025,125.26688,96.57312,146.2744,147.23051
49.203434,52.996113,41.56088,112.15657,64.93473,135.8218,148.54265
80.19165,13.391642,5.968377,173.57588,155.68188,150.34438,148.4229
5.651387,27.06434,14.490654,172.08232,172.01929,159.83725,159.17766
30.377571,19.434723,14.039991,176.5796,170.66533,163.06429,146.801
32.52999,26.943186,9.446686,178.0744,175.93369,130.5786,152.42096
22.341131,26.222046,11.154255,177.53589,175.08943,132.78468,136.92451
12.9929085,8.597131,8.751965,171.63377,175.91466,143.32866,145.45757
27.139723,7.8380685,11.416474,172.93188,176.902,153.50917,162.33034
26.69038,27.498877,8.908562,148.33194,147.74648,47.8769,55.0883
22.908375,30.079597,56.133865,171.42775,156.50577,77.83061,49.922157
29.69095,16.857574,7.7020435,148.62827,138.2719,40.781685,62.72523
17.472816,45.421566,64.97992,173.5486,128.89252,106.481186,125.17513
9.60879,49.11299,28.620275,173.21791,164.3491,131.55304,139.89494
12.398501,44.931725,25.9023,168.77081,174.67398,84.2471,141.12323
28.767717,31.977804,59.53786,168.39815,145.49971,80.24956,118.71773
22.636923,24.622513,41.114326,101.17174,94.80024,110.38128,85.495056
25.718214,17.535944,43.750896,109.01543,94.756805,77.13875,92.35791
54.814236,24.687754,45.318573,51.60523,67.88408,98.39179,97.22347
45.877216,33.161507,53.173443,52.01939,60.531086,97.50143,101.181725
56.94585,36.380104,52.246586,49.33848,71.11117,109.63988,60.662914
45.33905,34.138138,64.18894,89.52074,81.93102,73.3469,110.11393
48.960213,41.178516,57.566376,95.039185,86.56168,84.33613,107.4864
42.669777,22.557869,32.846195,45.192135,72.33155,134.16843,92.86502
36.033443,24.204706,47.040756,42.3133,76.03777,122.32476,80.71884
43.31739,36.158173,44.903152,48.290447,88.24947,104.277855,46.38687
40.91692,22.16747,63.14367,42.178726,57.394184,89.46711,71.97283
38.077587,11.137825,27.184826,145.9579,143.06505,119.77224,118.288895
29.10592,19.452616,46.919144,149.36548,137.25743,92.92213,105.5803
30.395767,23.834309,77.937614,136.72461,109.32489,83.90745,108.27645
46.899635,32.743004,35.104366,161.81264,150.62863,103.04765,116.368935
49.817223,25.053509,96.42768,139.1678,95.70471,103.73808,99.32262
36.25545,15.683362,32.98339,154.28932,144.01875,146.4635,124.10793
24.792383,25.012938,43.241474,170.01598,151.25645,56.675472,110.295845
40.14194,29.089594,50.48724,151.59637,130.23952,98.14211,102.29596
24.600283,16.554943,31.158335,164.31711,157.24199,147.22113,120.84795
45.968227,20.703608,33.595997,166.61977,153.70715,89.384155,92.73488
27.580133,17.492449,42.831303,171.46486,151.81627,74.19395,104.10786
42.905766,24.05054,37.211494,170.15201,165.32555,120.785934,103.067696
41.97125,21.370716,18.622335,161.17854,164.2111,143.13686,121.07086
55.186287,27.034754,31.061953,166.42746,167.74583,96.30404,66.18166
22.086342,21.36962,18.931154,173.90747,171.72948,35.93962,101.32637
46.88069,23.642073,31.106337,173.00705,168.48096,118.87371,106.68336
30.666403,35.963787,20.138235,178.51088,176.1622,124.991295,98.54343
24.84253,42.737526,25.422142,146.82796,149.0423,159.04474,117.842316
47.75658,10.340219,75.76478,69.23696,76.59188,25.115116,29.589191
32.98333,49.16416,61.83444,31.113712,60.55126,169.16776,39.76778
30.027979,21.950214,8.50623,145.72227,139.52007,163.59901,109.72691
28.818363,15.837722,47.959545,32.658096,51.958717,95.790596,64.3144
29.40789,43.039867,72.60977,76.664734,65.424904,119.35699,130.37598
32.820656,9.5694895,65.01967,55.46005,68.03466,87.99898,87.69049
35.607983,4.277091,54.77875,63.656002,63.823143,98.27264,78.24633
44.83147,71.55251,55.394764,43.48988,47.98422,94.024025,81.402054
24.233694,34.339104,55.388477,47.569862,47.715836,121.68138,59.114418
16.976557,17.890694,61.41539,59.71334,73.96461,133.68521,95.483025
18.061792,0.4905876,80.65271,89.72404,120.756096,157.97893,139.35889
20.927486,9.980183,52.115227,70.37848,85.95193,171.74646,171.2179
27.080227,21.734118,81.30832,123.6113,43.447273,79.364075,130.18082
28.230324,21.758675,42.53499,13.735317,80.149414,166.27919,126.25324
34.409405,23.376835,30.030619,108.966484,70.78201,155.59856,87.09647
53.86042,8.366424,29.198658,104.60519,66.99825,149.611,101.50037
23.611609,37.997574,10.9143915,91.14651,60.992027,127.37988,57.793644
16.07274,28.501728,46.739258,136.74307,101.44778,147.95398,87.422554
43.06255,27.74594,60.328148,90.66212,64.76059,138.88007,98.660484
45.757275,10.225622,61.10327,109.05506,78.21514,143.32729,87.32877
32.18036,28.548061,46.86004,121.19917,79.90135,143.59715,64.88234
22.170134,15.424656,52.49294,125.22018,83.14696,139.9091,127.46168
15.171044,10.399357,52.847,115.062126,82.66712,139.76811,124.38163
7.448058,17.780937,52.689552,150.37645,109.68562,157.14076,133.76367
40.0196,6.513881,58.327675,76.33109,61.494,144.70981,146.43597
40.192005,23.83921,60.00482,150.94144,91.77665,140.6941,74.42255
71.73164,5.3741775,51.775913,108.05055,49.8466,153.54813,95.49071
23.573109,28.241203,42.71124,146.827,115.83845,154.56786,126.98874
24.834146,19.883198,36.862762,165.91539,141.51274,152.7369,125.8112
30.68366,11.3877125,82.5361,130.24777,111.69304,155.30515,149.65695
36.368702,16.104055,100.18842,98.97556,88.31339,123.7158,116.32481
62.707634,21.622503,26.482489,83.60861,94.48834,132.06107,90.316246
36.2381,12.296642,46.039097,49.33405,73.205055,118.0659,79.83182
24.577793,34.363678,47.7853,51.636444,57.65444,124.17531,67.644295
36.92211,21.053846,41.742092,57.658752,61.86329,91.660355,68.664185
28.357306,20.671513,47.78358,50.397324,59.164734,81.597466,62.467785
23.964134,24.84547,61.071735,92.12254,90.00765,66.912415,59.742275
27.158457,31.143421,48.222786,55.233295,63.67872,98.59818,50.31376
36.612427,16.86544,45.070576,40.11969,71.127754,88.064575,74.298805
35.620987,26.63413,53.09274,71.24216,69.33973,69.97505,106.80125
32.460327,30.171064,48.071507,53.095478,56.177868,91.6267,53.74053
36.455315,56.38868,41.640263,51.101196,50.223965,92.46086,112.41862
37.807137,31.769903,48.06897,50.292923,60.960945,87.42945,85.5612
61.38895,22.852337,66.18758,83.598305,98.071815,101.37369,93.0352
37.602367,9.74558,69.91693,102.8901,108.98586,86.1959,89.91878
49.77609,26.135155,36.249577,69.984825,89.43685,64.07171,71.92388
21.771715,23.913103,78.74904,65.47706,75.844444,73.5268,83.411446
68.83769,57.721127,43.347366,69.14903,88.329025,116.01912,75.64614
39.89403,6.181773,51.10213,79.61962,67.19141,75.43121,90.248474
23.866167,9.836053,76.31311,96.49909,72.43176,98.34021,79.69884
50.678112,39.760357,22.953619,153.61198,140.59137,82.57234,105.23081
35.01683,18.17904,10.580445,154.64351,139.33328,67.95295,88.33699
65.619705,35.618534,20.003754,156.59962,147.87634,95.354965,97.7591
30.581812,15.981752,93.03659,160.3395,95.350525,98.93213,84.91811
51.776573,25.442007,18.88204,158.61526,152.18637,64.83427,92.6047
47.569443,14.11963,57.67879,77.99726,81.63833,80.43642,75.665016
57.501987,7.3085494,42.649323,77.17311,65.41254,57.181805,87.24965
45.232784,11.970341,48.74249,58.70688,57.46069,81.938805,85.28298
22.110598,30.213873,64.42167,162.67284,136.46783,84.49378,98.756195
40.134197,23.656647,49.707043,68.92691,82.49424,95.731514,38.332066
45.108967,14.076068,39.69214,71.759186,67.596954,63.45826,63.703873
38.119537,27.24986,43.01763,87.49455,99.04727,103.27366,79.08644
54.928932,22.719149,41.572132,74.83014,59.931267,73.53447,104.03322
28.436575,27.878605,96.5388,72.449326,50.00113,85.76936,81.540794
39.272182,1.5981417,48.149414,74.300316,62.95965,92.284485,89.95292
25.437658,21.382748,59.96774,88.65696,88.89593,123.51173,89.50456
31.93811,26.219673,65.96717,133.85387,110.36857,77.24614,88.81958
29.374855,23.224304,94.207275,93.83204,67.62408,57.980488,82.14662
40.328796,21.150505,94.35899,95.34931,66.96716,87.750824,84.2585
33.9939,28.770363,54.897457,158.9979,146.5436,138.19235,96.20994
13.120433,18.563553,23.30204,172.17001,170.12178,47.827225,92.684074
29.27348,24.962643,27.859823,173.28221,169.34796,71.67794,86.7691
23.168894,27.5208,29.259232,165.77576,155.77657,65.89206,84.72696
30.602968,58.227863,31.197525,178.11497,171.80338,133.60132,114.75646
16.936897,26.989262,25.397318,155.06142,152.44481,123.94055,141.75798
32.46514,18.49269,58.29827,79.77487,65.507805,127.52346,107.70925
45.857594,12.754668,78.97759,74.72543,59.886875,99.363365,82.39127
22.683363,20.831936,47.484577,59.827194,78.81397,102.64404,68.1871
38.941742,15.348537,43.20142,43.14895,49.197384,91.05542,57.940636
44.662872,24.634527,50.23639,40.480537,54.95088,119.25549,59.683815
56.631584,46.318516,41.492832,43.888966,55.25862,118.36232,69.24847
62.770267,76.81752,46.750553,40.26999,55.143227,115.72143,92.71113
33.888325,28.717648,33.6851,62.74953,65.199684,107.21562,75.79165
25.867048,19.670645,70.21653,76.85166,57.20414,142.27501,153.2497
41.19287,5.648577,79.100334,58.20484,84.17548,156.94427,170.24017
50.08596,20.237284,94.13278,91.70551,68.546394,136.61937,46.722435
54.299168,11.972349,50.750584,14.595497,97.35207,167.67159,121.31978
22.86823,15.672607,72.22001,134.3591,127.029274,162.94115,131.22093
53.304356,6.602776,70.09328,112.74612,86.5965,157.99979,115.98118
25.700344,52.658928,10.934647,144.35306,127.23877,154.08972,85.001564
36.00353,27.455154,44.931835,96.7194,76.5487,130.35033,112.15591
40.3895,13.3926,56.004616,117.99477,71.643234,137.12715,48.68235
13.131727,28.676691,54.640583,133.07314,95.52486,151.53183,120.62085
37.933357,16.7926,100.40756,76.40778,78.598045,122.80045,159.15959
40.867306,9.130755,69.941154,91.519646,99.970955,132.85164,164.9839
21.016092,34.91253,112.56131,119.3914,87.71822,138.72633,113.33897
31.859781,57.39565,79.02643,135.58737,95.76742,145.46695,110.901596
129.71213,50.29856,51.818184,77.2633,144.22177,50.772217,40.865833
31.627289,17.810883,52.65665,61.507713,48.33503,104.67925,96.696846
35.845222,20.593164,87.52443,56.64208,51.352077,68.78649,51.385494
36.24916,22.758492,64.25669,43.99782,48.833706,94.55772,61.255116
47.434296,38.726135,17.052814,140.2746,124.9009,110.68871,89.03628
20.552298,36.78009,31.922663,81.03257,78.570175,87.90906,64.15854
43.83287,41.077568,39.463337,41.924465,47.654705,112.325134,95.25256
22.955572,53.07204,51.428196,134.75389,117.55871,140.14818,145.43034
24.17779,36.79781,21.902483,107.74151,109.12188,100.13958,91.33584
21.334606,24.375935,22.073296,156.37817,141.69464,107.661804,80.96544
25.532545,30.661957,52.35914,41.200787,60.849476,97.036026,54.623928
28.901083,36.232384,50.959976,36.434288,49.05181,92.34749,98.1717
15.530847,36.556095,63.301357,75.44897,64.248505,98.85068,100.81133
17.409775,45.645332,9.616746,159.65274,153.64758,131.448,101.13117
22.059105,23.840223,65.72041,155.97496,125.59087,89.925026,105.39763
30.763308,25.459349,40.48895,163.14426,145.92877,91.27762,91.45064
39.563618,33.439323,60.964462,157.27847,124.21665,94.31722,90.492645
25.037592,30.483,55.38471,172.77672,152.77567,57.56807,98.58122
26.593267,17.464226,90.77247,113.43556,86.006966,100.66089,101.58161
30.184278,38.80754,45.4575,170.45862,158.50063,45.303177,97.366905
30.86423,18.686865,94.500206,109.30477,74.467674,125.19196,98.405235
24.161942,24.115051,78.93937,135.19608,79.95472,58.934032,93.77622
38.231625,23.147383,49.377846,102.399185,90.91758,107.45105,92.465675
33.604412,21.56691,50.91485,76.56921,68.08626,86.46859,102.184326
29.154406,33.157722,41.73025,80.81479,76.31487,93.51575,105.75201
35.310192,47.745037,84.46952,78.15037,65.78779,116.379135,94.11826
29.223715,36.571156,88.6793,111.63559,85.71152,120.964584,97.246254
33.021687,29.411972,45.44836,71.97232,60.02519,76.998375,102.9817
93.36269,97.45977,38.787457,50.49604,41.572887,131.161,149.79146
96.32944,96.243965,46.28518,47.901875,37.436665,142.74655,151.86237
77.60581,75.88472,38.766357,53.29766,53.21621,141.67175,155.19397
116.74666,106.39799,39.557606,46.35928,36.849907,154.44562,140.93379
85.4108,85.67378,51.440018,47.210533,33.849392,153.03455,150.36978
83.54262,81.00698,46.292248,45.300568,39.569958,151.77138,155.88864
73.26153,64.05377,53.514004,54.383183,48.31747,125.17703,103.14235
88.97056,95.048645,58.78452,51.873516,32.968678,150.82951,158.7525
86.88311,83.39484,53.259888,47.985268,34.762726,144.51678,143.11888
105.370926,90.16339,51.35169,48.84317,34.89601,139.85402,127.32775
91.92909,106.22599,58.90915,55.613884,46.149418,150.45274,156.97739
88.31172,98.21362,56.657066,51.034046,41.33205,132.45801,149.95549
114.174065,116.09414,36.70093,45.469025,35.557915,148.98868,161.333
99.27545,98.82516,36.123512,47.584076,40.597763,150.46654,161.16592
83.481186,85.02999,36.208645,45.32247,43.6978,125.51373,143.73663
105.27074,109.026855,34.108658,45.726433,43.430687,161.29668,169.39912
106.51275,111.61159,36.08793,52.988785,47.99876,147.19908,164.69319
84.810616,88.97959,40.07363,52.25695,48.413227,145.93097,158.8559
86.42347,93.886215,38.274334,58.495293,53.4891,144.23793,161.59537
87.927925,95.99507,35.92342,59.304684,56.10027,147.96648,166.5469
103.74771,110.69958,34.1083,59.286587,54.477356,155.55429,165.01677
105.81096,111.62222,33.892834,55.889618,53.350746,158.67484,163.16049
85.057205,123.94529,30.613426,60.376213,57.01463,113.49292,166.03076
121.54731,127.741455,27.98679,58.44984,55.63187,159.66382,169.4337
115.721596,119.59692,30.92023,67.45544,64.70783,146.234,164.50513
103.255066,104.98143,31.458447,73.9086,68.427536,148.17236,159.6323
49.547943,97.36778,29.414,87.303925,80.17929,58.567142,146.71759
52.322712,51.75834,34.98763,88.640114,77.63071,157.54335,43.34523
34.866524,65.91587,31.088387,90.74535,83.28891,50.9817,126.14856
58.722946,23.664171,37.39293,99.02537,88.13344,98.024315,48.72132
37.291573,73.14744,35.89396,108.21967,95.593735,78.620804,134.28148
71.04557,80.016426,34.62467,103.666695,90.10961,135.93893,148.40059
43.379463,45.22327,39.773247,122.14184,122.952194,147.96419,172.03297
81.50323,78.54479,43.716045,127.88094,138.7226,148.30939,148.32086
72.150314,72.521935,36.32616,132.98419,133.1009,135.99672,140.88844
73.83521,81.18763,39.714085,136.66841,143.71457,133.8376,149.2117
72.33263,76.90943,41.645634,136.57436,143.1773,137.84962,143.65306
73.813484,75.67127,35.286873,127.33771,119.48334,138.51715,144.88452
73.04402,72.194374,34.876667,120.19835,109.55173,139.46924,145.51132
70.57862,85.56298,33.599224,104.77352,93.44701,132.19815,151.64262
37.626892,95.97205,32.46689,96.40938,88.74769,110.34703,157.97057
79.523026,96.368996,33.28193,95.49102,83.64673,144.3145,165.02385
83.23595,94.628075,33.566532,88.39334,79.41725,143.95992,160.97458
54.086918,68.99245,35.609394,81.753006,68.029335,137.36407,70.160255
71.84822,88.98236,38.25472,77.693344,71.044,137.88173,159.4917
55.48455,92.08543,36.74374,73.02087,67.84283,111.933266,153.62163
88.1772,97.54903,37.536594,70.672195,64.278175,155.7592,159.19496
102.6954,105.26649,34.026295,66.76725,65.5777,155.26427,164.4374
99.14446,94.860954,38.12646,57.7888,56.448025,149.17834,156.83931
102.26678,90.55755,37.58997,60.440834,54.31527,151.7213,153.6786
83.17537,74.99579,33.619564,56.894524,52.294567,141.60664,147.66968
93.81994,80.104904,38.90357,48.13693,44.306522,142.58508,135.78027
85.97647,84.93922,39.204765,51.036148,45.830524,133.85954,145.61609
68.03976,46.36697,29.60986,47.262768,37.863388,115.92743,90.85714
94.94516,100.38814,37.187466,41.759304,31.130272,145.76587,154.43823
96.08641,95.7415,38.248524,42.444157,33.69807,145.9484,157.70847
94.75691,101.693245,44.135437,46.74015,37.24802,144.41472,155.4716
80.78365,76.46815,57.08558,46.30318,38.94654,151.97638,143.66463
76.37151,76.19887,49.09635,58.712494,42.475307,150.01237,154.50752
69.888756,75.53639,61.1894,58.93546,48.781742,134.52373,146.20737
67.87669,74.45868,47.916065,51.76312,44.521595,131.23724,142.95682
72.15216,80.63529,53.23431,47.23319,40.26844,144.55273,152.27788
69.16562,76.04927,42.09403,52.17729,48.46952,137.69678,147.98143
86.753334,83.78654,54.645065,48.88825,35.544464,153.71715,151.07576
91.42568,88.339005,46.506836,55.61073,39.26016,140.28336,148.00633
102.43986,100.05808,38.633698,50.484066,42.136467,143.3158,144.80473
96.209755,92.98122,36.391556,46.714123,43.20647,141.90376,143.14836
112.165855,109.071014,34.234196,46.131836,41.81473,139.19681,149.29294
80.78565,88.84169,37.933743,48.586456,43.04934,114.90171,130.99266
86.309784,102.234856,36.35053,48.13086,43.56433,140.18608,159.96944
93.55717,97.11888,34.53807,53.191383,49.915333,142.79361,157.52693
93.33148,106.624695,35.62815,56.396004,52.78563,152.93576,166.24109
86.72978,92.94334,36.372738,58.29009,53.57384,144.15578,158.83461
93.496574,95.42817,33.670666,54.80398,54.292927,144.07133,153.86108
99.93915,103.69309,35.229908,60.469,58.30541,158.83032,164.92085
112.93236,108.08351,34.730133,63.436676,60.266315,155.0429,163.51059
91.649475,72.42825,34.490417,69.62107,72.16742,140.27286,139.72198
108.959274,60.2562,33.074867,70.2316,70.197945,147.58246,87.66604
50.528732,57.418835,32.435192,72.794716,62.262,151.74895,156.10056
86.32754,112.90084,27.844896,77.91466,67.95498,127.26948,160.19164
76.70716,43.23125,30.947535,80.79007,72.57887,100.79161,35.2344
51.72528,39.466995,25.697533,81.937256,78.22817,160.42992,25.838009
46.730774,64.10556,39.927967,103.8809,85.76174,128.16061,68.47806
27.984228,49.718056,38.794834,106.23812,88.47475,67.53281,113.4114
31.57181,16.246653,42.58621,129.16463,125.59537,62.132587,62.863255
79.36602,75.77263,41.065834,130.82462,140.18645,137.67047,144.16586
81.34056,72.147514,46.204525,133.24261,147.92444,146.2174,143.65706
71.98909,75.6386,38.381268,129.76456,145.55902,138.13696,146.69624
48.418045,82.54512,43.97798,133.39642,155.25731,100.93692,153.15114
79.529434,85.00904,38.22701,135.99669,145.85104,143.62651,153.55855
79.38139,88.25915,40.797974,142.96426,149.69139,149.33308,161.26234
44.197113,75.85138,44.158634,131.64076,149.636,52.183884,144.00427
84.17094,89.74582,35.555393,137.3623,143.97968,148.95557,158.4564
80.55045,91.36958,40.65378,142.90048,148.50041,143.61368,163.82979
42.982143,87.9681,43.853725,133.72826,149.41763,31.475521,157.08968
78.95302,93.27348,37.860786,143.32004,152.05121,137.41458,164.14493
74.20884,88.94161,36.32556,144.34819,146.02533,133.45557,161.5916
90.30405,91.82617,37.598164,145.25185,148.76111,156.73395,160.49367
43.10679,89.62386,37.87945,141.94443,147.125,126.69678,158.02736
44.2027,86.83792,37.03363,146.69354,153.03494,84.59387,158.7275
79.467384,86.1598,37.629803,143.65677,155.45404,146.77303,155.5502
42.617306,88.92342,38.881973,136.60486,148.0761,85.26008,157.0886
88.326,92.209366,36.77657,143.16202,144.5453,150.91466,161.38062
76.42736,90.57787,37.379852,138.95206,145.15201,132.13933,158.29572
80.41669,92.2916,38.38134,140.43674,149.28435,147.51254,161.76802
54.399662,86.6445,39.72341,136.92921,150.01918,146.15495,155.85654
60.136726,86.16834,38.6524,144.72574,156.51222,115.77206,155.70651
46.105026,78.58348,46.061592,144.00433,159.65857,78.591545,148.29175
69.61106,86.21827,35.844116,136.72314,147.76974,127.595345,154.14667
46.340916,83.286804,37.900726,137.92993,152.12907,94.59453,154.17604
57.04225,64.270164,41.162186,129.8288,144.43489,158.4056,127.53583
78.01726,82.80107,40.354073,138.23862,153.64557,137.58147,152.00092
79.730225,86.32264,39.878284,137.43307,150.73044,144.3552,155.90189
74.25765,83.32319,38.731586,138.06505,146.70142,135.44444,152.97578
47.816624,73.262535,41.539253,132.49026,145.53386,128.44206,144.5991
82.01617,83.27788,37.57491,143.20647,149.93547,145.92896,155.42621
76.8228,79.04464,39.847775,139.96268,146.14702,143.1213,150.57466
83.154205,85.16002,36.697807,117.80931,122.792015,151.36609,158.75163
90.24117,92.108826,35.201023,117.94553,116.652176,153.73709,157.26007
77.73853,81.84356,35.992992,113.618095,111.313576,144.58144,154.5209
79.456635,85.60436,34.121098,112.61367,106.13488,140.0039,155.5429
68.98159,78.87877,34.175053,102.30149,92.49508,127.10151,147.0031
82.44127,93.90618,34.202007,96.93719,86.24488,146.64151,158.89604
77.35615,88.55335,32.972546,87.23903,81.245575,146.6325,162.11052
54.41769,59.703888,34.887577,80.1783,69.62014,155.27254,178.56712
50.01873,60.84336,36.4448,78.64868,69.505585,146.91531,176.6036
53.792038,94.12871,34.726765,73.69492,73.6493,86.066864,155.58467
100.18322,99.591156,30.36147,74.94464,70.78973,154.04214,156.15843
111.77488,114.493324,32.026104,62.46056,59.691166,157.2618,170.79747
106.87521,105.66348,31.783361,62.156807,60.730568,155.13968,164.69655
103.20342,104.41302,32.38368,56.576073,51.194057,161.81485,169.8137
91.57614,86.73891,35.22017,55.412434,51.877785,143.35324,152.00279
80.02648,89.008255,35.10168,52.75161,49.673225,136.20071,160.34161
54.016243,49.4483,34.597687,49.023663,46.25191,48.056496,54.992424
55.69819,79.7668,33.856766,51.943676,49.804028,101.44588,109.24397
74.467445,86.98664,33.025433,50.243134,46.326385,146.7368,160.99309
89.978294,78.09638,36.668396,55.6376,49.131393,75.23626,91.89671
85.474815,87.30331,37.39919,51.021065,50.051464,148.7057,155.16713
102.29618,102.16129,38.109974,46.41945,38.392143,157.957,158.45726
76.848434,77.835625,44.486225,54.08125,46.552044,155.07054,157.69911
89.48718,90.23598,52.29372,45.762474,33.18405,146.19571,156.01933
103.09846,100.88832,48.703644,45.840324,31.06585,156.42259,142.97104
65.98182,50.654297,52.82808,56.730453,55.15026,123.53822,113.54917
79.52597,80.855446,43.228474,56.021103,43.817738,158.55223,163.63766
95.33608,92.96442,41.617535,48.74312,41.83409,145.20514,149.98141
104.15141,106.615944,40.763763,48.520096,38.87625,154.62971,156.90286
108.85984,107.94258,41.766724,50.168385,38.34758,155.75204,156.49478
121.59955,125.7458,32.289818,49.18879,39.336613,159.55692,163.92212
120.17162,122.492035,31.457203,44.311436,37.444332,156.62926,165.75897
94.4554,100.43073,36.291832,44.566257,43.078842,150.75691,164.13919
113.920715,116.902466,29.775515,45.59983,40.612854,158.48225,168.23393
103.18784,104.39149,30.236628,49.536766,46.542606,152.42683,164.70422
98.70055,100.06054,32.45219,55.514378,53.083828,157.37859,164.8369
100.49851,101.94292,31.492477,52.123272,48.45643,152.06967,165.97235
116.56045,112.492584,28.248709,60.73919,52.525658,157.11073,167.34972
110.71012,111.520676,30.225996,66.18666,60.319733,150.48961,165.7665
102.90854,59.631878,33.242058,65.14103,61.810974,121.04176,64.706825
116.00327,112.970345,31.945818,60.20959,56.79388,152.90517,161.85124
96.82671,96.87816,30.788544,78.03357,73.33625,143.32451,154.3712
99.78938,91.90352,34.12313,89.28511,79.51027,151.57182,147.76721
85.91752,60.36335,34.89408,93.20375,86.77008,138.97496,56.169212
51.959457,52.128998,35.713875,107.22737,92.295715,86.47224,57.31203
75.611244,80.28365,31.91988,99.315254,91.68317,123.32416,149.82716
73.70096,73.74505,35.057854,110.92569,97.54276,134.18628,140.16391
37.310802,46.783638,32.357464,97.79222,86.95549,143.6874,177.67694
40.964855,39.594757,38.4635,114.12151,114.96668,155.56111,166.10316
46.654785,50.823013,37.057735,127.82772,119.15509,151.89671,174.23581
55.77641,39.65812,39.71958,114.04143,125.99787,110.15345,98.69241
73.63209,81.0879,37.232857,127.75554,139.59586,142.91928,152.85683
66.4198,78.64301,36.936543,144.0064,148.95764,132.65294,150.68208
69.51667,83.578354,39.358044,139.66313,148.17017,133.97006,157.82007
64.49136,86.83169,40.149082,141.53249,149.96532,128.71751,157.33798
76.30938,89.646545,41.81245,146.46547,154.72083,139.08682,159.05563
79.93236,80.78452,40.54311,143.03032,148.86124,147.76599,154.12253
79.34831,89.92823,40.92935,140.05394,148.096,141.34024,158.15332
76.6933,88.51696,40.45555,140.41931,146.50352,141.66806,157.87929
63.568123,84.621056,43.103313,143.20428,152.60437,123.03462,155.23726
73.04107,87.38908,39.779144,147.17249,152.43211,137.33223,159.11044
56.80114,83.56169,38.829117,147.14752,153.8906,113.06542,158.39735
65.54949,80.25624,40.441658,142.14615,152.7483,129.20345,155.4071
42.98218,83.01421,37.048885,137.95776,147.07675,88.56142,156.2205
39.833576,82.12703,42.382404,138.38264,150.28749,51.83205,151.51996
70.120575,80.66477,37.902866,145.11021,150.0055,135.36572,153.11407
79.34952,86.33766,40.304058,143.29976,150.90578,147.4394,157.85048
64.37106,89.185524,41.78886,140.5578,148.23325,122.09211,159.01698
80.94348,87.065155,43.12372,143.91109,151.37262,142.35124,157.47815
76.22592,78.603714,36.34211,147.23912,150.21547,142.10437,148.32874
75.24331,86.99215,35.71302,142.52805,147.78009,138.18556,159.04759
78.86135,83.89309,42.224655,139.90927,155.8168,140.92636,155.70338
80.349045,82.04662,37.202717,134.10165,143.40825,145.31133,155.79135
77.97758,80.5463,38.71406,142.19032,143.98471,139.2493,150.32776
77.013306,85.36779,41.122078,137.58871,141.93782,139.71199,156.09956
84.4861,91.93727,36.615746,131.85684,130.32066,147.40683,160.49431
67.46935,82.520515,35.473297,127.51654,126.006,130.0515,157.34766
77.653725,83.709564,39.568,127.032684,137.92627,143.25406,155.41754
36.62267,83.89205,35.804287,99.144356,105.3255,64.16446,147.64725
77.01894,76.17984,39.76921,115.10851,94.9847,141.6537,147.38364
36.515953,85.33747,39.434483,98.11456,80.34124,116.53029,150.54784
50.74689,60.631134,34.931164,85.30282,80.17317,152.8884,46.789417
49.379025,59.31544,39.08738,86.836494,70.94267,162.54878,171.346
55.138187,69.203964,39.413296,82.19971,65.22861,144.15073,144.78572
77.57083,101.58304,37.518303,76.64693,68.329414,149.09059,161.2352
75.54824,94.760506,38.15453,68.34773,64.71397,129.46837,158.99971
108.02596,112.69767,33.956608,60.852215,55.488483,158.6664,171.54991
98.45849,102.82481,33.870083,55.577087,50.55681,166.65729,171.36407
82.92788,91.02695,35.94085,59.9601,57.443882,142.41171,159.45769
62.929016,83.08044,35.711258,51.881805,49.533924,95.69784,74.51819
74.48511,79.73476,31.666733,47.24663,43.159603,113.74493,77.989746
37.25814,92.27555,32.48582,47.798527,44.810974,37.42619,85.31845
43.649586,79.23554,33.478092,45.856747,42.15676,35.7883,70.339745
91.686714,85.95165,36.090977,48.46929,48.043446,140.67688,150.14548
100.876854,98.30793,38.671246,51.079723,44.282722,152.76154,160.69913
72.47875,84.50282,47.313084,56.9076,41.11514,95.46543,118.93609
91.820854,100.323784,52.351803,60.36181,43.138638,133.42369,159.42943
98.12766,98.7276,53.409565,51.746895,34.545547,147.03285,148.34308
108.88583,106.92149,46.683254,54.292786,35.453465,158.0532,145.97316
75.90425,78.416084,45.264523,53.720272,46.451336,142.31938,150.30074
73.3378,77.48719,47.626923,50.42787,39.508877,135.99065,148.42175
87.403336,89.53155,41.82601,48.712173,42.33224,148.42294,158.42741
71.641716,67.39703,40.990273,53.88076,52.542088,116.23047,122.66167
98.34709,93.873436,42.929436,42.02687,33.833557,152.99706,135.41231
128.17377,125.51644,41.341454,48.20006,36.75833,163.52,161.46172
98.85658,101.70951,34.99826,46.337326,40.787716,156.6253,156.55751
86.71405,92.54611,34.643612,48.255405,42.103775,154.85208,162.56729
83.75161,93.5651,34.624947,44.844433,41.24009,145.80922,162.5395
87.95363,79.97374,29.07301,46.756664,42.82353,131.1893,98.57706
66.014824,88.20933,33.937534,47.308598,45.17275,88.97793,141.96887
103.47904,107.75034,34.322445,53.035103,47.34112,148.79659,165.56425
119.5047,121.4804,30.549932,50.840508,47.6868,153.37035,167.73564
89.73055,102.06169,36.914856,57.252308,54.568718,147.85693,167.37524
106.62277,113.11369,28.988667,60.121796,56.992783,160.68156,170.41878
109.01289,116.89576,31.848217,60.769093,56.94915,161.22133,169.01053
61.97254,109.30607,30.130173,60.730766,60.202717,106.86566,163.63383
112.25447,126.16491,29.343882,55.593876,52.28134,150.75443,166.92647
92.48464,111.59622,31.53586,65.594894,62.379166,123.636444,164.81781
59.171482,100.507256,32.880493,65.05002,59.822094,102.83468,155.80934
58.33434,104.04578,31.879723,81.301216,75.4514,107.32456,154.0434
55.61034,103.75183,36.630867,84.85171,79.72927,130.17337,152.01122
44.30666,56.21279,27.792706,77.8345,73.036194,166.38643,142.17827
53.184856,86.02105,30.864216,78.403656,73.474686,106.03111,138.39299
46.529385,57.45399,31.930416,85.49543,76.77233,134.36363,176.90654
49.83346,60.70912,38.240982,98.13033,81.85131,159.69162,31.215803
34.28698,43.062984,39.15261,111.33494,95.44782,161.26764,46.63877
42.964138,53.983963,37.378254,111.135956,105.785774,125.53972,162.09082
86.35158,93.169106,46.10387,126.52224,143.55887,154.0635,160.35333
76.61603,83.475624,38.697468,130.71596,142.8016,138.17484,151.04938
53.627995,77.58741,39.966698,124.78939,136.19412,144.52946,141.40317
67.330536,83.17582,42.500584,131.00874,143.92798,121.94336,151.33423
37.63754,87.941414,44.359474,134.68889,151.87518,44.282444,154.06702
50.009773,87.60934,42.919487,133.87636,146.42465,129.36848,153.8271
91.366264,96.11205,39.386494,139.27078,141.9644,148.60034,160.69916
43.73526,90.238785,44.327736,131.02507,146.54372,44.74721,159.04121
39.387165,90.03995,44.53355,136.01256,149.63782,37.870926,157.55847
52.06395,83.38014,40.437202,134.40248,144.24017,124.19753,150.97052
53.666607,82.722595,42.270157,137.22145,148.55074,127.54163,147.68883
66.78403,80.34067,37.76629,139.60823,150.12343,130.05609,151.6398
70.004295,83.95235,36.837257,138.49457,141.1216,134.58035,154.16508
70.93412,78.5779,37.6186,137.8381,142.15173,133.30096,149.10748
72.32433,82.57625,37.11927,140.79063,142.75475,135.79378,152.03416
73.94644,82.85914,39.081272,144.47943,151.89331,140.30531,152.04814
80.32016,87.26702,38.905483,139.85295,145.54361,145.04214,155.93634
71.80181,78.57257,35.273884,141.61888,145.29718,137.73947,148.29163
64.54237,88.9028,42.179867,145.04192,151.66,112.51974,155.58011
46.94314,87.41834,39.892635,142.52036,151.68684,84.326195,154.62552
41.598064,86.41194,44.197117,140.51697,153.01726,35.901142,156.55191
68.78557,85.07039,43.258118,136.28786,146.28198,124.86302,153.95871
72.637856,79.131424,40.9612,139.93921,146.64168,130.04813,148.30438
58.696983,82.245705,41.24866,124.33252,132.86877,110.08257,151.48761
77.14762,82.65829,35.43602,129.86765,112.28844,140.82832,153.23814
77.46469,88.71435,35.626232,108.676094,93.00418,143.05798,159.50272
72.93847,79.54452,34.019222,99.835304,88.82709,136.9852,148.6174
45.43281,62.374657,40.78962,101.749695,84.443535,29.30596,122.38387
37.260414,64.606224,36.059044,85.89249,74.57379,149.13916,38.249687
40.748306,73.4471,40.417027,90.7137,79.5595,47.40038,55.480946
52.09434,72.55393,39.294823,81.09944,69.04429,156.94269,159.7017
83.76443,88.44632,42.82498,90.024864,77.05182,156.54291,162.91446
99.93506,103.59458,36.34671,71.7815,63.79035,161.85098,164.37437
98.01454,103.607895,40.36183,66.815895,61.91402,154.95723,164.0198
79.733894,72.46506,42.13289,63.926285,60.67596,110.60556,122.12012
86.35623,86.87903,39.482666,58.30001,54.707455,142.11934,156.48924
80.64846,77.600334,39.834167,58.054077,55.029694,138.73032,153.9014
81.027954,91.13678,39.95102,53.27076,46.991158,135.2415,159.6944
68.4204,70.79762,35.8983,49.975113,45.269173,106.59309,84.51222
68.65056,74.04711,36.24219,47.00829,39.04622,78.82802,89.92075
77.46277,66.66067,39.840664,47.46662,38.00805,123.76835,94.47543
87.95105,83.10194,34.00828,46.33022,40.415714,127.29423,138.88992
86.9347,78.44287,51.505905,55.39429,39.44228,132.15382,129.15182
104.37692,89.05048,48.51118,49.857437,34.855297,135.07793,115.37634
107.44285,107.11763,54.33018,49.527325,33.434387,149.47993,144.63393
113.99328,113.24843,60.78418,55.127308,31.875973,155.72812,147.80638
74.47234,75.9154,57.449997,61.02421,44.587032,146.43091,148.56032
40.314117,53.203014,56.958706,46.13131,36.975395,94.38833,41.30871
94.87536,100.95257,52.71501,48.789112,35.369522,152.57663,163.71793
91.20324,99.60889,50.167892,53.548336,40.227753,135.21996,157.944
58.376236,39.332706,45.00886,51.83598,45.092552,124.59266,114.16304
91.049965,90.07879,55.013992,46.2322,38.159805,151.27199,132.87003
77.203094,77.73231,40.3331,51.648605,40.553093,134.39662,139.21552
91.440186,78.065704,37.01632,41.671406,39.437515,135.6595,120.79418
69.84141,97.520004,34.125977,45.744953,43.732395,119.325966,108.43548
57.977894,63.73413,34.842205,48.02411,46.35083,43.56729,57.63067
91.53629,97.01241,35.061264,52.147655,47.793476,153.61067,162.86162
62.981083,40.906746,42.60967,67.68302,64.68345,91.50212,62.136032
65.07332,45.983784,37.813564,65.139786,65.83437,93.7572,68.96495
64.27909,50.612377,34.772533,64.60512,63.901176,98.43067,83.05714
65.016335,52.260925,33.95055,60.367134,65.96984,100.401024,86.389946
65.58533,51.058716,35.754818,58.883278,62.355865,98.18918,75.649994
65.54939,55.178722,37.517914,57.600807,64.75969,100.630135,83.570305
69.40298,60.90359,36.455486,51.288353,60.691994,106.71165,96.100655
63.428925,53.782932,36.471203,54.276318,59.93477,99.59087,88.77959
64.7177,51.164974,36.313454,49.923244,52.9295,101.244736,85.28792
65.617355,55.75531,36.675243,51.382523,56.883884,102.63887,91.29669
63.887108,47.453648,36.1384,48.55123,54.203564,99.65363,75.94372
59.632145,44.52869,38.647724,52.705708,60.748817,96.547966,73.53442
63.558514,50.123486,38.371197,51.962578,60.21845,102.17638,80.570816
62.341587,49.304283,36.036736,48.39049,55.73113,99.708824,77.86811
65.27271,50.1292,37.38616,47.967537,59.036396,102.264854,76.80275
65.15353,49.307182,37.320362,49.17182,58.280838,101.8117,77.88248
64.82628,47.368423,36.931595,45.31218,53.40582,101.00008,73.95198
62.657795,49.818726,36.735275,48.92386,56.673885,100.14453,81.7165
62.331318,47.108532,41.188576,54.839233,59.6266,97.337395,77.22408
62.864704,45.1089,38.360783,47.750244,54.830093,98.852806,69.08593
72.00993,58.587967,38.11056,48.36959,53.80594,106.96642,88.3603
65.38094,50.602528,34.382267,49.85673,57.310562,101.38385,83.49104
61.597313,46.864586,38.00544,56.096264,64.18364,94.305954,75.8412
58.050587,39.288483,37.62492,57.35227,58.531113,94.648674,59.756084
59.32359,44.13767,35.75558,64.107025,65.874855,93.60468,71.444046
57.357918,36.5491,40.698505,60.158405,59.642323,88.83709,61.673157
53.09748,32.431576,39.567444,73.26234,73.818924,87.4101,62.832382
56.73004,37.302704,38.838654,69.74398,70.314804,91.50586,69.34264
57.915062,37.01872,41.07921,75.80382,75.3506,98.65355,68.51201
62.535465,42.791836,41.023403,72.696144,72.75918,101.277725,75.471344
69.63988,51.426376,34.949738,75.94497,74.79189,108.48028,86.08532
70.73926,50.36003,33.298714,79.074615,84.1164,108.507324,80.57349
82.04073,66.98809,32.07491,75.233665,84.31538,113.783325,90.77433
75.18773,58.06079,30.355623,75.178535,76.83824,109.319305,86.74843
76.47728,59.67673,33.741753,77.2654,81.41138,106.41055,91.23767
74.71259,58.797947,30.63219,78.89929,81.433655,108.12661,86.56201
83.39467,70.32898,29.067787,75.29759,73.373405,116.713066,101.78456
74.85713,57.557087,30.125433,79.19002,86.55626,107.96476,87.90817
76.65362,66.35191,27.590317,79.639984,75.33606,115.024284,96.4748
65.78406,51.694847,28.68873,84.853096,83.42162,106.45273,83.46981
63.076622,43.701435,29.394943,83.87934,84.01874,100.00234,70.58769
74.25139,59.46652,27.782045,87.678764,90.781,111.52682,90.899376
71.79516,54.69636,35.11622,79.38787,81.73898,112.43627,92.57121
63.51977,46.011036,28.834362,79.48015,78.934715,116.04059,101.09852
73.84492,59.369556,30.233278,81.21632,85.277374,117.26739,106.2887
60.539845,51.7215,24.390451,81.57468,82.284164,109.40729,109.852
72.58076,64.68599,24.43787,80.845894,79.57089,120.09037,118.45086
77.11437,74.65384,24.362478,74.18826,79.80544,125.40672,135.04395
79.00967,73.97853,24.015263,87.52853,94.79686,123.723816,128.09361
80.66577,79.61483,24.490782,85.330444,89.49255,125.149765,136.73431
77.463234,73.77256,23.971775,91.650894,92.18779,122.9497,120.045815
83.00509,77.91336,25.336296,92.62278,97.68511,126.573425,125.56417
80.192345,80.903564,25.803385,93.77286,93.57483,126.905975,129.81496
80.45178,75.159935,37.44846,107.75888,105.314445,125.52279,130.35506
76.50505,74.198296,36.3586,125.651924,126.828575,127.77737,138.12187
84.84491,84.31697,31.738556,115.189224,120.897,132.00778,142.53781
77.09457,71.6739,35.30067,136.40874,139.82994,128.14847,135.2039
71.49049,70.39333,25.555601,116.7061,144.95059,131.99496,143.03886
81.50958,83.742546,26.871147,119.04265,144.20871,135.19026,147.70712
83.84474,88.714226,24.882534,118.760506,142.24286,139.72462,159.25832
94.91042,99.14095,27.112347,124.965324,137.35764,145.66989,170.20084
97.93594,100.48473,32.378513,126.89484,132.97568,148.11282,168.18903
94.839714,95.87095,28.751534,119.412,135.6749,146.20062,168.12816
92.79013,96.84032,21.85956,100.7172,117.51546,142.07738,168.75171
92.187805,94.69407,29.367376,91.71237,128.9784,147.3149,168.2099
92.424805,96.17191,26.633286,105.26052,129.06593,144.90636,170.8203
90.29785,91.13462,44.188423,135.17122,141.19725,145.95505,170.084
93.15234,95.92862,43.349075,143.19804,140.94911,145.39098,170.23155
93.994095,97.21463,35.413994,147.55237,143.30196,146.26636,172.92601
86.8631,90.939514,38.407356,150.6582,141.27318,146.81284,173.00296
91.77198,97.48326,31.79335,150.34998,140.7803,147.7704,176.2789
86.10455,93.51008,30.297491,150.1113,142.12979,142.68472,173.47974
83.12641,92.03998,25.362213,151.02283,142.58717,144.84386,173.22702
87.65927,95.60616,28.392416,151.8908,143.4058,143.48459,170.58386
87.7802,99.0123,26.826052,153.64282,142.39592,140.89859,173.35925
92.89452,100.602036,25.736523,154.14655,143.19066,138.2383,167.72186
91.102295,97.63388,33.871292,150.49895,143.77528,141.854,169.36081
77.03095,82.89893,36.888454,152.66623,150.93341,134.1887,155.93497
74.5376,80.17505,24.844269,157.9029,153.75346,126.27943,153.92422
68.62717,74.29082,30.023815,156.64719,151.09453,126.74922,150.22133
66.71895,70.1777,25.732935,156.67491,158.93636,116.89338,141.23448
62.75989,68.061005,28.310549,155.5808,160.27066,112.800995,140.2604
70.95855,75.08406,40.56142,155.0415,157.05826,123.277016,149.7274
67.83053,75.057014,33.73735,157.20645,158.04358,121.86751,148.72345
66.99648,75.397194,43.136616,159.2223,157.44283,119.807655,152.61589
59.43948,66.77262,36.63908,158.0641,157.29599,108.560295,137.03264
70.32594,77.41922,40.452446,155.0161,158.49533,112.91233,140.68526
70.23564,75.00924,35.765854,151.02502,158.17671,113.21073,139.24701
71.426834,70.939064,46.192364,154.71382,160.21274,115.41122,126.835434
64.17865,70.0145,40.593697,153.87302,158.66183,111.57971,127.20963
60.68903,73.509186,36.921688,155.99559,157.2528,105.45276,129.61275
60.576603,68.47294,40.921055,159.91022,160.27434,111.35432,126.331215
56.613243,64.06431,45.67521,163.6266,165.0548,106.06533,122.409195
55.164734,60.25569,40.29094,163.43816,166.71149,101.27925,115.74899
60.558857,67.50952,54.540203,164.17096,162.00006,111.88698,125.156105
45.761864,55.15601,41.351597,159.19113,163.39755,102.298645,121.15424
53.23286,62.377613,39.78031,158.28008,160.04698,109.36032,117.35467
52.48078,59.57993,50.609055,161.62148,164.01743,107.9772,118.82176
50.139988,60.819565,45.34947,158.00764,158.71603,109.37807,119.44389
52.371475,61.476665,46.79875,157.47408,159.87602,109.23716,120.432816
51.43726,60.60626,43.507057,155.81622,159.16496,111.050415,119.64368
44.994884,52.2051,41.04251,152.60292,158.15381,108.65491,118.418564
51.228016,60.787354,49.039627,154.06625,159.43964,114.176575,128.23831
53.11959,62.422844,48.17066,155.67438,157.63759,110.781456,124.62772
59.66101,66.514595,56.257156,160.4948,160.31375,114.23619,124.58856
62.763084,68.8958,50.02992,164.99866,160.28671,113.08593,126.37508
51.893166,50.889,48.632793,166.38008,162.02304,104.89576,110.540825
52.00921,53.01027,34.219067,164.31328,159.4185,102.634834,113.3661
63.44631,65.376785,44.401367,164.73247,158.46466,115.6911,116.194954
55.805424,54.88814,30.633598,159.99112,158.17216,109.57399,104.090645
51.376896,52.64309,38.829453,160.28023,156.97984,112.03853,109.93034
55.72157,51.876358,32.824234,156.60315,157.63243,115.24736,105.22382
54.640408,53.157093,32.629753,159.2096,157.46523,113.36124,100.18913
49.097687,45.964146,40.351776,161.29343,157.55046,116.78027,104.24818
46.080544,45.853363,23.433603,146.86209,154.90628,114.40005,103.65288
41.030735,42.89883,25.716686,151.33948,155.48302,108.31793,103.944885
43.123997,50.52989,29.873777,153.3281,151.0424,108.5215,108.30592
39.431564,48.214863,28.531471,149.75227,150.86252,107.83757,107.91714
60.60977,65.6697,23.01016,92.93098,108.62099,117.26735,116.05828
64.17951,68.20546,26.069643,98.11443,110.179596,121.892685,118.70088
70.00844,73.65464,30.501427,107.45888,112.20468,117.499626,125.66322
84.09373,94.98621,43.760742,126.16748,131.83435,130.85924,149.6343
90.21705,101.63773,41.126896,139.81084,138.36263,137.503,156.57108
95.37068,107.68952,41.014484,143.66714,151.6979,139.13387,163.1368
94.89,106.52302,36.664062,152.70126,151.88904,140.97813,164.82404
84.15258,99.31951,43.92909,157.47469,161.2,131.12332,158.05904
76.02161,91.36672,38.443115,158.49469,152.1341,129.88182,152.48003
72.15238,87.37969,38.003315,159.45375,151.88043,131.7048,149.13155
70.35497,86.88221,36.115837,161.52533,158.28963,115.94069,145.17015
78.64465,91.606445,36.767143,161.5855,153.57057,133.0121,155.8296
86.97143,98.295654,36.39364,161.16702,162.22253,138.09521,162.16258
86.15728,98.076515,39.234005,159.91617,157.07852,126.03254,159.62184
81.16227,91.637405,32.36499,157.00778,162.41856,135.59793,157.33554
82.844345,93.49344,37.28456,161.96848,157.65524,144.7865,159.7824
86.173035,96.7731,32.391487,154.6797,157.25237,146.08116,159.75575
91.42655,98.827774,30.808886,161.47626,157.12517,142.31395,158.0612
84.00741,89.63805,30.27904,154.49846,151.58734,141.57806,157.65681
86.04296,89.371376,28.919668,153.90958,152.18365,141.05113,157.08101
96.69402,104.933205,36.591675,142.14906,146.5144,145.79814,164.61902
93.990585,100.13069,43.33134,150.44751,150.53963,144.03143,165.20107
92.42646,100.42075,38.445484,151.4337,156.135,141.66101,163.31447
93.22069,101.647316,36.78799,161.91386,158.49742,144.50519,166.2611
90.51896,99.673225,34.31261,159.22862,160.52248,141.78732,166.59828
97.117294,104.923676,49.08693,156.18571,155.10335,146.6887,167.20694
88.449104,97.059845,43.892418,155.86282,158.99695,142.07497,165.43613
83.029594,90.85684,54.748623,157.44942,163.72101,138.42484,164.15448
82.00372,92.38166,33.831257,136.1506,140.43997,136.44975,162.86385
82.01016,98.28758,48.555355,147.4064,156.93358,133.08318,164.4448
85.886665,102.711,49.849667,142.78105,146.75888,139.19641,168.82442
82.22278,97.89272,36.242516,128.77553,142.8235,133.71083,162.58765
82.15809,95.54173,43.762733,145.64566,155.24406,142.43907,166.74498
89.60188,101.75915,25.081125,134.85693,145.00275,141.16492,162.63155
92.92096,103.411285,32.92444,145.75961,154.63681,144.80296,167.10255
94.20632,99.38895,33.10687,149.99805,155.18283,146.18968,164.57565
93.35651,97.716736,30.409388,145.12083,150.89195,150.17578,164.33398
96.11856,98.686195,38.675186,158.51082,155.74487,151.51108,166.60199
93.207306,95.14819,37.99579,152.26685,153.79822,152.27232,165.74278
85.48112,86.2522,37.628048,156.53949,155.1327,145.15884,161.19502
86.046394,88.6466,24.283808,149.24487,153.26285,151.63684,169.32841
83.9991,88.53183,21.685316,132.88666,146.70152,147.16629,164.5289
87.62519,91.121025,32.36179,149.44496,156.15273,149.13567,164.86975
101.21895,102.74203,38.593624,136.67563,149.7964,152.8857,166.80525
93.031685,98.06696,47.01583,132.95378,147.39651,147.69823,168.2357
100.92697,103.46596,41.7823,135.40627,146.36978,150.23112,168.44064
98.79772,102.67262,38.518444,141.48032,147.08714,151.09389,168.14278
97.24609,97.75865,35.44861,142.69942,148.78067,152.34021,169.13332
96.48314,96.55548,37.19989,145.89166,150.72423,148.70201,166.33981
96.58573,100.509865,41.132786,148.91539,152.6849,149.65334,170.90765
100.29652,100.81034,60.26195,153.92545,155.64357,149.16997,168.07153
94.61498,97.079155,55.419834,153.59944,156.20012,146.05621,163.06851
91.937416,97.19279,59.768852,154.42535,155.43909,144.15881,166.6744
89.76324,89.53812,60.224205,156.08643,157.58392,141.53123,156.47774
87.223076,92.48446,49.963165,153.05704,152.81657,139.78299,156.96368
88.06297,96.69246,43.160023,142.17763,141.50719,142.27257,160.10782
74.010056,80.67091,41.762665,146.24655,143.69926,140.38168,159.11287
66.34122,69.0837,51.032406,154.27696,152.13196,133.24123,155.33948
76.52452,79.918076,53.46553,152.24287,150.98038,135.5981,156.25897
70.993675,74.47614,67.10398,155.70244,154.63338,138.40755,158.75288
87.7468,92.1551,60.39936,159.04387,158.76434,143.9462,162.9523
90.97274,94.51603,68.50849,156.10544,153.6929,144.65262,163.90773
90.759476,96.75097,67.097946,157.22078,151.22675,145.3329,162.47342
95.66376,99.11668,71.68339,157.8001,151.68704,147.97139,165.24852
96.35183,98.95934,70.24367,157.78,152.12204,152.42574,171.94391
93.96298,96.1544,70.243,160.32903,155.86307,154.119,168.27185
93.648994,96.32843,66.47083,159.80104,157.34383,151.59401,166.81595
93.682014,95.82461,64.60319,157.14941,154.04448,151.57994,169.7444
92.889,93.3438,68.34516,157.81317,156.41039,152.59196,168.3735
90.28269,91.987404,68.41991,157.75099,156.82072,151.7889,169.07245
100.36611,105.20328,66.76137,159.73787,152.61975,155.4359,174.29555
98.79537,102.38614,66.87853,159.23296,151.21292,155.2296,173.37453
98.4656,102.48593,68.79318,160.20067,154.19121,154.08841,173.05464
98.01811,99.9239,68.74457,158.89131,150.96378,153.61855,169.99783
93.31308,96.2621,66.98748,158.84523,152.18805,150.9148,168.16139
94.492096,97.51505,67.53273,156.05533,149.6095,155.24167,174.94238
94.21503,95.242355,69.28184,157.32109,152.0967,154.5406,168.43747
94.96559,97.31812,65.89179,156.16057,149.02164,153.96507,167.19278
98.73734,103.41982,69.15791,158.04852,151.68231,151.59949,170.52179
97.32043,102.210655,70.983505,158.46329,154.0976,151.68202,169.0368
99.23407,101.82647,70.964966,158.48137,151.38864,155.56075,172.64175
100.23568,102.34767,66.519424,156.70941,148.24503,156.12877,172.78107
99.92126,100.74964,73.27858,161.30319,154.4184,153.74284,173.45038
99.967125,100.88977,72.12155,160.78946,155.33691,157.10236,176.46758
97.31425,96.01682,70.86659,160.99895,154.71008,158.97305,172.65323
100.49543,97.33382,71.13047,161.08128,155.57767,158.61882,173.02321
97.66791,94.3918,71.06679,161.18219,153.81871,158.20589,170.47484
95.12029,91.49959,70.62222,156.72572,152.73619,157.3293,170.47012
98.31052,100.17202,65.30923,149.90836,147.46896,155.02281,170.80095
98.58896,100.8006,73.55913,147.91904,144.81618,153.93591,172.4381
94.865685,100.335365,54.141396,127.25195,140.30643,154.13023,173.94582
94.834694,102.40394,23.526937,97.04151,131.18121,152.64783,168.54395
95.40031,102.86061,29.899937,104.76811,135.04306,151.65982,168.12
81.74788,93.024956,25.020576,96.91286,126.24875,142.14848,153.24138
82.511986,90.97389,26.878513,95.18441,127.24259,139.81377,153.10495
88.491325,102.25071,24.985752,89.887436,114.898994,139.76248,156.02739
85.96678,99.858,29.844933,98.23698,123.339355,139.80289,155.33989
88.63427,100.38136,28.813438,93.78117,125.36038,137.49324,155.56253
90.5673,105.09774,27.24514,84.561066,105.61917,138.26036,159.33821
86.084206,105.9714,26.248629,79.222404,94.97655,133.79034,156.64844
90.16942,106.3711,33.964954,83.34493,99.91081,136.02254,159.25648
91.42393,102.34055,28.480642,79.56765,90.92358,136.51683,153.809
93.63633,106.043106,27.516764,80.568184,95.64173,137.85709,154.38217
85.56132,94.067635,32.438293,70.96913,72.20544,130.2131,145.54793
84.275406,96.06939,28.87736,66.074234,71.29893,129.51826,150.12405
84.87569,92.15187,30.297174,66.31005,73.6702,129.70644,144.84544
84.18659,85.33653,29.86096,66.70089,74.954025,127.789116,136.22745
84.834404,81.61047,28.941584,66.52502,68.70429,126.445076,133.93938
81.714516,80.188385,32.781822,62.099556,63.936504,122.82677,130.19482
82.68313,83.32276,34.69919,62.577126,63.069138,124.26059,132.95224
71.61013,70.12472,35.930443,61.08389,56.73361,116.00084,126.28231
75.602234,75.647766,34.178505,59.039272,59.837967,117.145226,127.939766
78.87467,80.42186,35.876915,59.612896,56.20879,124.634605,131.56169
65.5324,59.0496,38.302216,62.71012,60.998806,112.12085,99.10012
70.45666,63.80802,40.45188,61.08638,54.619335,112.810074,110.85992
65.415085,52.583054,39.758118,61.856445,60.480236,107.906525,91.65784
65.31709,52.664135,39.442635,59.439896,59.895866,110.15277,88.2408
61.078697,51.79488,34.40372,59.556015,60.749256,104.36825,90.11285
64.52285,52.961628,32.987236,60.81788,64.92715,107.83891,90.90635
65.17819,51.154835,32.323654,58.949776,67.27818,109.17684,88.872215
63.35224,45.790577,38.44822,58.512016,63.49345,106.96524,78.87912
65.599495,53.496666,32.36057,55.61489,63.391754,104.227516,80.740585
65.23964,49.03677,34.935284,57.986774,65.20084,103.066666,77.09535
66.14281,54.25943,32.082836,54.94389,61.8774,102.76527,88.62647
70.24512,64.351166,34.0705,54.132313,61.10969,109.8112,101.23147
61.9763,54.67009,34.500484,53.70307,60.453648,104.03581,92.54378
62.57463,53.223053,33.739845,54.58342,58.476143,104.31865,91.175095
62.89499,54.989338,34.933228,50.789772,59.565174,103.37699,93.19338
58.26244,51.204838,33.548786,55.412174,65.6569,102.060135,91.93982
56.910404,49.428364,33.84086,50.49866,59.932384,100.20062,89.86339
54.97428,46.08709,34.571156,51.370518,61.77418,95.86125,85.00322
57.80343,49.092278,35.94243,47.088245,51.35833,99.02093,87.24175
55.18389,45.371372,32.078163,47.42042,59.4281,95.899864,83.80862
56.61382,50.439796,33.759655,48.54527,67.37074,97.7625,89.648705
60.51337,54.290417,32.428814,42.66281,60.555935,101.525795,92.975975
62.075993,55.34546,32.09194,39.96126,50.927124,102.37222,94.563545
60.229984,54.586903,30.604198,40.55558,51.153236,102.43596,95.5836
60.36843,56.81964,30.454504,39.809326,55.00289,105.492836,99.12912
60.319775,56.627068,31.046745,40.43867,54.472515,103.76574,96.27463
58.945095,54.497425,30.60122,36.444427,44.1037,102.12011,93.54711
59.650288,52.314026,32.089447,38.855145,48.170048,101.31656,90.86011
61.979652,54.58604,30.2674,40.924026,49.064438,103.27871,96.48687
62.43429,55.098866,28.770706,44.540092,53.437458,106.03304,97.97354
58.57252,50.578346,30.622189,46.705864,59.532658,102.23095,94.78137
59.81106,54.890686,29.0903,50.564526,54.904224,106.06838,93.64548
55.700954,49.8928,31.778631,57.77037,65.148415,100.67582,88.26358
56.30726,49.856125,33.48258,57.624676,70.04655,98.77551,87.12276
57.990395,49.80585,31.624228,66.91372,75.30102,101.99217,89.7931
56.77586,45.94691,33.33153,59.736053,62.09,100.719826,85.31397
60.013824,44.66529,32.179607,57.471394,61.995808,104.9145,82.98761
70.3915,62.898483,31.874786,67.27689,82.614,111.896996,99.09738
70.499344,56.646572,32.028324,59.95813,69.17369,109.93398,87.47983
78.0469,63.639545,30.141695,57.568443,59.949688,115.49885,90.92241
87.84833,73.04789,27.90183,57.317463,74.0149,120.15443,101.24719
80.246864,67.799934,31.763454,63.831543,76.35958,116.84414,94.59097
79.388,69.43169,30.656199,65.36241,79.73126,116.49381,99.46455
96.30581,86.62059,33.968586,64.41348,78.31448,126.731964,112.47183
94.13886,84.537094,34.637386,64.33345,80.54243,125.79501,110.93236
94.82275,84.77049,33.040077,65.59028,82.213936,125.6147,107.67633
99.49349,93.92298,32.14161,66.748604,81.77677,130.68542,117.213715
94.92518,87.647255,31.958563,68.34437,80.13327,128.01537,110.39665
95.523705,88.64939,33.911175,70.32597,80.55233,128.71452,110.57017
96.06228,90.57134,29.987438,67.48096,82.66571,131.07329,116.22601
97.32199,90.20257,32.94364,70.51014,85.96315,129.26498,115.943794
93.408615,85.16575,30.530746,68.96853,75.88223,126.92001,112.7968
92.580864,85.10327,29.284674,72.270744,82.05196,126.189735,111.28001
93.7519,88.540184,24.84726,69.72161,78.00915,127.83297,115.97043
93.71101,87.2505,25.462318,73.69547,82.15139,128.24043,119.4101
95.77784,87.408104,28.521244,71.19835,81.578064,130.16096,119.260994
91.46055,84.5112,34.108032,76.43186,81.947876,125.37144,119.8227
91.256004,82.159164,34.74198,78.68597,93.77035,125.8753,114.57016
89.33829,81.37372,25.010967,75.28249,85.646126,126.22209,112.623055
90.88067,86.46845,23.971498,77.0534,90.95126,127.781525,120.66998
87.916985,83.795815,25.318142,71.98144,82.38057,126.20081,118.448235
92.76921,87.44135,29.387957,80.88577,96.80812,129.56892,118.017166
88.369644,82.748276,25.513172,78.93767,92.536156,127.58252,120.60941
84.45818,78.48809,24.838757,75.884995,86.1672,123.393005,115.75046
80.85282,79.60265,26.652447,78.31061,90.09442,124.76482,122.18781
86.709694,88.07977,32.50708,86.54623,102.278015,128.6604,132.24748
79.8085,78.25269,31.768215,91.28597,104.24388,126.013214,128.88548
70.0078,68.334015,26.805504,99.3998,119.37032,118.14964,121.90092
76.854675,76.46176,38.267967,110.820206,125.23102,122.651665,130.59729
79.39843,83.85147,41.072144,137.30307,136.5554,139.80049,138.01268
70.16952,75.15851,12.413633,174.2372,175.45216,143.03284,147.16235
57.34826,77.59856,6.469175,173.71252,176.7211,140.40506,165.00836
79.25027,86.062546,39.163845,137.83815,124.295586,145.46217,141.84644
83.40288,89.35695,43.406452,153.92604,153.37317,142.52866,139.78273
76.081314,83.87076,30.38652,158.82205,154.71115,140.43794,131.9424
82.6099,85.11983,47.72348,158.48343,156.43524,137.54562,131.99875
69.25359,59.031906,17.122097,174.3327,171.68102,107.894905,84.196724
54.47662,57.641834,15.828912,175.48047,176.20773,114.00272,113.39225
62.93064,77.80259,6.1407266,174.98647,169.32014,129.22406,169.80774
58.729515,74.83681,15.891317,171.65082,171.0704,102.51342,160.0238
67.92307,89.143936,7.756055,171.41502,169.53119,140.26778,165.61024
32.8459,22.901585,59.233097,113.66199,89.65326,134.91898,100.57828
37.49735,16.757303,71.24849,103.718475,85.52008,128.50604,108.59988
27.978855,6.249432,77.75485,130.2322,105.168465,136.38115,120.89855
32.920204,16.525612,60.19772,141.21223,117.57487,139.4529,129.33145
57.755955,68.88619,35.94115,164.12042,152.88113,143.37065,150.9517
64.56366,60.961758,40.150238,160.33017,157.54741,142.60718,131.74794
66.78773,58.78313,37.329185,163.99739,159.6726,142.8166,135.8093
50.63911,57.257923,40.43432,162.78383,164.34712,130.64513,120.35842
35.65701,39.284473,41.24682,167.57947,159.6397,71.33851,113.667984
63.952267,68.11722,3.1792152,176.99422,171.78197,97.29306,103.45701
38.735306,24.50573,46.114796,164.20795,168.15677,50.906567,80.58053
71.86063,55.344837,46.762028,160.79393,163.69475,139.75354,117.25384
43.658375,33.500095,45.905685,163.44534,159.64746,68.01756,85.12587
51.62062,48.586945,24.943718,170.41252,165.78758,111.664055,66.018135
84.69054,103.756775,35.092125,170.3142,170.19295,128.85605,148.69513
75.95016,78.47771,67.12534,159.30855,154.36246,136.00627,126.02775
90.88854,107.50866,73.29313,150.85994,128.13031,137.71587,152.53864
78.59668,87.4761,29.283802,171.07306,133.7523,133.83876,143.4673
77.45545,87.856766,64.458694,131.08766,119.825195,129.18091,140.52072
78.74839,86.932396,58.83727,145.1917,111.59168,140.53416,139.46346
74.955154,88.706604,46.44919,150.55315,130.1348,128.12125,138.6321
66.654816,70.609314,62.683136,136.77908,115.325714,139.42384,127.63183
71.05366,77.0234,61.403553,135.3713,115.61845,140.1078,131.83125
73.67291,78.58121,59.314003,134.0718,112.6612,142.4685,135.85812
72.90842,84.097206,53.837154,138.05531,116.85132,137.58984,139.83424
84.417274,88.78418,51.99636,140.63039,116.71435,146.48315,144.48657
71.54191,87.85247,36.01602,131.38087,103.3059,136.14886,144.53078
71.8989,73.23931,44.549454,98.959694,82.72694,141.21855,133.50551
64.03863,79.030106,11.500178,136.74716,115.39793,120.84989,134.6782
60.103996,72.65769,23.51219,126.41778,117.81201,122.36723,135.94847
64.83946,77.732285,9.273515,142.39746,125.98304,120.05468,132.4508
55.400993,89.92079,28.944893,124.278786,91.8931,104.421684,152.59117
63.075134,73.74848,29.246504,111.36898,96.95923,128.32765,142.3961
57.91029,70.65661,28.343138,106.735756,93.96119,116.42322,130.08418
63.895187,72.24178,34.00581,94.50583,88.09907,129.10883,137.67363
55.80588,66.26526,37.012947,70.25763,70.968636,136.21996,146.0812
61.707695,73.40966,36.32247,77.03968,75.71038,133.45374,146.18288
58.610554,72.25114,38.705906,81.68762,77.12209,119.26608,140.20358
66.25432,73.01695,37.220524,73.38325,69.77434,128.38873,140.39534
70.16917,76.29575,40.350742,78.945496,75.29933,131.26117,142.109
62.226402,72.886314,36.3939,92.38207,85.31037,123.80925,140.80438
63.032425,69.6078,35.079994,96.92075,84.60904,126.62249,138.1362
63.21792,81.7724,28.733225,101.6927,88.88361,130.93645,152.1112
61.430965,77.90211,17.063957,142.29567,125.52332,113.2068,136.10732
57.802284,70.295,16.97044,132.43141,118.673386,123.45133,131.00368
132.4316,54.453766,71.91413,101.32813,83.832634,167.11462,170.46751
65.7644,75.6166,23.761633,141.52072,106.679665,124.69479,131.94766
69.596,76.7044,37.621754,105.37897,91.31774,132.18906,139.70108
112.31012,58.952965,60.596806,129.12054,84.63507,153.5428,129.8572
62.049484,77.664536,10.150284,148.01639,143.6279,116.84184,135.61554
59.781563,71.636696,22.075705,128.4849,108.84525,123.12803,136.29962
64.958,71.23024,26.194471,100.91663,88.18663,137.05913,140.89883
59.788754,70.797806,30.827583,119.81494,92.080894,128.22534,138.91925
59.610645,67.77138,27.65612,119.83938,96.42461,134.4,137.40128
63.1475,73.67109,20.639303,125.58503,103.79794,126.50736,135.31883
60.20643,77.6244,17.1161,135.01285,116.79462,120.58786,135.80798
64.062256,78.40478,20.249632,142.3393,122.66672,120.65127,135.53792
64.066025,76.98328,30.894985,125.825645,116.97166,138.574,146.87007
64.96888,70.787506,34.23768,106.23542,85.14627,138.82008,139.8349
66.323326,70.90606,36.381626,102.84694,85.02894,137.11249,140.76807
63.108692,67.271324,33.155346,88.741974,73.183205,133.14941,140.37294
67.673645,81.899445,40.385853,78.019775,73.35609,131.89784,146.88463
63.749138,69.51296,36.44816,115.63706,92.30172,139.50677,137.16356
65.287155,72.2492,38.862568,87.99255,74.22112,133.13399,141.1173
60.942276,72.09717,40.286446,97.58398,76.50973,126.885704,139.58423
61.055344,71.21136,36.271027,86.74133,75.35129,133.19975,143.37065
59.608307,65.97855,36.507313,83.299,76.6199,128.90579,137.22202
67.00802,83.67692,28.791975,120.79905,100.07252,128.15578,149.10835
68.90088,76.451645,39.014656,103.893105,88.89874,140.2061,144.69911
68.662346,76.6904,43.56267,84.86428,71.98672,132.04459,145.14249
60.540695,67.63295,26.272419,130.70935,130.18523,127.59545,134.90341
63.65938,69.53017,37.730522,106.994705,96.32107,124.15046,136.5882
65.91599,64.94922,40.010857,90.89528,79.911865,136.08778,141.93385
76.59767,71.79723,36.981224,100.90861,89.52636,143.16373,140.44572
69.74588,66.27851,32.577286,112.59906,101.01339,135.8035,136.66121
72.81682,66.10778,31.743534,120.74539,109.01311,141.45299,131.62811
71.66777,68.38836,36.096786,125.87983,108.693756,141.62408,131.74863
71.88227,67.64802,3.8445067,151.09132,142.23347,122.65683,114.43898
74.64021,71.133026,33.000984,129.07126,112.88033,143.26372,133.7966
74.533005,71.51377,34.006332,134.6209,125.559685,134.0441,131.36166
72.35204,62.616154,36.939888,129.43944,110.975784,128.65707,126.20428
74.11798,70.17011,37.822613,129.18668,114.979546,135.45128,133.76352
69.43847,72.952194,34.17653,129.05524,116.98687,135.02972,137.46367
78.38349,76.57794,37.97894,132.06479,113.95759,135.25574,139.75322
76.274445,68.62259,37.32068,126.51412,109.14073,137.56284,132.74599
75.58428,71.79306,38.153297,139.50764,126.31817,139.41724,133.81648
80.31535,77.37183,38.792057,139.17049,126.29315,139.14734,137.63405
71.589935,69.1932,35.81991,141.43692,128.64734,136.38423,135.48221
79.362015,72.9025,37.45479,127.630875,103.97492,143.76057,138.98909
75.8338,70.243614,39.30099,129.92174,109.34063,141.18965,137.7075
78.737144,76.88658,39.119576,135.59256,117.5699,141.09239,139.39806
74.05747,70.055664,42.863194,125.943924,97.0129,144.53207,143.56552
76.65784,73.02017,45.803177,127.90463,101.389984,144.8735,141.04147
67.37993,69.04651,48.880013,131.74953,104.91245,133.12672,135.65593
69.19593,67.07358,31.791199,144.12474,119.23358,129.983,121.96062
83.57032,75.88813,31.628231,149.00797,140.66475,143.24504,130.5469
80.50487,75.04106,37.780376,156.36751,161.21822,141.1391,122.0946
78.40095,85.14731,44.24071,158.45067,157.96805,137.52094,132.53404
66.52355,54.66871,25.897615,171.50485,162.87953,98.18572,80.17804
53.117954,52.575695,14.62416,163.194,175.46231,127.47925,86.038826
52.730354,49.71698,20.163404,159.01407,161.71611,129.60857,118.83619
48.14912,51.582848,21.212694,161.7705,165.51385,86.1674,77.64836
48.213535,57.163452,27.3622,167.93744,168.61717,85.198814,84.19304
66.76932,76.42615,20.903427,160.98213,158.82036,127.313255,124.630455
74.402245,80.326584,24.149733,163.70985,161.38742,135.36588,130.94165
71.81535,83.64327,17.9398,160.23811,154.35551,131.2286,129.03003
75.19368,78.675964,26.216898,161.50328,159.16711,137.68738,131.44365
78.58231,76.40694,25.90827,162.5341,160.09381,139.95526,124.90923
74.88979,78.08639,23.228252,158.62315,153.65456,139.07408,130.78369
78.77931,83.29311,22.06198,159.81181,157.4384,142.47742,136.46255
14.774199,44.588436,10.465818,173.29982,178.69553,33.34899,102.87309
49.790554,58.011654,22.399359,171.7636,171.11998,119.199486,116.533714
58.969433,64.0383,27.064259,165.82768,176.39694,121.31599,123.429955
58.63734,74.46223,15.354947,167.81335,171.49052,118.41297,131.19948
72.31077,46.16418,20.643991,165.5146,165.9086,103.89311,73.54319
15.015407,91.15486,32.13795,149.77853,116.085464,73.040146,115.62094
67.903145,68.14308,25.503777,164.0503,155.55429,104.56635,118.955444
67.67051,71.024605,25.915594,147.40071,128.18542,127.04154,136.82458
58.821724,48.415382,39.805,138.57588,135.45299,114.406906,99.92569
62.244003,58.599358,36.58934,114.02272,96.906586,126.38113,128.00372
66.77501,42.915745,144.08012,161.17693,120.75628,98.12406,137.00513
33.7627,35.5326,138.35799,163.86896,112.180115,157.13911,144.6555
16.795248,18.503956,68.024765,168.97678,152.92839,171.47717,157.11446
21.28164,29.851074,108.12373,166.28741,134.14386,172.81186,152.0014
25.146156,33.686913,138.14005,155.07904,92.624176,166.28564,153.74248
22.242105,68.82622,130.16206,105.69982,58.257584,171.15015,87.0793
19.56386,25.62111,132.45097,158.76762,85.15346,171.98718,155.84836
18.15958,16.867382,142.40883,149.88644,53.135105,172.25435,153.92603
27.546286,24.534315,140.11372,154.59894,54.45489,174.09422,154.45059
38.90231,23.310982,133.8956,150.36937,58.958088,139.3967,154.1813
19.513172,18.999268,139.48297,154.7481,48.177708,170.67485,152.31598
21.000195,19.726551,108.03665,164.73044,106.2614,175.2655,161.03142
47.140934,37.58802,127.37865,115.08255,38.117786,54.01762,145.83223
25.687946,26.848095,132.93712,114.02372,33.34842,158.84624,161.13246
50.564583,53.291306,128.52596,84.365974,41.62205,135.34195,139.04842
50.300934,71.30013,55.741158,122.03821,99.85778,81.03067,78.12603
74.60346,79.17742,126.23869,67.10513,36.314777,132.6265,110.37949
40.6877,60.89952,90.12756,36.764072,23.107744,175.7385,105.21806
64.14519,58.32785,107.37511,89.77392,31.229935,157.57524,145.77608
81.38239,78.95119,129.30862,32.059006,46.638393,158.6417,121.72917
49.69553,75.097786,87.206924,15.344602,24.747894,138.18575,54.72036
19.966173,13.064697,7.0979066,173.85837,171.2008,178.2944,167.56935
85.712715,134.32889,128.4926,44.501785,71.099144,51.65521,43.745537
82.760574,106.64471,126.511856,71.04071,69.00678,57.15285,70.786934
47.198536,40.004574,109.967834,70.109825,83.99535,147.53806,121.81535
20.72041,23.353714,103.843605,153.04347,109.7712,174.57031,156.9395
15.493778,20.877531,99.36569,166.16429,125.325165,171.66055,157.0816
16.545795,19.135452,99.470436,159.72647,126.21445,169.6897,157.62718
13.9509735,22.214733,21.077202,170.26987,158.7281,174.81332,162.30898
16.571068,29.360857,88.554245,165.47762,134.77393,173.54028,158.81973
15.870836,20.943316,25.39207,168.84842,158.60417,174.24731,160.204
23.625376,29.25966,129.3202,161.69742,111.381134,166.23856,155.95982
25.369858,26.664137,81.8944,167.91638,147.42236,170.6136,153.48659
25.194382,28.760378,49.20046,169.56053,160.31335,166.1982,150.69937
20.239773,21.695065,18.48154,172.72713,167.61131,173.14203,148.016
23.87873,25.42997,135.88872,172.85448,129.08531,164.51051,151.70041
65.35275,40.906506,146.49281,172.40247,161.45905,105.56629,134.78891
33.639935,34.9645,133.94424,175.78072,157.61461,155.28758,139.21169
67.927414,41.710125,143.5627,174.30449,148.83925,107.98527,124.396545
47.310932,53.24139,144.08723,162.48445,164.8657,149.88248,118.36847
62.980858,43.220314,148.07832,162.671,165.8361,127.05487,134.97884
59.20574,50.372875,142.3931,168.35886,166.76685,141.69229,131.99843
40.695465,69.324036,145.62955,144.18137,170.70354,152.23557,132.59294
44.763737,67.09746,144.84337,141.90932,169.94221,151.84328,134.05492
51.61219,56.545,140.32806,160.84863,167.69926,145.46849,130.61201
66.31246,51.861362,150.3038,157.79721,167.49313,145.34798,137.68814
69.3377,35.806583,149.62543,171.19537,161.06378,105.98188,140.67714
36.97385,70.1021,141.42392,155.68295,171.1413,150.86652,117.4472
68.035355,39.33049,150.12967,157.40486,162.7835,133.38947,141.10823
63.740387,55.622147,149.26076,151.00264,168.11797,150.00908,139.71815
38.836308,69.157425,146.38496,144.0172,169.12595,155.92387,131.30067
29.06343,74.94706,137.78137,149.81616,171.46956,154.41788,114.813614
37.97275,72.829636,145.39108,153.44795,170.17603,148.11478,123.547134
39.627235,80.16835,134.75598,159.90404,169.25502,153.8714,133.75655
56.511765,68.651825,141.59253,168.51665,167.7188,152.33643,128.88388
46.207664,64.94704,142.02908,160.69147,168.08919,153.0896,140.33481
71.13115,51.485172,142.30943,168.69673,163.59395,153.16887,142.93683
38.230423,38.573586,139.39438,173.51714,147.71504,75.7185,144.85083
79.9984,46.50051,147.31873,160.10008,157.65678,149.33017,130.40263
80.234924,49.33874,144.40775,150.44379,154.23056,138.21248,131.75098
88.775566,42.741173,145.3892,151.36702,143.28206,150.77977,131.98402
95.54442,39.0996,144.7788,150.11636,141.46635,151.51668,137.21628
114.64122,33.0921,141.20804,148.96921,123.9345,147.11633,140.96045
122.91625,34.116627,121.28328,157.60497,114.904594,138.9009,144.62419
104.70513,45.78041,132.56253,159.36346,101.60063,121.20749,144.78288
29.192291,32.16245,85.02569,166.64012,138.40709,171.53978,158.68692
22.9983,36.562866,86.24692,161.28639,131.27896,172.4749,156.21254
16.588516,23.82557,32.01749,168.81703,150.88463,171.57588,157.509
19.318531,17.510675,110.63125,162.73154,109.98674,172.85982,159.682
22.399366,23.671053,137.9748,158.26355,58.804905,171.2912,153.97993
11.265839,11.797254,136.25984,141.06268,33.682228,172.06981,158.35533
12.669902,16.565222,138.58609,123.93047,31.87478,123.243324,150.149
51.323574,54.198685,140.1025,133.17456,35.103653,152.41797,138.03294
24.641924,80.2602,119.523224,25.157036,53.158195,128.91238,136.00012
65.6113,133.95456,119.04265,60.55502,52.478176,59.43528,76.89898
70.04496,70.38238,111.95985,103.41571,64.75341,71.9338,124.032074
24.303663,29.036577,27.449236,121.26956,109.28736,95.341545,138.8751
57.780834,41.30702,41.622814,114.52058,102.54427,62.589775,127.86512
45.852726,34.82143,138.28827,134.58571,87.71546,51.941765,150.47707
23.330538,24.56265,144.44592,138.7917,40.47984,171.12206,154.04472
13.827784,15.296118,153.38528,162.80019,66.4496,172.59036,156.74188
25.033993,20.505163,135.44502,152.01875,70.903206,170.44444,152.84346
22.167274,46.1937,145.22188,152.1703,41.92048,170.18738,123.58284
5.576645,1.7361851,16.297684,171.88165,172.19435,178.02126,176.95045
18.596672,26.43107,143.72537,149.18166,70.21558,166.31703,138.04674
42.432194,41.447094,77.85167,107.57427,144.05022,3.3419914,146.66974
19.745817,20.332598,64.21625,167.42622,152.4158,171.81131,155.90477
14.070352,18.665035,13.251475,173.4741,171.56876,173.98613,157.30202
23.615753,28.68909,80.91378,171.50832,169.43187,172.0253,152.26021
11.413421,20.797,132.03873,172.71101,124.74012,170.04224,153.3677
17.810917,34.206703,138.23734,178.65302,141.58107,50.08952,141.90599
23.26909,31.181034,136.17749,175.92508,142.61255,155.9334,153.51424
17.699734,28.253801,139.16992,176.48999,137.83766,151.10405,154.49344
4.5500154,28.502792,146.34425,176.05577,154.53174,28.325018,144.95367
13.49273,20.2305,131.76573,168.5658,117.79566,172.0151,156.12994
18.881302,21.834148,135.12532,168.52087,125.391174,169.41759,158.90266
15.595686,21.082783,136.1859,164.57506,123.510826,169.76323,158.08777
14.314968,22.798168,139.32935,163.75356,108.30131,169.47455,153.37244
22.273987,30.825397,142.47452,161.7809,119.727844,168.8498,144.29236
93.56393,37.516136,148.52417,164.95045,147.59946,130.26733,133.04327
76.22213,51.795998,145.60602,148.82883,150.9238,149.97227,108.07163
115.4905,33.266685,138.1139,154.39243,122.501305,128.95248,139.49092
26.925974,21.448387,68.593864,165.59908,148.15613,148.56885,154.18677
91.778145,38.970207,145.09035,144.03604,139.08757,115.93624,141.79266
19.16919,22.753414,135.06322,123.09628,40.44061,169.19347,149.37303
25.044218,24.360731,139.92288,152.38872,45.609886,131.60936,146.46169
20.501858,18.252348,130.68504,149.78938,81.65044,170.59187,152.42223
27.762999,29.482042,135.6888,146.66943,57.92415,171.36966,150.82709
46.505455,58.722713,129.69786,96.459785,54.488766,171.03676,118.429
19.981817,20.448523,128.17064,133.21252,51.38301,172.17781,148.51126
98.74972,107.29144,38.022003,39.923794,40.75262,138.20251,99.422
99.40806,108.565956,36.282803,40.820026,42.905968,140.50099,87.16658
82.7152,93.60814,38.9414,40.861427,39.06446,135.26767,77.51653
76.755806,93.44374,38.024937,41.223583,40.646366,134.6004,91.5793
79.224,89.99808,40.76267,43.5856,44.20299,132.3862,87.99218
76.662094,89.578636,43.942287,45.225887,52.31135,133.22568,83.201294
81.07858,94.320045,41.124664,43.17076,46.49928,134.53015,91.37508
88.57046,106.54809,40.234215,44.120045,49.286224,137.14767,101.92653
76.49927,90.655075,38.889465,43.85563,46.42954,133.18777,71.09957
68.70444,80.67293,34.313675,43.030167,44.09745,131.1946,56.32859
81.050896,94.92065,40.775692,48.24313,56.47075,134.25357,49.033493
93.54132,106.160355,35.587154,45.78769,52.146065,140.88495,78.610664
83.6782,91.62911,41.812195,52.673775,61.004883,135.83302,42.44152
75.04605,72.72647,42.927822,59.896187,72.07596,136.99727,42.497303
83.94196,87.9853,45.168114,61.067516,74.16885,140.04242,51.94108
98.285965,101.78298,41.28848,68.45201,104.05434,144.4781,102.58832
88.83414,90.413376,79.276825,109.00479,131.09367,142.55386,96.49255
88.79189,79.46802,104.84923,159.88026,144.51228,139.95024,74.17992
80.97118,69.41611,96.456894,168.1251,154.30138,138.21132,68.37903
86.02603,99.08488,106.39467,163.22296,145.57942,141.3064,132.00945
69.700424,102.73451,109.73938,158.3494,144.3143,94.30891,138.40315
72.23334,106.233185,106.88189,150.65749,143.63991,88.1498,139.09258
69.00344,109.11506,97.3435,132.96642,135.86214,41.685276,145.22711
68.73666,112.12975,96.00553,123.60114,135.35976,39.44885,146.69336
71.63763,113.155685,96.31533,135.11227,140.50232,84.66685,148.09209
65.65063,114.07467,97.759995,146.99536,145.50458,94.737785,148.36615
61.50543,115.94136,106.83262,158.18608,147.64746,39.680695,147.92036
62.548054,116.1024,94.95565,159.13605,153.77484,42.305347,148.07898
63.906525,116.162636,88.89783,156.6245,157.00926,62.123013,149.91338
84.101006,113.37585,91.75133,150.24081,152.75699,126.89816,148.53159
98.387764,108.418045,81.65484,115.545746,139.7145,149.12775,138.62013
97.383705,99.84471,71.819466,94.96523,130.95053,145.30135,112.42702
92.90016,94.52818,58.583675,79.974045,118.60081,143.38309,95.653786
89.01447,87.15853,75.01874,95.68438,126.34445,140.06398,75.51567
89.52271,94.879654,63.129784,83.73796,116.88938,142.33229,103.70765
89.80786,97.87363,67.42193,90.88366,122.2171,139.576,96.38466
92.12378,97.339874,77.72052,98.92605,125.550835,139.35274,110.588234
91.233574,97.969055,83.87668,110.33918,130.9671,142.86374,104.053246
92.99823,98.82695,76.97171,121.10399,143.89775,143.77977,115.41535
85.121544,108.692635,80.38631,122.750885,141.91614,128.64311,135.32764
91.26707,100.07054,84.993095,141.95108,147.83331,145.03174,114.051994
91.71796,100.429085,94.865486,151.8085,147.3078,147.1222,118.67199
86.29796,104.909966,97.84803,157.83714,148.65433,143.83258,139.31308
82.999794,106.06593,91.813484,144.93362,147.80887,142.37553,143.876
79.85376,105.49444,87.819115,141.55508,146.23975,138.5809,137.03632
89.83131,101.6431,101.686104,157.80896,144.95007,145.39893,130.96301
90.314285,100.40572,94.363205,156.13904,146.05476,146.63402,133.593
88.823395,107.34676,92.75215,157.49973,149.01561,144.18654,144.91562
94.37823,100.99675,96.41062,164.17747,149.2348,146.27454,103.357346
93.595535,99.25071,90.50579,162.82915,153.31648,147.65022,94.834335
91.976974,98.535194,90.78389,162.42558,152.97456,145.94753,102.53938
93.304955,106.5751,91.18949,168.48361,155.2648,148.16495,127.3745
91.86884,102.235374,96.27331,164.84196,150.69997,148.66377,120.16203
92.97718,103.318886,100.702736,169.04198,149.00156,148.3747,127.33342
92.022835,103.48665,96.433655,170.96512,155.64104,149.23343,127.83209
91.15912,106.6362,98.01942,164.65175,151.09666,146.10146,137.07033
89.8076,109.54483,98.387344,164.21774,150.38966,144.6552,150.56967
90.00822,109.014,99.73643,164.07928,146.07326,142.49713,140.68842
81.435234,110.73076,94.01483,166.30367,149.42233,127.344894,138.04189
91.8996,106.49181,92.878044,167.21527,153.91884,143.7757,130.85016
90.49509,103.97134,89.326355,163.35384,152.1541,145.29419,118.0007
83.08468,108.72651,97.87146,163.42816,151.83661,134.70105,140.62006
80.99328,111.27437,99.33446,160.89986,145.37523,129.00905,148.75867
90.56195,102.9354,92.726006,151.58281,140.81729,144.957,128.86876
84.63559,103.34802,93.57388,155.45093,144.20233,144.81403,131.26602
87.23728,103.76269,89.54763,157.52773,148.66838,144.81006,129.36024
80.51469,112.245865,99.0494,155.4577,143.2733,133.66171,151.26698
77.94338,112.26972,98.40319,153.33115,141.0762,132.92209,149.40614
88.874916,100.28434,101.06,164.08253,144.04459,145.6863,135.45247
88.39244,103.54417,101.04701,164.70312,144.13623,145.38464,132.61769
90.93722,107.05265,100.11232,164.61505,142.4229,145.2612,132.95972
91.97394,101.158,94.831696,165.28142,145.79904,146.4744,113.702866
90.773315,96.618935,92.553406,164.49603,145.7452,141.43898,114.78714
90.55338,100.30224,88.91463,167.31693,151.35992,144.12535,118.30305
91.13974,98.88749,95.98697,163.15712,144.55879,144.93973,122.892296
91.78494,102.71294,95.98675,166.81776,147.23784,148.26508,135.4566
91.14418,106.38171,93.452805,163.8954,147.85709,149.54054,140.7978
91.69467,107.8786,93.41761,162.97057,147.13426,150.19281,144.0494
91.670975,103.39347,93.8875,164.47697,147.37144,149.17006,134.05019
91.66306,99.758316,93.91756,163.15851,145.82248,149.25652,121.11249
91.508896,106.34481,91.01763,165.05304,148.78963,147.16232,137.82867
89.3294,107.01062,94.39572,165.64807,147.64093,147.36691,133.75935
90.367775,104.3746,92.40968,166.49606,149.90128,148.90678,131.18832
87.28731,108.79798,93.439026,164.9418,148.84483,143.6592,135.49644
83.65309,109.66436,87.32856,164.95616,150.00818,134.4073,138.33087
79.23345,112.83823,83.889114,164.05896,152.88435,126.934875,144.03043
90.48993,108.84061,89.29093,165.38382,150.33572,144.6059,128.81409
80.91386,111.90147,86.10478,163.89294,152.87154,129.71484,140.80342
82.59576,111.571,87.01167,163.74951,154.19823,135.29529,142.04799
88.3521,109.10516,86.194855,166.72542,155.16241,141.58951,140.86932
87.11371,112.2676,93.29476,164.15314,150.17014,138.89882,149.94286
86.01074,110.945496,87.79275,164.89835,154.76894,141.36082,143.61768
82.898026,112.90838,89.32868,161.39427,152.3576,140.8943,151.15648
79.45991,113.54772,90.525955,160.76167,151.87949,132.57462,153.07387
88.4551,107.500084,93.57118,169.16637,156.07854,147.32329,136.44176
77.747635,112.79233,93.3153,160.54454,150.77315,133.24374,146.43466
73.341805,113.62478,92.759155,162.84087,152.39688,121.70085,146.6923
76.333305,113.85373,91.20873,163.49863,154.41495,126.37393,147.74979
84.56749,109.7275,101.00249,163.95003,147.69836,144.31093,144.32617
81.49519,112.28707,96.39186,157.79431,145.94704,136.15004,147.08397
76.46457,112.68229,98.42402,161.76941,149.0882,123.00663,144.65425
83.21799,109.7569,98.7869,158.73827,144.99573,137.84059,141.78241
74.790825,114.155556,95.38251,152.5237,142.46173,127.77024,151.12372
84.71687,107.06664,100.59801,162.75291,147.26608,145.34584,143.53
84.41217,110.16883,98.370316,159.40851,145.32005,145.19945,148.68317
83.25403,105.18257,101.40875,158.64146,144.30025,145.08324,139.0698
78.24615,107.60056,97.097115,154.19577,142.59267,139.15341,140.0458
86.1521,107.91697,100.5792,160.14857,141.48492,147.05397,140.18948
65.29695,114.07142,94.2488,158.686,144.78804,105.98038,149.44875
64.32692,114.84435,93.88344,157.45615,143.77086,101.101906,150.24126
77.87852,113.44206,94.32828,160.65054,145.9288,133.10396,145.73155
86.83805,109.00051,103.16765,162.16617,143.2645,146.1976,143.75252
82.80792,109.07854,98.6844,156.51843,142.33975,142.67302,142.25233
71.65084,111.72024,94.163635,161.49287,146.4292,122.68738,141.57056
79.518,106.885185,104.0078,163.6509,145.08449,140.54617,141.86801
81.18714,111.69842,106.25039,166.50159,145.01982,133.3272,141.34477
79.12398,108.54373,102.63285,164.84645,145.73578,135.59747,140.93994
77.336296,110.71127,93.48962,158.16306,146.13399,135.24559,146.44585
87.744896,110.470085,103.72779,163.09293,143.42624,142.96184,141.94682
83.208786,111.59727,91.89606,160.10413,146.71358,140.72311,146.32118
79.46322,110.28834,96.358154,154.84048,143.05222,133.28038,149.65009
83.62305,109.01744,95.39085,152.82263,143.3079,141.63036,144.42488
88.09982,108.08343,83.75896,135.3622,140.75977,147.1924,143.91699
96.840576,105.8538,96.98301,156.13812,148.53749,146.4246,112.878845
88.4458,109.3394,98.089584,132.17653,132.71582,139.77917,138.48175
86.11162,114.67996,80.78107,107.725876,136.15134,132.31046,148.50317
84.086075,124.96915,66.958855,83.78818,107.18543,115.746826,151.0769
86.43846,118.53656,52.797173,76.3111,108.55622,131.16753,153.85968
93.077675,109.72805,54.21909,74.83872,101.07147,141.34587,128.52287
85.38198,84.905136,60.10392,72.64939,86.45502,136.95712,43.28164
94.6935,117.00239,43.609154,58.96304,77.96269,140.67514,146.45744
93.69402,116.289085,48.398785,61.14146,79.10089,135.56274,143.12611
104.68328,122.696175,59.325333,61.73958,73.54124,140.01985,157.07993
89.13321,123.88677,59.707794,58.794014,71.29589,108.31324,161.15405
95.16437,121.21924,62.93937,59.636776,76.20114,139.2466,156.38477
98.18809,122.95952,46.76751,55.6386,71.97555,133.86932,162.23866
97.83469,120.78809,79.237305,73.128204,85.95638,137.95206,158.50583
99.72341,126.09974,78.88775,80.315186,106.520645,134.24051,157.45407
59.615833,132.67253,67.59242,72.580986,102.271545,29.728725,173.64636
90.62128,114.32275,55.95686,77.6292,114.966736,140.6561,152.89345
85.99295,111.415085,71.858696,99.78286,133.00027,143.83656,154.57277
84.3781,98.22499,102.69605,141.64064,140.86789,145.92783,85.13486
112.245155,104.07249,92.96979,141.7527,127.62056,153.03223,150.8279
85.86513,101.36441,103.33115,139.42345,131.6802,149.36615,153.26704
88.83878,99.98187,79.290245,98.904,137.10744,148.03073,156.91595
112.88706,128.98032,88.26422,56.850407,106.90725,90.736084,177.51108
112.35749,129.22256,85.178856,55.947544,107.6069,99.30076,177.99327
132.7967,121.28235,68.96204,56.506485,100.62961,111.39429,168.23569
153.531,119.84629,68.76877,79.726036,118.81216,114.61453,147.24646
137.49553,146.2848,76.81756,70.27587,122.248344,88.3464,146.95432
148.1318,143.60152,73.05712,75.062965,125.06076,85.10377,133.22005
154.54744,139.64064,74.1023,78.63165,128.10335,85.91269,127.69846
151.56786,134.21346,75.31495,89.40601,131.18077,79.784645,123.04869
136.82024,144.76013,80.75824,80.70569,123.456894,79.59473,136.05042
142.57799,141.89127,75.72218,81.69369,124.61269,77.70271,133.12425
160.79155,129.40279,71.90256,85.748024,126.83393,88.22316,121.24353
150.82477,137.85666,71.81693,79.26161,130.84424,85.346054,121.60848
160.54913,130.31662,67.31318,82.58694,128.14642,93.62331,117.059875
149.21135,137.77953,70.10224,80.373344,129.98013,85.709175,127.96267
147.68488,136.69019,73.32751,82.93128,132.27647,85.22084,127.609726
132.3523,136.11162,71.11225,84.38848,129.55107,92.89219,137.12675
134.42314,130.86163,68.55695,91.70408,135.17883,121.95627,145.12744
141.89272,123.008766,65.1021,97.58442,131.06073,115.42593,146.62259
137.59981,123.67057,68.22343,99.71201,133.76974,145.14862,154.6933
110.30341,120.886856,62.975777,104.6537,130.44719,172.73679,165.47289
110.6246,127.708084,69.49953,113.65294,133.64401,165.20534,165.37262
158.02365,127.807724,81.731255,129.31238,139.43738,104.40099,136.69128
97.067986,138.49959,69.66441,120.025024,141.56184,167.67326,159.49843
83.38894,144.0836,60.46662,104.86496,137.72375,168.19203,152.59834
68.651855,155.5923,58.597836,77.828094,130.06404,171.14304,164.27104
122.161095,133.90962,59.021294,92.265335,134.52585,162.47574,151.6349
139.93141,135.2312,67.028755,103.73334,141.70956,110.82534,107.451
78.211296,152.01381,99.76187,107.99456,131.83128,173.32745,168.00833
119.94773,147.85667,83.958374,112.81194,144.0086,146.82701,113.10416
121.12974,141.62274,79.660904,108.38646,137.94203,163.3774,118.88375
125.22758,146.33746,81.332344,125.151665,137.56206,156.14207,81.442764
119.75922,141.32608,83.670494,124.06442,132.83008,163.8054,120.67954
108.1334,133.875,61.663013,110.586586,114.84206,170.50293,168.57477
125.18211,136.47401,59.258232,113.25228,127.598335,156.20618,123.643715
94.04574,135.67416,56.068626,111.14347,123.7749,174.68185,176.15181
120.07251,114.50048,52.69542,120.88819,113.75875,168.13164,153.19994
123.33816,118.12044,57.27198,118.70267,104.73244,171.85571,154.1547
100.95731,129.7884,70.30356,131.63342,144.34853,162.52339,105.219574
110.891205,133.82623,77.34504,131.17737,149.99141,170.7092,95.291214
107.128975,124.91675,83.85182,133.44426,153.24089,170.03278,171.34872
105.33219,149.0568,91.26641,152.13055,158.64432,170.54831,67.22595
90.5924,126.54422,92.826485,150.94397,162.2338,164.4802,173.27617
100.43697,122.73445,105.27122,169.35916,166.63388,171.8755,116.75701
96.59004,130.25734,93.05368,159.18991,165.86137,161.71822,171.90977
91.102455,129.06918,90.05534,152.68219,159.69281,176.86006,175.10475
95.69064,127.25517,87.61463,138.71576,155.03154,170.52745,176.10292
112.65468,159.38625,89.68216,152.84161,158.42722,150.44281,77.77454
113.11435,134.83696,86.60088,152.85466,160.31308,155.73344,97.58653
97.943405,128.94571,87.53885,138.17667,155.32199,173.19933,176.43036
105.480316,161.01219,91.22464,165.28346,165.27673,161.18283,71.020454
98.61018,128.74928,101.09922,166.73416,168.23984,169.2223,68.58985
88.414986,128.40067,103.796844,168.29454,166.04704,171.50818,168.90637
83.281624,144.0628,101.62873,166.42471,166.63249,169.58241,159.34203
99.53124,134.28044,92.691956,163.16638,170.91466,165.79953,158.76746
96.87974,131.01363,92.08724,162.56715,167.1331,173.85486,176.62814
96.39483,132.585,96.09767,158.66707,163.44182,170.24028,175.9638
99.06863,133.69476,103.200455,160.16183,162.3896,173.75493,178.09596
107.1481,133.70525,91.56888,157.69492,166.38475,173.94247,171.21248
108.46517,133.6485,100.61417,164.4202,169.92537,174.32649,176.84587
106.21666,133.2684,98.75033,160.50668,166.86615,171.4657,177.43921
109.98465,129.1666,104.02715,163.81758,166.25168,170.7056,176.4425
104.776505,131.61935,104.060814,162.76595,165.50272,170.65668,176.71037
107.51859,130.914,104.37867,163.53413,165.5777,169.48917,173.48837
97.669205,131.66212,96.454,160.87334,167.36674,172.38048,172.22008
98.47969,140.1828,100.03235,163.41098,167.16756,166.32149,102.07751
74.83534,129.91226,106.48284,166.46265,164.56577,170.30757,160.8623
93.76921,124.402954,99.764694,161.36934,160.26935,166.00107,151.06012
97.615074,130.91698,98.13699,163.88976,163.20299,160.7525,75.8854
79.55418,117.60331,110.05007,169.3973,163.55408,140.06342,125.68286
18.857607,110.42268,88.05515,158.60603,151.20718,90.99986,132.0967
50.269413,125.6384,88.38704,161.78929,151.51762,170.15694,17.808067
95.43698,158.78265,96.59186,171.28317,166.14789,151.01106,96.39966
100.15914,174.86595,87.47085,167.73547,160.79321,149.71606,84.81482
126.731895,162.93796,86.45625,164.0358,165.29971,153.89091,80.38791
123.93782,135.17433,90.83917,167.01309,167.8222,152.97978,55.60134
127.19709,145.07167,91.21889,163.9216,168.11266,155.16783,79.93726
120.60017,127.0923,86.98762,151.35088,166.04121,115.25049,117.13461
120.844505,115.11894,87.30426,165.87788,160.01694,97.35037,147.43854
112.789955,110.649445,92.596794,148.92172,162.44945,88.76197,159.25838
103.69702,82.40523,59.620556,125.550644,147.48112,107.300674,143.88536
46.92237,66.15389,89.74357,161.14162,151.18314,91.98914,139.58508
52.757877,95.566734,89.11918,169.3575,153.20497,117.36941,165.67827
26.955801,49.516785,88.175514,165.48218,149.87123,113.26468,127.434906
43.74059,73.89955,90.86313,157.03453,127.04949,98.4379,101.717804
12.663938,75.800545,89.99639,131.97679,119.82864,107.53687,146.39543
16.0711,77.89376,92.91519,129.7502,105.23991,105.69803,151.68314
31.12081,73.55093,101.85293,145.8173,106.25238,92.35935,162.86526
42.506573,73.371445,92.67572,94.06644,109.22302,102.0319,157.08435
80.843346,96.36943,31.251078,132.87865,126.609055,106.52379,123.17517
88.43113,100.904884,33.4547,122.71517,115.556,111.52023,129.52647
95.67397,101.68724,35.254154,113.34062,108.274055,112.29037,127.15918
101.954216,100.81392,35.290768,103.504135,102.22384,118.01537,121.73313
110.58428,105.782776,36.819664,99.09776,100.17093,124.310585,124.295204
120.337555,106.97482,31.595963,79.48813,82.01009,136.01204,124.57092
120.27503,107.23735,31.715624,79.46919,82.05394,136.44499,124.83521
117.02005,109.352325,30.887442,65.664764,74.6723,150.37791,137.78813
108.99476,105.89263,24.750662,59.81949,60.86362,162.76752,159.29637
115.95375,113.545456,23.535404,59.83576,59.647907,164.36469,159.52148
113.00253,111.368416,25.040796,62.455833,63.22608,166.17287,163.50032
129.53323,126.06651,23.215078,59.84795,63.840954,163.70157,156.39247
127.11659,123.261055,22.863554,59.71156,62.819916,166.92336,157.24442
126.45849,120.17041,21.179966,49.989056,52.313232,165.0817,157.66937
130.15297,127.30743,20.148092,49.14995,54.116333,173.16283,168.2498
131.26233,137.28287,21.45033,47.52228,53.186802,161.41516,164.8536
133.09279,137.92824,19.696339,46.24084,51.281914,161.02026,161.7617
140.76721,142.21008,19.800098,38.121883,41.402164,151.11453,148.55038
140.69008,142.48271,19.541277,38.367687,41.82722,150.75131,148.54373
135.06105,137.54547,18.911808,36.011204,38.857277,146.89606,147.18436
135.01799,136.40143,17.863138,37.30047,39.418705,144.69255,146.10388
135.08888,136.21751,18.017967,42.473656,45.81283,154.85146,152.77641
132.40186,134.35675,18.102217,41.876614,44.059658,153.57175,155.49016
135.43903,137.44997,18.015383,44.000847,45.916557,160.45506,161.5097
134.92114,136.72171,18.054111,43.35696,44.732437,160.23306,160.55887
133.50842,135.77669,18.091045,43.24554,44.468655,160.36261,160.82904
134.71747,137.55508,18.318407,42.68134,44.341015,160.21515,162.91447
136.52959,140.81685,18.412338,42.68877,44.087234,160.92499,164.51378
135.37427,138.83485,18.661587,42.923344,45.41064,160.48582,163.08376
139.67786,141.95424,18.264284,39.363644,40.823906,161.61806,164.52829
137.16443,139.84549,18.3187,40.71615,41.95987,160.19145,163.11862
138.00781,139.9268,18.981995,40.02046,42.31266,162.94083,163.03522
136.02335,138.22261,19.919374,41.71773,44.24347,162.57393,161.00539
129.95003,132.48288,19.93799,51.778362,57.40589,162.938,159.18094
125.53395,126.31679,20.428474,53.752075,58.723175,165.93428,167.4156
131.18777,93.78576,23.255245,50.33536,53.88389,170.36479,138.49838
132.77704,104.14028,23.471437,49.914387,53.809658,169.87619,147.98946
123.28896,86.254585,25.918032,58.412533,59.659283,150.85863,105.81221
117.00664,113.809166,23.421278,59.859528,58.217148,170.72847,164.42972
105.88812,103.22598,25.37424,66.93081,67.18938,169.6998,167.13516
93.99589,94.5223,29.262592,78.811264,78.08256,168.15155,171.95943
101.24979,83.55883,33.29202,90.337585,85.62534,161.93198,115.3551
101.64245,80.372765,33.66625,90.120674,86.06479,161.78267,104.39483
95.643005,78.66283,33.806854,101.00414,97.446724,127.646065,94.20978
81.095764,79.03419,33.574043,108.57017,106.24443,103.84267,99.45596
90.96783,91.39973,33.108875,115.38327,109.07588,121.73209,116.16293
79.52752,92.49528,33.362568,126.66462,120.049446,100.70291,118.04594
77.56756,89.935814,33.08633,137.98212,131.64833,99.73483,117.854904
77.89909,90.53909,33.28688,137.21223,131.01857,99.6963,118.40896
77.88945,88.60939,33.30488,144.82468,139.11319,100.34749,118.66862
73.30749,84.29837,31.474657,150.42912,148.5339,97.18617,114.04643
73.84266,79.1464,30.343012,150.00996,148.05803,102.79207,113.18816
71.04888,73.736,30.369616,148.51674,145.43436,102.61677,109.97189
67.426544,68.4019,29.938059,145.29521,139.66731,101.14166,107.19071
68.60623,68.22058,30.023584,143.96161,138.25003,102.044304,106.85968
62.226803,64.80404,30.776165,146.26483,140.38893,96.5759,105.29787
59.516354,59.65599,28.450672,143.2317,138.85385,94.65854,100.258896
56.813446,55.66214,28.325054,143.12764,139.25272,94.7093,96.43183
55.552353,54.66947,28.446213,142.62587,137.96011,94.94138,96.15963
51.99097,53.54699,28.316618,146.74088,143.23253,93.193184,96.68408
51.813534,53.46411,27.048176,143.81929,141.6541,93.10147,96.67077
51.723454,52.19071,27.139528,145.69145,143.82962,92.99736,95.59131
52.291546,51.91321,26.8994,144.29683,142.36081,94.35282,95.3116
51.524536,52.39791,27.42078,146.629,144.08148,93.6295,97.05356
51.977413,52.21558,26.58312,144.27054,142.70253,94.85498,96.48407
51.611897,52.9632,27.194159,146.58717,144.36427,94.10445,97.05883
51.326626,52.990826,26.760769,146.18274,144.29787,94.173256,96.98522
52.233315,53.516075,26.291513,143.90965,142.54836,95.59288,97.555084
53.185364,55.80603,26.69349,146.80676,143.89662,95.52507,99.625534
55.80117,56.469223,27.10905,149.86899,149.27931,98.62303,101.01661
57.42452,59.0154,27.471727,148.18723,145.81158,98.83494,102.93325
61.364193,62.468864,27.580309,143.64018,143.2542,102.2842,104.9648
62.687527,62.55824,27.230738,143.3764,142.86337,104.12607,104.98914
64.68239,65.00551,27.687147,144.26292,142.68231,103.29848,105.583595
69.21755,71.96054,29.144453,135.53224,133.82114,108.37163,111.19201
72.30978,80.02603,32.139565,133.56985,128.95963,107.733444,117.48093
76.72564,88.82192,32.061066,124.45405,123.00768,109.39474,123.48935
83.72951,104.88942,33.90984,113.0156,108.27232,112.46412,134.12373
83.62203,104.645226,33.489693,111.67746,107.95941,111.38982,133.57364
85.98382,102.19316,34.617733,103.49586,101.69667,108.896736,124.14701
94.556625,111.10455,35.390377,96.9562,94.7672,117.27136,132.12585
108.295044,107.86841,34.839237,84.803246,82.65019,124.15014,121.72499
114.52806,108.82074,30.334873,71.5656,72.19721,160.13988,154.8324
109.89552,109.41368,27.067322,61.043064,62.129513,166.5003,165.12956
109.95506,109.551575,27.637346,62.392086,64.35089,166.25136,164.7836
105.06273,103.978966,24.287668,56.419186,55.687893,162.1621,161.50409
115.01497,114.83744,24.68844,59.147305,60.78941,166.07336,165.34
127.2522,127.30513,21.712112,53.320858,53.614998,167.09436,168.69867
137.18626,138.4862,20.19723,47.741215,50.498497,167.1631,174.14143
133.87312,137.73232,19.651777,49.61545,52.720314,168.77333,176.1472
134.34988,138.06119,19.49085,49.772808,53.025166,168.81564,176.25952
110.98985,113.888054,22.02989,49.630234,53.70003,166.33875,168.21135
132.89417,134.86295,20.346628,47.649,51.557655,164.196,158.68768
139.89743,140.66002,19.138025,39.36697,43.80382,152.487,156.82726
136.96616,139.52252,19.182165,36.108707,39.74315,148.907,153.33914
134.86502,136.56407,18.912462,34.95983,36.964462,153.1319,156.4633
135.1455,137.1167,19.034882,34.16723,36.011692,152.38724,156.34207
134.44232,135.34398,19.021044,36.41669,38.2892,156.21925,159.94794
122.78813,125.03322,19.263735,42.85554,43.986332,159.22017,162.05746
121.78142,125.205376,19.022816,42.213512,43.50612,162.40526,164.31647
118.84896,122.51801,18.765676,44.083,43.917965,163.37018,165.05249
122.365616,124.707825,18.869478,42.90298,43.713142,162.73645,165.52727
120.82257,123.45998,19.03283,43.485867,44.737568,162.8206,165.30817
121.80602,125.38508,19.272604,41.874016,42.779903,162.37679,164.71461
120.559364,123.71144,18.964087,43.593376,45.06155,163.18256,166.12395
125.30595,127.77424,19.260586,40.365868,41.34542,162.6627,162.80617
127.63867,129.99911,19.544718,40.92114,42.714325,163.25531,165.32101
133.03107,134.1865,19.432999,39.95403,43.572697,162.57518,162.72523
131.4281,132.91896,19.74889,40.51585,44.190983,162.06152,160.83765
132.54964,134.62843,19.470789,39.196896,42.60725,153.483,151.13304
118.59082,117.85741,21.44666,51.636055,56.049294,169.07326,166.3267
114.33273,116.742065,21.993103,49.283993,54.6204,174.351,173.6163
127.67067,130.81679,22.339298,49.252167,52.19906,171.04668,171.30977
129.7013,127.55943,22.136543,51.05356,51.272938,172.71469,170.3787
128.63388,127.30691,22.245804,50.340332,50.52468,172.542,168.67982
97.08367,96.66651,24.612635,59.72371,60.536114,171.78825,170.61162
96.00046,96.2897,29.166061,68.98944,67.749596,168.95364,170.05997
96.80948,98.88412,31.633385,78.12585,76.469086,167.41931,170.18254
100.98416,86.124344,35.001858,96.17783,96.24876,161.98434,116.86108
90.27283,86.771,34.41588,102.05779,105.10262,140.57608,120.74178
89.74497,86.71031,34.66987,103.188194,106.385765,138.95985,122.591835
91.038124,86.93019,33.127796,109.757645,109.95312,135.78781,121.79804
77.08253,86.952675,33.35962,121.093376,119.98072,103.03633,116.93682
73.932625,82.65107,31.89871,133.72037,132.52528,99.307625,114.43082
78.3136,81.82816,30.533823,135.80318,135.99791,107.748566,117.58584
72.90923,80.108376,30.047285,141.96344,143.62656,100.66101,115.119415
72.35267,79.380196,30.433815,139.70241,139.3964,101.82719,116.85159
73.197556,77.26634,28.931108,142.91127,141.77167,104.979645,117.01519
69.339005,72.71112,28.526915,149.1957,149.33606,103.14291,113.72476
68.12825,67.71847,28.948645,150.56956,149.7119,103.34138,111.12508
66.06868,64.19803,27.948309,151.38055,152.15125,103.72314,111.052864
62.32501,58.085587,27.186716,148.17249,146.62555,100.78403,104.16184
61.437386,58.438694,27.989328,150.79945,150.00531,99.69438,105.49233
54.575893,55.07286,26.613424,145.88658,147.58922,97.7112,101.86187
51.079044,55.01298,26.778465,147.26944,148.79008,96.98454,102.826324
48.66231,50.975323,26.274054,149.30115,150.38423,96.751945,102.11997
48.747616,50.547356,26.24026,151.59348,152.91792,99.26091,104.08086
46.368774,49.99563,27.587759,150.96794,151.1262,96.83761,102.46058
46.40414,49.477287,26.642014,150.66516,151.99522,96.30526,101.91259
47.396294,50.93375,26.015917,148.41527,149.67282,97.70295,102.61744
47.24295,50.31884,25.637405,149.88036,152.2403,97.333466,101.36272
49.78161,51.80204,25.846722,149.45114,150.61769,98.32762,102.78139
49.119022,54.01301,26.577831,149.25702,150.73135,97.16116,103.843834
52.583366,54.568535,27.120468,144.7031,146.22243,99.02386,103.059044
52.730442,54.89187,27.102827,144.12276,145.8107,99.02394,103.429985
57.021263,57.700863,27.731287,141.44461,141.92737,102.477585,103.234634
62.30751,60.38268,28.87977,141.76892,142.35367,104.6,105.825264
67.76657,67.63397,31.509836,131.80554,133.6949,106.80999,109.57636
73.34157,74.85312,34.039986,123.827446,120.0974,107.93285,113.48155
74.76336,83.60008,33.15747,110.53428,106.65437,103.943695,116.764915
82.390434,92.79801,35.171898,99.49797,103.71831,108.20649,122.610344
82.59672,93.1008,35.330772,99.9085,103.84694,108.38937,123.22957
89.19303,102.187004,36.162754,90.68308,95.80125,111.599976,128.86414
104.41259,104.25053,35.916183,87.22379,84.0916,123.789,130.04051
110.54381,104.04116,32.52562,64.53921,73.58291,160.78906,148.6057
106.68073,104.44183,27.811121,61.577076,63.52905,165.66988,162.60014
107.02568,102.93966,24.769985,54.04132,54.55779,161.32079,161.11284
106.5407,102.439,25.321104,54.311825,54.449978,160.81837,160.76303
112.27814,106.24702,26.096548,58.987015,60.389484,162.20575,159.8352
124.22467,121.220566,22.870382,52.04407,54.160698,168.21376,164.0151
126.86283,125.5828,20.090727,49.72359,51.635986,169.11732,167.27995
117.60241,118.12823,19.936567,53.033276,57.01841,167.08952,164.87166
119.379486,123.81542,19.953127,48.972904,51.65827,162.46506,162.20036
123.50525,128.4975,19.990002,46.455967,48.24096,160.63605,162.38739
137.86534,141.31555,18.995943,40.067043,42.873528,149.42497,150.24396
138.43121,137.11024,18.676224,33.967045,37.562683,150.1441,148.72778
138.71948,137.78123,18.103733,34.1571,35.916092,147.83197,147.9446
137.19237,137.23709,18.465548,37.44658,39.6297,151.89514,153.46901
134.26443,135.87747,18.087427,39.804634,40.0108,155.17067,158.28401
133.34035,135.28415,18.330355,41.119534,41.20599,157.11429,160.88359
131.98878,132.41821,19.164072,39.686634,40.9822,154.13731,156.7677
130.32117,130.92528,18.958126,42.697052,43.323868,159.599,162.35638
131.60565,132.70331,18.927364,41.916023,42.276558,157.96289,162.17775
128.3393,129.71051,18.815403,43.06732,43.19349,160.42256,163.6698
130.03835,131.23561,18.768332,40.26875,40.315174,159.37242,161.57379
130.03798,131.19131,18.951553,40.42131,40.56204,159.18944,161.61229
132.7783,132.34546,18.72971,40.250034,39.073364,159.24838,159.5965
135.38216,137.03825,18.295958,42.74334,42.465748,163.37454,165.7869
141.16304,142.80069,18.38518,38.995075,40.57101,163.75221,167.23254
135.63173,137.30174,19.04918,37.343895,38.588417,160.55377,160.98637
136.83391,136.9846,18.96415,40.03308,42.387478,160.62367,158.67796
136.48557,136.4455,19.299166,39.380917,42.01311,160.60329,156.49527
140.68904,139.32468,19.796993,42.044422,47.86141,158.37209,150.95467
116.01006,118.215034,21.543413,49.3843,53.508595,173.34766,174.5779
136.61671,135.36153,21.002253,44.37106,47.17607,174.35863,170.65964
117.108284,115.91967,24.347048,54.967636,57.11635,168.45526,164.53209
125.960526,122.37128,22.832489,54.41172,53.379078,170.07047,170.19237
125.768555,121.99135,23.09494,55.1033,54.511143,170.14284,170.03763
101.9365,99.39881,24.655811,60.830112,58.575214,168.68793,165.83513
98.89891,91.16928,30.210594,72.47259,75.32025,166.10732,160.89218
100.6278,91.868324,32.263775,90.73331,91.049034,164.6037,144.24974
94.17949,83.23036,34.089344,98.93177,103.57162,133.38142,121.23588
81.50176,85.339485,33.965427,114.12385,114.59487,111.47525,117.89259
80.99669,85.56094,34.22163,115.82114,115.922226,110.546814,117.69067
74.054375,81.02571,32.662228,116.77276,116.25957,103.89077,113.27345
77.85162,83.33473,31.951439,127.0791,126.734764,106.41897,118.01107
74.10586,80.85265,30.734467,135.36192,135.73347,105.45736,119.53517
72.61612,78.43727,29.200853,143.16032,144.08171,106.424576,117.34353
70.75611,73.27334,28.557064,144.81456,145.75456,105.573395,114.36103
70.82167,75.729774,29.419447,139.51451,138.35167,107.546394,116.433174
66.7023,68.132256,27.922724,150.12059,149.68271,102.847305,110.65818
62.22921,63.704582,27.941679,147.15329,145.15347,101.48837,110.58197
57.379025,60.750156,26.807785,146.24925,146.10985,100.85348,108.07616
52.186813,55.156826,25.816515,144.73729,145.39595,99.731415,104.12414
49.59955,52.094627,25.79666,145.89365,145.75574,97.89085,102.309395
50.05736,51.772808,25.651175,145.9843,146.14632,98.24903,102.80416
47.86102,51.041,25.562668,146.57135,145.72629,98.11977,103.48261
46.68106,50.5842,25.58935,147.35054,146.32256,98.36995,103.57595
46.43457,51.15979,25.023006,148.03369,148.80884,98.51139,104.51531
45.608738,51.935593,25.698313,148.30103,147.67729,97.32224,103.703125
60.61178,60.00753,35.22478,51.422726,51.11998,166.14357,84.35848
64.15783,43.213184,76.25176,53.353252,64.301414,172.45784,57.156113
49.242126,75.05128,58.201508,58.876274,55.014557,156.24362,73.17247
66.00517,50.309017,84.4798,96.97347,118.47476,147.1094,67.12068
69.5935,23.24078,116.19948,143.58641,79.03927,140.17488,37.357655
36.63994,110.885994,112.664444,60.807217,152.61002,152.4101,119.79467
10.84357,12.794747,54.738228,118.05994,128.01369,143.8159,116.50488
3.2815151,15.046141,46.407444,116.08716,134.13356,138.79318,125.45344
28.546568,10.314329,60.521183,97.85495,106.756134,138.4909,106.02426
10.514606,20.37942,41.327023,109.52051,117.95261,126.470566,102.76058
14.349776,15.139655,56.94382,107.885445,114.92763,132.56123,105.42927
13.135348,19.682695,32.460503,120.74591,129.1663,115.818474,108.09817
20.249374,24.763474,45.45777,108.01168,115.66234,138.8977,128.48288
9.297242,19.893919,13.132268,122.181366,119.75752,149.67674,137.38821
19.497696,26.13682,27.57147,110.26349,129.91553,120.57253,119.103615
41.0443,29.632002,31.05736,109.90442,112.4427,133.88882,119.56043
19.293669,28.436003,5.2201076,117.86906,119.27599,125.41676,125.22102
25.59188,19.911154,29.837877,149.61243,146.22783,176.11404,161.18387
42.264935,45.125896,19.18097,86.11019,68.11054,153.33716,143.24237
47.647503,36.376842,25.408741,85.32732,89.478,127.97333,126.4545
29.275415,30.197405,18.415571,107.13073,94.65755,116.739235,128.0518
22.844297,39.899643,8.894326,104.01066,106.604294,105.10632,130.67824
17.074335,28.369453,23.816767,87.81225,90.813416,105.57806,126.13849
18.398449,33.841206,18.73356,99.64479,106.277756,102.210945,129.15134
21.60304,33.77588,14.222772,132.53421,139.55046,113.472275,137.72005
17.729465,42.836033,12.1175585,110.62533,104.783714,112.084816,139.71782
37.11096,40.527046,21.779982,119.9556,119.169785,114.37283,137.88004
43.31413,38.2137,5.342214,104.86903,95.161545,119.383644,126.59765
29.779367,18.49176,24.11394,156.41336,151.90031,168.08963,158.346
29.764463,18.81591,17.461563,125.732,120.992096,176.36621,165.06337
12.721089,35.52912,40.222347,98.21953,109.37205,116.21296,128.43097
12.470475,28.966612,48.0862,104.16571,111.08248,115.16327,118.48159
14.0716715,20.431547,81.56744,111.83665,130.3796,130.09644,113.22742
11.092085,16.70696,15.525871,129.29758,134.87401,132.03831,137.23026
24.5241,36.30684,34.654705,85.1726,58.409286,112.76729,119.27979
26.099483,36.16142,34.51971,153.38348,145.05365,161.57877,162.23706
15.125919,8.967186,26.432657,154.4866,150.90282,163.45395,155.96367
18.456001,36.09828,43.36073,142.57495,123.45703,151.50757,109.038475
25.468681,33.721485,47.807175,144.01396,118.80785,152.6995,102.02598
31.55411,27.630999,30.030579,164.75348,154.97705,117.61431,156.08896
18.315985,17.493618,25.375181,163.45708,159.12392,169.30502,157.4804
8.532418,10.10217,40.093304,168.3565,163.5228,169.80247,160.11708
8.312455,4.3981023,39.296295,167.83409,160.68341,172.33093,160.2744
11.256763,3.707289,34.338352,169.00409,173.37453,166.11801,158.84962
112.37331,142.82692,71.569786,165.28127,148.4088,109.38499,144.53201
8.342755,1.4656698,24.723475,166.55989,171.83836,168.5228,162.74207
10.116043,7.785026,55.992302,166.50677,174.17706,170.28275,152.29523
8.63795,8.93558,48.1021,171.56664,165.49576,168.92412,163.05975
6.5421476,3.9537394,14.719824,150.52731,145.42618,174.30893,174.53395
8.789278,3.1000884,64.56813,159.91667,164.39294,170.48117,163.03314
2.3409245,3.867562,33.269997,118.71841,120.966034,170.8533,163.30984
14.529366,16.842024,57.573982,157.86139,152.41982,156.9413,157.25323
13.074785,4.994614,55.747406,136.4803,144.00995,159.54604,156.79018
0.8125289,5.726731,52.41624,128.49605,120.83481,165.33507,166.6173
4.914023,2.679857,69.451256,124.87626,132.20322,172.39172,164.861
0.9885356,4.8655043,71.07479,131.61552,111.26286,173.0398,178.02632
3.7113538,7.4141264,48.313206,161.2702,152.56152,171.70041,176.52858
2.185432,6.448409,66.34249,127.888306,115.39299,171.63843,178.90085
9.299208,2.7754452,97.4961,138.17975,119.02027,166.36145,166.88075
11.310746,4.963884,38.50814,123.25903,118.81507,140.42354,159.15512
10.08393,3.8933485,40.78433,133.03622,136.58723,114.90615,163.25523
19.628073,5.7385263,47.765945,133.20026,131.8629,141.14407,158.10254
10.601385,7.2566075,42.729126,110.99495,103.740166,171.13972,154.48138
5.4700246,5.4361725,58.47457,113.784294,116.54802,169.6972,162.21272
9.481744,3.8329782,86.87488,139.89082,131.97345,164.93982,158.9999
5.6780624,8.62737,78.00934,118.50634,109.76054,168.07118,159.86653
41.380875,6.1531324,72.947205,144.07774,149.15633,89.31786,155.76976
43.1024,31.038334,91.38029,155.6333,163.2453,157.8478,138.08868
36.4277,72.09177,80.162895,163.3565,147.74431,122.86746,92.355354
16.17965,13.62588,89.63108,147.38367,161.50208,165.3236,156.66814
26.487116,21.668581,79.510185,171.99759,169.73065,168.4476,155.62273
8.111934,11.186585,90.10754,130.85905,133.34528,167.81772,159.38823
74.46066,42.05585,74.56436,165.55632,140.51677,126.3696,92.90643
10.532351,9.440462,68.754715,146.74413,155.29376,155.65363,154.07568
46.956417,58.422955,42.39975,169.3644,155.14587,87.59293,148.97507
2.0345163,5.6464257,74.91718,117.934654,111.81245,168.41496,163.93192
24.006468,18.366482,36.27138,143.56123,172.74477,160.6452,152.51646
9.853989,3.634642,92.738174,139.80899,148.93364,173.19054,161.14563
12.02654,19.18154,40.212006,150.32745,158.409,26.120916,153.39255
6.646971,7.0369534,81.95298,137.60835,127.81313,171.89175,164.53252
4.934592,2.8077009,82.63745,141.57458,131.45618,169.4753,165.96523
48.563396,78.74347,65.41355,168.10204,145.62242,93.48418,139.697
37.395863,34.073975,87.27996,156.28923,166.83125,165.62633,152.92715
46.736443,36.548058,65.340675,168.54414,133.82214,53.87598,140.21933
28.437521,25.234522,53.417873,142.13025,168.30856,160.11404,158.22124
14.778618,12.815271,70.134796,138.74184,143.34166,165.42082,156.0831
11.925768,6.5763497,94.51467,138.11998,147.51108,171.15178,161.32501
12.88252,5.9786816,85.10069,150.78159,163.56227,169.44934,157.0049
13.024723,6.53951,56.97038,167.69698,155.22665,170.21007,157.21742
11.395113,11.074427,70.23155,164.25922,154.1593,167.19507,157.74515
8.803035,9.285079,67.95356,159.9183,148.53194,169.30937,160.46527
8.016969,8.695335,78.79748,154.88786,138.71286,169.16748,163.04413
5.8938837,6.349218,76.70711,156.77887,133.49211,170.96605,166.5859
8.978244,7.9775224,64.472984,164.52403,150.94179,168.76456,158.62851
16.315733,10.07956,63.218807,167.37616,156.10112,168.68805,154.512
5.1432705,8.846644,81.261955,128.22623,125.166245,154.48653,157.70473
4.7946887,5.56486,77.146805,152.93852,134.88284,168.20285,164.98746
8.53541,8.966288,58.075325,164.02997,168.52577,170.45322,160.10458
13.677045,8.54431,51.32005,170.21439,155.03406,168.06622,157.61604
11.844233,10.525063,66.070045,162.68144,157.55972,168.58987,158.4731
78.54764,8.765982,77.730835,174.72781,139.83809,26.184544,128.01863
16.54365,11.732048,37.02537,166.67374,168.72556,167.99194,155.84561
10.353434,10.400965,37.825947,169.72302,162.11455,167.24454,158.12276
15.644213,12.767655,52.665527,166.98027,166.63441,164.8362,161.80045
65.20778,49.817635,73.79703,141.94601,120.259544,165.58174,146.56471
11.652423,6.207504,75.350235,165.3292,163.73769,165.34448,159.2877
14.34786,12.604403,82.19201,145.65147,161.03273,165.79549,155.45638
10.529735,4.7923594,77.07054,158.39551,160.53659,168.84634,161.5467
12.632995,10.075325,70.51721,167.6319,166.29965,165.03021,158.67911
114.45053,100.534485,49.95154,171.49603,134.87677,127.23983,64.838005
19.111769,16.151756,73.00964,170.67665,147.50627,163.10535,142.07947
10.404577,8.57595,72.8486,168.62207,160.07166,166.84254,159.95428
9.218678,7.703419,34.22826,172.9533,172.75111,166.19629,155.37392
16.396366,11.231262,60.47611,168.71199,154.65186,156.15543,140.24806
10.410211,10.413971,33.511433,165.34099,172.06894,167.87315,157.79486
11.812144,8.214082,42.66619,165.1361,171.45264,166.30058,157.9856
26.643309,25.949587,31.725834,162.28009,162.11743,151.54465,143.32433
14.817074,11.924331,61.310276,168.49478,171.47523,167.69511,157.55164
7.3476405,6.779861,47.824203,165.88274,168.85185,168.63268,160.58142
18.61962,18.045713,37.129528,171.65527,175.65773,164.66714,151.6342
14.405147,13.234973,21.328787,169.8899,177.25127,165.6163,158.41309
13.6250105,10.397919,58.439724,168.72908,164.02841,163.88168,158.55229
15.956356,13.339447,37.85381,168.47322,169.65813,166.10583,154.4887
27.35296,21.759356,30.324808,166.50739,167.4825,164.034,150.92479
16.299593,10.242038,38.27057,167.6958,169.68738,163.49701,157.75107
13.600546,10.336355,33.653244,173.29506,172.7574,165.79396,150.20087
23.72023,21.006016,41.379673,165.3432,169.10849,164.7113,149.28531
15.18701,12.314974,60.47844,168.93225,172.73692,168.16148,154.04459
13.580708,11.287426,55.460976,167.43329,167.64491,165.13321,148.23985
18.985605,9.683243,56.419537,164.00127,167.71808,161.4887,155.77095
18.791086,10.445211,41.531097,167.34291,164.87953,163.42155,159.78355
27.712257,28.737537,42.925167,166.91096,161.29367,150.38309,148.87027
21.57084,7.322282,32.894917,172.52727,157.9629,149.2198,162.86197
51.92889,47.141243,37.882717,170.48553,158.37233,65.4778,102.15721
29.757887,22.570515,36.030357,170.90268,155.56346,141.19167,159.81143
27.201855,19.925268,23.974508,170.63506,157.06175,144.28969,159.11623
16.707483,15.858457,19.230074,172.32947,160.80746,161.69395,157.09514
20.710041,18.140953,27.615805,171.45769,168.19537,161.04834,159.79404
13.524601,9.121388,16.508844,171.56242,168.15932,162.06117,162.771
25.46269,23.454967,71.07377,158.61447,153.9301,114.51302,146.1198
6.739357,1.6461565,71.29997,100.95529,78.339645,172.30113,165.54292
13.278355,10.117539,45.745167,161.6476,161.20442,161.7757,158.01073
17.24872,14.176871,41.579266,165.12724,161.0884,163.20248,159.72256
13.907761,24.299747,50.36746,166.37581,161.73735,166.06285,158.88911
15.397347,18.777807,58.881474,169.6326,160.90369,162.6201,158.80835
10.931064,7.862672,72.672386,167.20782,155.4093,170.15685,162.94829
13.096114,20.593727,41.922947,170.57726,165.37305,163.6379,161.13097
14.489631,8.186403,90.72417,164.77446,148.51549,165.37434,153.07088
35.93435,32.84573,74.04092,157.92874,131.98228,160.10234,148.50142
9.792134,11.7360115,24.279531,165.86313,168.52873,167.7932,157.31184
13.123411,15.286729,39.655464,165.22891,166.38063,164.92316,160.44214
15.989069,18.661673,50.018013,163.13525,164.4583,162.99881,153.2367
10.768193,15.243315,24.022446,164.52963,168.51587,166.76561,159.49487
12.86658,24.093668,27.160416,165.23357,169.05185,167.3956,158.31201
16.752092,8.720576,35.743137,164.54768,168.2877,169.72656,161.59616
15.074388,10.620284,48.81444,165.04674,164.7379,164.98001,154.60445
12.8870535,17.654242,27.144724,164.7444,170.20879,166.40816,160.46799
13.950689,18.62703,23.562363,167.15999,169.50868,163.21037,161.83919
13.728584,10.951377,62.416534,166.26804,159.52928,164.93132,158.1399
28.369812,16.690357,38.144585,171.01103,165.75032,145.02994,155.55507
8.364851,5.429752,66.762436,168.90407,155.06354,166.72476,160.89427
10.934592,2.661828,39.88583,167.98827,159.51228,163.07002,166.46216
54.05434,41.98921,100.80921,154.00352,134.6704,160.86644,156.0245
15.611062,14.003104,24.215443,165.39491,171.33856,166.3864,155.4566
18.060932,7.9454937,60.145863,158.82527,161.10004,163.10684,157.82124
9.622938,6.3983154,36.401432,164.55832,167.12541,167.85841,162.99493
8.905143,4.1647587,21.927809,168.46257,171.95102,169.71065,161.68088
11.601911,13.328266,37.353573,166.34167,170.59235,168.99084,159.2858
13.153175,12.509952,40.0908,161.96445,163.66356,170.87682,163.04889
11.58978,14.678559,45.321594,162.24408,166.33206,166.41937,155.93373
9.222196,8.965477,55.787918,159.80055,165.71927,167.21481,156.2551
9.2277975,11.155014,57.31417,138.68002,147.6232,170.79614,160.88576
16.74184,20.160957,52.22708,156.37004,160.44511,175.44507,154.44002
14.489672,22.305004,34.327824,161.97244,165.83119,169.19894,153.87376
8.885376,12.203903,61.316776,166.24307,163.10892,170.71892,158.75839
19.874891,21.640226,82.302536,157.82066,152.95605,170.96365,157.48067
14.563193,15.381995,54.19283,163.4759,157.76088,170.75815,159.07251
11.472498,21.04095,51.295605,161.9177,161.56892,167.6709,160.2797
22.992435,31.792564,36.230007,161.19223,155.23401,169.50511,152.14232
24.357492,34.34107,31.855406,153.09314,138.72696,161.78194,151.39029
11.0089855,15.679545,39.926666,165.19894,159.45094,165.7978,155.94955
16.8735,21.447977,24.032978,166.87436,162.32224,165.04088,156.69734
20.972713,29.354511,21.363565,164.15187,157.63785,165.53113,157.45927
10.467604,9.677232,17.008762,168.30792,162.38568,170.71033,163.11186
14.8777,11.190703,27.711208,165.6672,155.26295,167.40955,164.28053
19.222181,14.835317,27.316021,167.68474,150.806,171.84451,164.7125
13.624474,9.3363085,17.1653,167.24062,158.39268,172.90912,167.76859
15.723523,7.823681,17.446205,166.68173,156.41154,173.71802,164.58142
22.650768,28.940474,21.637344,163.28731,148.94193,166.41238,161.82925
29.8548,45.403923,20.577585,166.24509,151.9081,158.33395,164.45113
14.861903,17.423613,15.613904,166.46477,155.49026,165.53325,159.53775
2.5225103,12.578884,13.520643,171.82448,162.75488,164.55756,169.6062
8.294199,8.070321,17.403883,163.75964,153.57434,165.56863,169.59775
14.747539,13.245857,21.156666,162.0515,147.27742,165.36871,165.25241
34.624207,36.81128,19.010605,159.11577,144.04736,147.94377,165.8725
12.001782,14.246036,14.746372,165.08365,156.76134,162.2855,167.34721
16.225925,18.475065,17.958992,164.69139,149.3834,147.01395,160.56534
20.121017,23.69977,14.228248,28.740696,26.677118,132.54692,169.57423
15.948079,20.195728,10.822819,44.321896,42.0499,151.21123,171.03505
93.24737,80.13952,11.071564,52.685448,45.965305,98.88473,116.47678
17.499172,14.044467,13.4297495,36.795815,35.891277,150.76796,127.60952
13.302793,4.076358,13.679357,33.31258,31.510612,161.43892,135.69293
14.3116665,10.095217,12.971063,31.163338,29.752497,162.34293,133.43582
23.43879,25.340094,13.770943,163.66266,149.21278,123.13501,151.58104
14.900388,8.4798,10.122302,24.501947,23.539722,157.43994,127.71303
21.221018,18.045647,13.202535,31.337917,30.838146,148.22072,158.84283
70.45249,98.744965,18.977385,137.7042,126.20545,107.68283,114.11952
27.251585,86.531784,77.6752,137.25526,128.62666,81.42653,96.11148
18.897125,87.92935,59.564507,46.650486,81.811745,75.566696,114.52584
7.634092,92.258385,88.75415,54.84642,94.10621,73.70431,102.313545
4.809049,80.164055,28.679806,55.085045,58.041393,73.23627,110.868675
36.45041,77.937744,25.286789,151.12744,138.17163,70.12342,82.753365
10.427244,90.0405,57.526814,39.82759,72.32723,82.96347,102.50351
34.970882,53.998142,11.373693,69.032036,75.51024,107.2851,106.77373
76.269714,17.111237,15.681036,38.005898,35.287216,87.715744,75.66822
33.24431,17.646965,13.009485,113.99291,86.150566,124.91052,91.065735
28.002853,5.76048,14.419814,57.74768,59.844707,118.15411,156.32295
52.80194,16.46351,19.335693,105.61062,86.01553,99.39324,142.15273
25.442476,20.8398,23.274872,71.15564,50.4005,153.98953,161.40843
16.839819,19.333433,26.948198,38.09497,27.234522,147.59056,149.69598
98.44567,88.18046,17.228703,149.55594,145.69228,131.26907,81.68934
106.75431,60.490105,17.92264,168.04396,158.3732,97.137985,72.81321
90.254776,95.60742,10.613796,165.40686,156.035,69.19017,38.764194
5.0603957,9.093319,14.347874,171.16705,165.77193,158.30272,156.8311
61.382717,24.13587,14.895938,168.85448,161.0193,43.34082,105.85605
97.76276,98.17347,19.724022,173.50351,164.81198,85.67343,62.62689
12.285863,15.583131,20.677326,176.25612,168.6588,136.33287,140.2847
3.2720752,12.576547,16.767061,171.38704,162.98561,169.75055,159.83469
38.326008,46.83566,8.937273,166.10765,168.09871,100.68069,92.2368
63.210564,69.40585,35.496506,147.3752,115.459564,89.17092,89.40495
46.43162,42.612785,48.05365,81.13946,67.564026,137.3551,116.344864
56.15105,75.44388,41.62511,140.6384,113.505356,121.79109,98.81646
21.283775,21.527588,49.4981,162.99445,157.89943,133.82675,155.57976
47.339523,73.702034,36.69368,116.07881,94.17264,110.201294,114.45003
19.376772,18.683987,90.98949,84.80477,105.289604,150.95825,144.77008
10.16328,20.059994,49.02929,161.21367,156.91827,165.69237,154.3438
3.3955753,9.816822,52.611034,137.51108,145.23854,167.08925,164.91269
69.91297,35.298428,30.536285,160.00412,151.67812,71.52068,141.68054
15.619397,11.592465,21.927471,160.21562,161.20586,157.01239,162.10771
37.200626,20.013994,27.135717,177.64555,174.01581,137.15804,133.80836
74.2836,10.381216,62.946106,134.8349,140.23029,84.289024,147.03148
14.762785,26.880077,32.921715,148.07611,157.59213,158.54807,165.78073
10.703129,10.916988,40.922283,170.72427,165.60571,170.12395,158.5446
13.342481,4.8788137,70.87547,130.5858,120.7112,154.64658,147.40898
12.4985,10.64858,73.22978,153.55794,148.71892,167.53673,161.967
15.506506,9.014366,76.93004,158.83241,172.16582,167.84961,158.54297
6.2070303,9.932858,73.16707,130.98961,130.67801,170.19861,162.34395
16.17444,15.462246,82.67686,144.68289,171.78308,169.6372,158.06197
9.566511,5.567923,90.78212,160.37218,167.52362,171.72215,159.43962
8.171736,4.773642,79.14252,139.98422,147.30206,167.90247,155.07877
10.2186365,0.8965661,97.251175,142.61151,141.62248,169.71179,154.92952
9.458393,6.5031857,90.48871,155.27823,141.93867,169.60727,157.83249
13.210906,9.988398,86.40878,153.66476,149.47499,169.40825,155.09244
36.058037,18.955982,76.61289,154.53731,134.92363,114.20593,88.925835
9.620731,6.126311,89.29829,157.25021,149.77798,170.27412,157.45032
8.043396,4.654042,94.58346,152.74083,130.37883,170.74863,165.42117
7.5414243,3.3371255,75.24705,131.41675,134.07578,169.12825,162.70224
33.051075,16.092945,90.770485,107.71596,93.61751,123.095055,82.741135
110.79497,50.313538,11.457035,110.89564,107.4373,139.26686,70.28193
4.74842,22.129543,62.186504,81.25058,71.5163,151.4797,114.8979
19.916145,18.730549,74.90851,96.45856,81.07026,154.86464,127.10771
22.767805,16.126621,10.805327,171.7253,165.49051,122.95389,139.72621
4.9334006,22.17823,82.832726,22.30271,46.911385,91.87075,81.42043
14.569332,38.604195,78.33994,33.659058,57.79445,90.86094,53.75256
47.60123,3.6431437,13.467135,165.91608,172.44832,143.83575,154.125
12.669746,22.537695,77.90214,45.819622,63.724583,99.767105,48.04494
27.883572,44.047432,94.61032,54.697136,76.578766,79.19438,51.346367
36.90931,59.06203,98.16539,61.477394,70.40185,60.865368,97.84251
23.947546,49.930443,72.94124,38.72385,62.818607,76.981384,50.63362
35.277687,64.68962,75.693344,65.74834,69.93917,57.5403,127.40159
17.915457,49.250435,71.387566,49.780037,53.441624,103.830025,74.22237
27.270672,57.287987,55.303604,40.247917,53.803547,76.57253,88.75218
25.685055,55.442894,66.4238,78.96394,67.83243,113.43994,137.03633
17.674927,59.574486,78.04071,31.119707,59.092697,108.640625,108.16304
26.394228,42.19772,90.254776,84.33313,82.14599,108.81229,152.55396
26.172413,40.203835,96.11976,94.05954,97.43073,113.7127,161.5897
17.895752,33.719086,87.52762,34.78894,59.335976,118.934395,107.96486
22.539442,44.175995,83.280685,38.73685,72.299675,108.18689,96.79637
32.580654,37.914433,92.62307,62.3009,84.96471,113.74699,142.14357
17.28441,29.882605,73.33905,37.654366,73.47455,109.999565,122.54845
23.775774,57.869328,75.39585,36.004566,65.757614,101.755844,103.15781
21.397991,57.758617,63.57031,44.370865,83.60283,90.61479,111.12664
16.217625,50.569603,46.669155,37.91958,64.04854,116.82855,48.794563
16.036695,31.043594,64.98574,54.08321,88.471985,114.31259,97.06008
14.121576,27.524841,70.72594,34.01252,81.47084,97.995346,84.95001
40.03476,54.016285,43.16807,45.521305,81.144585,32.25882,140.45518
38.679523,56.370407,51.88789,50.03045,86.92408,37.018684,131.89076
17.132233,29.17219,34.65943,47.008217,75.076805,78.17279,116.21393
72.58165,63.957954,44.647842,63.405373,85.30425,125.7292,142.30872
58.381073,51.995335,66.90972,41.359165,64.65181,53.965027,128.68307
14.82479,57.718277,58.880646,52.922337,66.11548,74.701004,90.85368
48.499344,37.791496,53.533627,50.964485,72.66894,35.018482,78.248024
51.5143,43.029835,67.61335,50.854397,79.71122,35.029274,136.13983
3.2779336,48.063713,48.95211,53.474636,67.7033,110.58571,48.367317
82.36579,61.4938,53.02937,72.62856,87.42482,104.427956,132.01596
30.786106,51.26876,46.184994,84.45833,92.18857,60.215614,138.10799
69.02414,57.04943,30.189182,148.49622,140.08829,102.52908,133.65291
33.33316,39.162167,77.77688,109.279396,148.95451,142.35632,103.683815
22.853355,32.474403,34.870014,153.322,161.82056,135.0206,160.54129
45.77718,41.43195,45.39134,65.22749,83.003,98.72491,127.058395
20.8746,15.536242,94.01216,74.311615,90.85414,143.146,145.38036
60.651073,50.86472,86.86657,61.99455,57.35142,106.70747,101.534744
44.37002,14.663876,118.53545,48.383488,115.13505,100.35362,156.42314
39.953693,12.432921,59.990032,103.26067,126.11861,106.00311,142.18486
59.77371,15.195937,92.00732,82.26286,84.56512,100.80995,103.79932
56.333748,18.909153,107.26758,86.28306,96.59905,84.28056,101.30701
54.38235,24.62293,78.70846,75.30812,69.9742,85.46321,123.44432
64.86613,90.27931,99.65881,119.64034,150.86642,111.25253,164.8028
30.24618,92.71111,101.18755,117.53408,103.67584,66.33229,128.19392
39.971943,61.80908,93.81765,129.9823,143.36818,102.48268,108.21328
40.36322,71.18517,98.48938,129.78993,137.08871,64.97106,129.99258
31.135925,61.900444,92.280426,135.85072,142.37148,69.29066,104.3963
58.805557,77.375534,91.384155,140.50455,154.20581,111.025116,141.41646
45.832012,52.66008,26.570427,156.5156,128.14833,28.278732,130.80295
12.894845,49.867462,10.457223,169.51631,172.61009,118.51734,167.90486
39.735813,48.103294,42.297707,171.76324,151.95078,94.24006,103.97357
22.853453,33.2127,25.949415,165.60812,175.83603,130.93956,160.84628
30.330475,76.61294,58.50332,171.99434,172.99918,20.391918,141.56712
32.802883,51.547966,18.950008,131.70825,117.12852,96.07268,115.39742
28.998291,51.646538,34.31905,163.85898,131.28299,26.36299,121.628044
28.509306,55.153877,58.869423,163.8389,157.54187,25.495598,116.14206
45.598152,41.576855,38.367165,162.33902,131.98491,21.592482,93.210144
57.114685,51.419212,41.324924,146.50137,139.18642,35.985516,120.37735
19.504745,33.038307,49.705715,169.67772,172.87415,74.22843,112.27951
13.17838,39.29024,30.394587,168.41031,170.18283,70.25321,123.82733
7.2645254,22.553558,63.161133,81.42927,89.44846,120.74227,143.42625
12.665572,26.638128,27.057922,176.95978,172.86192,95.82232,119.0035
17.053654,31.150473,68.05071,156.9356,177.42754,81.11627,93.85843
4.188298,24.008003,63.449375,140.727,168.86362,97.10387,73.76584
13.391892,24.859236,17.612179,171.61826,154.42206,113.40652,137.4722
18.776863,21.515558,50.235546,131.59,112.75625,120.70439,154.44162
50.01476,30.390078,71.28028,76.09696,83.71386,87.829216,119.630646
30.088293,30.183144,32.470566,160.76671,166.2996,34.009384,107.39529
19.448494,53.255608,41.702564,160.242,170.90538,35.92953,111.02042
34.959503,33.054276,72.90789,172.38626,154.9148,164.50725,133.2598
52.04012,7.776374,76.33257,155.39104,164.61658,161.60176,122.10011
49.531105,21.434551,67.03168,165.08249,158.64087,167.12068,107.72655
37.287518,36.931263,59.030807,167.31094,147.59189,169.82133,112.27068
38.654415,28.095757,65.92914,162.74266,144.0436,168.17801,121.69764
43.031944,21.943058,82.13616,154.41853,153.05696,164.22102,123.5733
31.622313,20.085556,73.569626,161.34892,151.64511,152.07053,124.13367
24.094763,24.786144,62.062195,162.2206,142.45776,146.68787,114.99447
15.970337,30.602299,37.815144,158.21034,142.16983,133.85759,118.54553
19.074455,31.406704,40.531677,161.80229,151.11938,124.91138,119.86943
20.1702,33.430862,62.764088,154.1443,159.24104,127.113884,102.49013
22.647327,29.922873,65.1685,147.24763,156.55214,121.57206,97.3507
37.666527,29.156084,56.256233,142.74672,149.32695,125.85541,105.837654
49.97231,19.490543,82.493324,135.70618,156.82185,132.40947,106.14121
42.689583,26.200026,73.0771,152.03368,163.44077,137.11581,110.98164
34.299088,33.90624,53.99045,153.83157,155.2082,142.48134,103.60391
23.332117,38.67065,42.848953,147.35916,146.46808,149.5161,102.32669
22.730394,44.15656,66.03341,100.80996,127.944275,157.39392,95.758766
19.530647,51.77283,102.7141,124.34378,155.42218,159.32515,114.120346
74.18287,67.3329,104.71793,71.06246,107.51017,79.98082,148.49535
35.8688,72.07091,119.181,74.81399,140.58961,19.432024,137.6587
71.019646,52.056904,94.6107,160.26323,155.99208,63.44452,154.36246
45.507576,16.780409,54.7875,55.70681,79.04015,165.0759,123.214966
24.308973,20.892504,27.525993,56.707817,36.185413,90.06666,52.808735
12.176602,18.255913,6.362514,172.42375,172.22127,174.91827,169.31137
21.696396,6.7558956,34.222534,176.1505,172.53198,158.65614,165.81091
33.987335,57.41936,72.809,62.230698,64.78437,96.903595,142.48106
41.588478,42.36491,77.172134,82.782104,117.69118,107.93101,159.55167
43.07262,30.098843,95.54121,75.935555,90.16499,96.28755,118.59521
53.696354,27.69227,77.86628,87.237755,103.71672,86.70303,100.128975
55.39995,29.321209,107.38698,78.414604,109.2466,103.80706,164.3484
58.967903,36.523113,110.57115,100.48087,126.936066,100.334816,138.33563
29.39799,32.995586,104.91287,102.159904,79.698715,147.31079,91.90181
69.412544,26.763733,42.91694,64.25546,81.73466,110.42167,155.25296
39.302895,35.094788,62.092262,85.57012,99.139854,105.52397,56.45444
34.100136,52.30713,33.736862,74.306244,93.50204,138.32623,118.73125
62.728523,38.20797,33.92799,80.41876,103.55865,89.97666,75.50741
26.593023,49.59949,75.05958,136.85933,130.8999,27.226246,81.359436
44.355648,67.29256,96.166595,108.483025,76.8124,81.80622,123.9907
64.45913,65.88766,89.448784,115.72557,88.51401,86.2884,136.66016
27.43214,30.54418,100.651726,134.74532,124.49186,75.45874,175.9512
48.362587,34.244198,85.54769,130.743,143.02747,131.34349,137.40881
22.059824,17.425552,59.328182,128.98277,137.69765,169.91203,160.31734
18.625425,12.021032,33.82417,159.67897,116.9938,102.09066,143.48257
95.368164,83.63415,12.875778,148.73108,154.94559,158.32903,170.70453
41.502625,30.542057,11.804467,158.67906,155.97356,161.66586,143.9546
16.418045,24.092379,17.243778,163.66331,171.50179,147.6141,153.42915
17.294178,19.589819,14.227191,169.4167,165.24615,148.05212,149.50797
17.99868,21.697098,20.134684,172.09126,173.32782,149.03352,149.18944
22.956894,27.919224,18.297152,173.97217,173.79118,153.71916,156.10284
24.75,26.433517,16.537674,173.41699,170.28687,149.01147,151.15416
19.910982,28.42032,20.606152,175.56732,177.51186,152.76056,150.38362
22.265678,34.50766,16.70652,176.41743,174.81271,157.46213,150.60764
20.07736,23.235178,18.346561,171.33345,179.55942,152.02408,149.00754
17.784916,16.149153,11.727076,173.1298,169.44751,155.14421,141.96294
17.508268,16.477785,20.064722,163.86064,170.78604,150.13144,144.43776
15.08864,21.1984,22.162512,174.63179,173.38809,155.70023,144.39444
12.984718,19.37842,19.364655,176.37047,164.96877,158.68031,164.2936
24.437292,15.569715,11.273563,136.44148,123.28236,153.72888,138.45082
12.470032,14.176871,9.343169,140.29253,131.81511,158.2961,142.77518
16.148283,22.237188,3.7981834,163.39436,172.28645,152.99553,145.2343
11.4458885,18.349339,15.887125,122.10163,115.86249,144.40454,135.06927
18.019623,17.076277,10.448018,156.0367,170.36842,142.31693,156.62607
14.334101,5.21793,9.001891,151.21751,151.79994,170.19308,161.80989
12.941315,8.289795,16.729826,147.28838,143.5793,158.40352,140.31337
12.36523,19.686384,24.07746,149.39891,155.38554,164.5467,159.50664
16.70689,25.911201,22.68771,140.48584,131.6334,136.8722,132.62753
22.477236,22.270706,32.622223,140.57933,101.34659,147.98546,142.04343
14.726623,19.107075,20.092098,156.51321,159.24803,143.13718,142.9145
15.82434,18.292889,22.264578,150.27269,154.73709,140.52147,145.07831
16.731426,16.989899,17.697533,154.90549,154.5325,140.67561,150.38504
14.795437,19.509747,17.99511,154.21895,154.19286,137.62813,155.89935
20.678352,22.245245,25.817478,158.03934,153.50655,136.49574,161.32219
27.012287,19.6305,28.184713,157.32176,150.46158,132.75342,159.22461
31.48909,18.827406,31.924019,156.45505,152.70544,132.13408,158.72488
28.334618,20.224346,27.8984,155.2403,149.66846,129.62221,154.80608
22.936573,28.494448,26.056204,151.68262,144.70224,121.390785,155.09773
24.682411,27.086092,36.23236,161.33621,145.75262,126.05865,156.11922
24.748287,28.580816,25.170273,154.24648,148.92468,123.52552,156.83945
26.712801,25.714506,30.83378,152.48793,149.31252,122.08777,155.0834
23.29,31.691454,26.717815,144.5746,140.29161,111.06538,149.97023
19.137285,33.439934,32.281414,141.95592,134.7793,115.09211,151.33202
21.523407,28.691746,20.643566,142.12437,139.28323,120.11442,153.76588
20.97029,30.21517,27.136564,147.84584,144.67374,114.87098,152.43274
16.875101,23.249363,26.945162,151.6984,148.52519,122.39772,158.93283
22.762022,23.413914,20.524576,136.8125,145.53964,111.93005,150.56723
12.27239,22.54027,16.911392,143.72235,145.28407,120.25206,152.14749
15.308386,22.557146,17.832954,148.08919,150.16743,123.57956,162.93399
22.906689,18.3413,16.93318,148.5178,150.82921,133.36594,160.1779
13.530645,18.934502,16.59482,149.33725,153.49669,132.32726,159.486
14.809714,18.201303,21.234571,143.25725,152.99481,128.52705,161.6642
13.967904,18.23904,16.541874,148.84236,152.48466,128.0697,162.23247
15.899884,23.782484,22.642672,136.42671,145.43565,124.483444,152.156
26.827648,14.045256,17.60667,141.38593,140.15907,125.850296,154.161
23.444181,17.389044,18.419624,131.7608,126.49084,127.748886,151.21967
18.214058,19.501942,19.396742,121.924934,115.922935,116.00051,137.0873
16.827862,34.406902,15.392459,103.586624,111.13727,111.7974,140.89795
39.016354,62.424522,81.87319,121.058266,153.17232,53.80617,112.312935
31.126123,60.953938,115.63671,74.86664,110.31424,45.916603,105.14264
15.037286,50.60536,103.44,95.15139,104.60933,79.883644,115.41737
21.270817,48.826286,120.54163,80.86483,102.339935,44.262165,104.69381
20.422476,84.617645,134.61906,94.84482,103.54788,45.65121,133.47787
24.53388,27.284903,118.7807,79.32947,118.70247,106.71737,149.93797
35.033577,54.04747,121.42977,84.8551,135.02248,53.588543,139.58505
53.03787,46.676712,126.32145,68.931564,79.23481,75.47691,157.61327
15.768777,15.853131,114.09211,87.68196,132.27716,148.80373,134.39232
42.398064,73.73804,130.56111,73.37383,111.66752,65.76218,152.94235
15.835244,34.1504,102.274635,92.84071,97.094795,95.58949,154.02345
21.000242,27.94076,56.951256,109.25721,123.91576,90.98134,108.08886
25.318142,68.5285,71.70737,103.45589,111.171745,33.742096,114.699524
79.89371,28.892447,64.99643,81.30906,111.61566,87.78376,131.64597
50.23336,85.20765,50.575462,111.54709,137.84944,117.33796,111.29488
85.44934,21.248343,66.02592,108.62495,106.94235,139.07895,121.2041
62.989845,25.928154,49.721783,94.73351,129.59535,101.76297,123.04197
44.28996,81.1595,114.39172,131.83376,130.12788,102.926636,126.662056
65.94403,78.50507,101.419075,121.97638,91.44849,76.004135,150.49107
61.015102,86.79366,73.75536,141.10439,151.83984,98.184135,144.8776
25.859558,22.261387,22.966717,136.48651,143.0807,117.60044,158.81306
25.186022,22.397629,46.05729,149.43617,145.96193,117.94225,160.8891
12.263068,24.58808,38.471134,149.10507,139.54524,116.103294,156.90672
12.178173,27.820042,31.106821,135.74893,122.07982,117.22761,157.32489
23.21591,23.589808,46.383694,156.92026,148.98984,116.87218,162.7337
14.965975,26.026316,36.616432,156.85706,147.80623,118.02539,160.95314
25.778557,23.268148,48.257816,159.81935,150.90889,117.40092,162.37093
24.875275,30.00605,36.549282,152.16545,140.4702,111.980576,161.0167
22.736057,28.094582,35.361588,156.44402,143.87685,117.28382,159.79607
24.451387,25.687506,35.0081,154.35428,143.3799,113.17636,159.78908
24.813778,22.727892,30.719515,158.92282,151.35612,127.02342,160.43848
26.106283,29.312323,33.190857,158.7902,148.77841,121.62845,160.73288
25.672571,20.367882,30.169596,160.40652,151.99533,123.29607,160.96094
31.998768,29.773148,29.47002,159.1167,149.38501,117.92097,160.6101
29.443848,26.290403,28.300236,160.362,149.87642,118.73327,159.63805
35.477043,37.272457,39.352287,156.92287,141.93494,103.906364,156.32791
26.610086,38.851727,44.35688,157.91815,144.17834,102.47205,152.04451
19.553036,35.45238,59.089474,158.30855,147.03831,102.66762,154.72217
21.952562,29.603846,36.552593,153.41,149.70982,111.972595,151.1561
16.389275,33.453865,43.826958,149.26782,147.26181,104.34152,143.4986
15.724532,26.176014,43.818764,148.92107,146.89821,102.60517,138.27225
16.771736,27.53427,30.043194,144.12279,135.3457,108.20979,132.58041
18.659025,30.742878,27.051586,140.06776,133.76636,106.41033,131.10161
16.64852,33.065006,29.785875,131.35492,140.06172,106.235664,134.89656
111.68098,63.370102,25.748787,11.4777,9.966617,116.109436,74.49994
110.904106,98.67515,55.524757,13.029495,13.892934,145.06984,127.90763
115.48389,110.99035,21.206285,11.394422,12.1962595,139.75015,133.0788
89.64726,33.573895,52.203415,15.743008,14.961399,140.52483,60.4961
114.41541,31.221561,17.465,14.265715,19.767277,116.77732,55.14647
107.9388,57.307587,21.916569,26.645716,21.623493,115.58959,93.594185
89.71457,83.1571,25.768354,17.40169,23.032804,134.62082,118.392456
77.847664,71.04377,49.796925,24.21401,24.474537,95.00995,135.59096
75.945984,62.728733,54.944218,27.632524,26.07118,87.735565,128.55276
75.73331,67.360756,44.328922,16.60596,26.095407,73.92653,133.96896
87.383644,79.83098,57.47431,16.501644,19.954468,114.56705,131.38225
75.2891,66.482056,29.073812,28.949526,28.500353,96.437004,133.1001
91.225555,79.415054,25.473652,21.44622,29.786331,134.32892,137.12373
75.392006,59.05728,25.621964,30.291494,25.253267,140.03438,143.87865
91.11354,82.3972,33.346,26.296612,23.400658,140.42854,140.66652
110.98497,112.76679,26.173023,17.316841,20.463152,153.28575,146.84042
99.2156,103.597466,26.553938,22.89528,33.159935,143.98828,144.51212
88.722404,86.51226,21.026917,28.934332,34.526,145.09244,141.71158
92.27198,81.80206,32.90522,20.192255,31.674185,144.04099,133.37599
107.22416,113.146965,36.04785,15.83552,20.081001,153.48657,138.42952
114.57835,97.58038,20.462038,25.586006,21.635742,144.10895,134.25348
85.461006,52.795353,41.39816,17.2677,28.012897,151.1362,100.417305
87.25182,85.67427,91.331985,23.508347,31.294775,148.02211,138.42252
89.152626,92.84098,50.457993,16.274277,19.890516,140.711,143.36319
92.595146,61.431347,58.973606,30.609047,40.996376,57.90895,126.03053
77.438225,47.949615,51.7143,43.32242,90.12382,106.47147,135.2756
100.65618,78.28223,107.41032,52.11379,61.378414,158.92984,94.162636
88.45817,58.17112,46.998184,37.125942,75.39856,97.19799,84.16588
76.00145,56.8164,123.207466,109.53099,126.51836,37.196114,119.45144
84.60415,45.417416,85.61958,30.146029,40.49597,155.46545,96.186676
77.21165,61.1346,33.191055,114.44794,120.93312,149.57146,66.32085
29.8976,31.049307,82.469376,116.55881,103.74071,164.53023,114.24659
14.0538225,23.03432,108.26169,106.22453,92.75446,142.00816,139.0047
33.549694,32.90072,109.48279,77.35135,66.302185,156.54446,76.70732
72.99937,57.648735,83.302414,58.567947,51.244675,119.24519,110.023796
32.55577,26.38742,113.45102,70.781334,96.60626,114.339485,39.10084
87.55584,56.963753,87.93273,39.665478,48.84194,143.31645,128.20154
91.513725,74.92469,73.61183,39.33373,39.939518,154.46036,130.42319
25.312185,15.65843,102.601364,88.16622,75.69709,91.28276,145.99046
79.285995,55.000134,92.9774,44.08158,58.38002,142.32108,128.9173
73.09052,59.211323,107.47252,58.374306,82.109245,127.91814,135.49371
73.903534,58.153046,108.5513,60.898666,92.5489,152.01968,130.49889
96.64864,69.95754,113.95916,46.07063,70.41477,152.72974,121.192055
89.765686,44.53027,102.402,54.486477,74.50866,155.74174,88.30754
83.28237,50.701035,106.13034,76.49266,119.78372,152.99565,127.27693
88.3556,63.775166,108.63403,79.423355,112.97234,148.93286,104.01078
86.03217,62.78649,97.6351,75.31364,104.80999,149.19284,70.05496
92.198586,80.65398,100.5558,109.57405,121.56703,138.00577,157.67427
115.82156,145.66943,116.57075,124.52677,135.21986,73.17686,119.64815
103.76487,81.083275,119.11253,98.56201,149.56027,168.0539,128.86926
110.7593,84.33518,123.21934,117.15093,157.01065,162.62877,152.27248
112.29433,85.15787,123.259514,117.48046,154.62779,165.74281,159.75055
93.16746,94.08743,123.29584,122.045555,148.2375,158.82048,176.71265
124.57218,82.02182,124.84894,127.371666,160.82147,95.60552,173.95091
108.78608,88.01326,118.56366,152.86482,167.47029,168.58162,168.36163
105.15088,78.64431,117.91874,149.83142,169.81523,149.222,170.2833
127.37128,74.102425,61.955494,176.31735,172.61804,166.47855,177.81868
126.49625,64.07848,80.961494,171.39038,175.44124,162.11455,172.22643
130.45111,56.88553,65.64705,174.33028,176.22523,152.96397,165.46565
93.50524,26.948627,103.61729,165.33098,177.40965,138.47781,140.04242
31.46935,34.408566,73.94085,174.80408,175.11055,101.26472,149.38777
124.55196,36.60068,77.550766,163.4045,176.44371,165.806,154.11595
44.1405,47.91266,106.74217,149.91585,179.80415,147.3084,162.53844
44.8339,52.192966,91.43094,166.57033,172.46336,119.80635,161.43817
120.3056,38.199867,49.71942,178.63872,176.8956,154.3251,164.56682
75.93563,37.489304,59.372147,177.0393,175.81024,42.59474,157.62111
99.09487,46.658035,115.52532,153.45845,176.51715,152.76703,156.98549
78.8052,45.467865,110.612404,160.37985,173.64867,172.10814,157.40733
77.985054,58.386265,102.55298,159.00377,171.54532,171.69838,137.78165
79.32531,75.735504,106.35831,163.8286,172.72516,168.46953,154.79482
83.09976,82.01078,95.8462,160.4179,172.86682,166.16754,161.20113
69.799446,40.136013,88.984825,160.69612,161.73853,165.5889,68.96241
119.09829,79.037186,118.493996,145.23257,169.60757,163.81334,173.2618
125.81462,75.6343,89.99668,165.73868,169.68484,161.74629,175.18292
127.12629,74.90017,81.58309,168.66429,169.63309,162.59079,176.0048
119.07237,62.718933,87.211586,162.68669,167.19391,165.5812,168.4853
119.92331,49.16717,62.087646,168.14558,170.67998,151.16896,164.50215
101.88447,50.188103,106.388824,131.26773,163.34251,168.17574,168.23392
110.16401,68.69323,74.8991,158.1373,161.7974,170.9753,176.74387
78.391556,71.295135,97.92529,134.73564,156.80411,74.460686,170.92265
85.31282,72.4307,109.495346,126.41296,155.49829,91.705055,172.86568
88.05236,48.974377,111.28859,114.41645,137.43518,168.41753,159.03186
111.39588,70.74299,122.588104,108.75075,142.8314,161.98131,171.92099
103.188385,32.44289,100.10348,137.95784,148.48932,156.84712,155.34517
108.59042,31.536478,108.22592,142.2579,155.6907,158.20055,160.53731
93.375916,23.927254,84.00185,126.73246,142.1381,144.36739,80.8433
93.41468,21.664003,81.03721,124.337234,138.42723,141.77843,74.72486
99.81923,37.192997,23.285448,147.63214,152.36084,89.49155,145.91193
73.49087,34.917934,122.48938,68.56961,114.45806,133.4546,84.63208
82.029854,20.594776,11.872303,137.72546,145.79086,139.30063,74.51646
82.87323,73.70892,28.89969,23.68436,45.37608,148.88855,138.65646
74.1947,21.29399,63.044262,23.991093,48.288773,138.17673,96.51482
109.93785,85.24613,39.506252,24.717815,38.319153,143.35252,140.81787
136.1253,120.70995,20.733118,17.093225,31.688887,130.9723,150.17049
101.84385,110.70368,18.924006,20.806147,43.015827,152.39957,147.37935
116.7209,97.96205,25.723557,19.011286,29.622505,134.24612,155.98647
80.52507,48.694042,62.383064,20.444778,49.850876,135.63722,135.22452
118.970535,92.81115,128.45761,76.09765,83.27333,170.1481,95.93616
95.35035,73.669815,34.123207,18.912935,66.11218,146.41298,129.82018
87.509155,54.206608,29.696363,21.198969,24.186825,118.388,80.01954
88.951836,96.347946,59.710728,20.590456,39.15035,139.1734,134.3887
77.99284,90.377655,91.18642,41.20373,46.75356,148.08392,130.73888
83.730896,83.15826,28.650484,22.649572,38.130726,136.06306,133.44528
83.40432,83.53692,27.605032,23.05982,37.52068,147.71407,130.34373
52.74652,95.07443,111.86875,130.04503,110.26961,129.59393,120.369865
60.608364,62.038563,102.43152,69.02457,74.46683,111.136406,55.083195
56.668564,41.33926,98.06548,64.07766,69.57087,165.83087,95.51244
33.582508,60.14309,114.394806,76.1497,74.7948,120.88057,97.79501
51.917595,35.26988,102.25731,72.72115,85.80529,125.50687,62.606045
60.221992,61.96841,111.23346,73.19409,84.65879,113.276474,63.695255
39.41692,36.98777,70.32981,83.453804,66.66215,91.083496,100.32673
68.68004,75.674774,109.567375,68.76299,78.66217,90.68516,26.92565
26.209515,36.429756,89.69013,105.6252,89.95391,97.44455,105.93711
58.562443,61.305016,106.100266,74.597595,85.380936,107.513275,122.774216
18.609028,68.55275,81.17909,98.205414,85.52859,119.01939,136.04556
49.550114,39.589134,113.59333,71.46658,104.3213,121.37782,85.077614
61.14527,34.738865,106.3751,88.93962,94.226845,162.96085,156.81947
88.93725,65.11307,111.3843,74.5019,104.61868,153.66518,144.06168
34.609295,4.740575,95.0817,82.36871,82.93608,93.85764,138.48431
23.866463,11.094835,87.69212,76.7346,84.24712,97.040886,155.00755
33.78054,21.640114,76.11678,101.40659,93.46858,97.33106,140.00163
78.23215,44.048275,101.23584,71.56235,105.95969,155.33018,97.53905
73.05575,21.843466,98.33826,60.89527,85.66393,148.5384,88.95153
76.45,39.610268,100.99382,65.197914,84.78257,148.26404,101.11136
85.908325,45.7991,99.52709,80.569,109.754845,156.90279,72.07247
91.12282,21.03354,83.156166,123.79961,141.81776,157.92906,108.96946
76.30938,34.574352,71.707016,131.95084,132.65791,150.26869,94.24389
76.770615,48.717236,36.14915,162.62265,156.26624,160.77362,153.88113
110.20705,75.81809,124.39036,87.14209,141.36331,169.73088,172.03738
128.38922,82.45141,116.92693,117.83321,150.40706,148.58672,112.86656
118.11629,86.05825,108.4815,141.84387,160.81067,169.4368,160.17087
109.63809,80.87787,89.41476,162.04941,164.20946,112.24222,174.23135
140.47484,84.51656,115.49954,150.39597,165.28606,149.46696,137.45378
123.73603,78.61803,105.872955,159.41849,166.7227,62.97576,168.22618
117.76891,74.566864,97.73736,162.38469,166.54137,32.16248,178.00482
86.74792,59.422997,112.7578,151.44083,169.83623,45.363422,160.69826
97.52547,66.71024,108.31918,159.9179,170.51762,173.81105,169.4372
64.80333,57.9027,99.70845,161.19267,173.01733,94.80936,161.7103
74.60794,59.358604,104.97034,157.87311,171.57681,60.759296,163.0446
109.96452,43.90528,97.418396,156.65549,177.51006,168.38942,162.49432
123.95094,44.44208,63.465553,175.40569,176.29645,165.44577,169.919
111.52457,35.365818,42.112133,178.0006,175.52739,152.00024,165.93869
32.23975,35.300232,40.285984,171.66579,171.99962,139.94234,167.16617
19.188295,41.008404,45.724033,176.96875,177.5997,131.71353,162.29
18.801197,28.071962,50.788357,171.71506,174.51941,152.85674,170.5337
98.380264,50.188232,53.73864,175.30501,174.51326,128.638,168.25899
37.285225,18.605312,51.240917,114.632385,120.2761,121.76557,114.27796
26.62152,9.2522135,52.32104,114.66852,123.68566,116.41949,90.8579
46.921585,13.481938,43.281464,101.59604,102.7442,99.97127,75.76589
49.479416,20.442686,41.970394,111.873436,111.72332,90.596146,153.21848
51.838757,15.212267,48.883125,112.58595,112.35903,79.73408,158.40294
51.103363,5.15077,66.66632,111.319984,113.866455,78.06215,103.95824
62.499336,42.365437,63.690453,117.24454,107.029465,66.47403,136.9347
56.197735,26.790302,63.58117,127.52726,107.79509,62.133587,129.83087
52.352455,35.101818,67.66928,133.99388,107.31123,60.563557,140.26549
39.680676,41.593193,73.57624,141.01067,114.61427,69.57055,145.95517
29.102352,43.202984,77.42391,154.60635,129.97781,78.6963,95.92408
32.354862,31.589033,79.248116,157.03096,132.95642,74.94841,104.72959
32.26172,29.128813,91.28193,151.43755,140.11435,76.010796,42.066803
30.139793,40.798252,89.197266,146.74997,139.55974,76.26739,101.86937
28.38384,42.3445,100.90924,141.58545,137.8863,81.03387,46.87125
32.92411,40.19134,103.06831,135.79338,139.3773,83.44093,75.18689
29.1643,47.135223,101.16841,134.46355,135.55928,86.58641,72.02372
36.982853,66.19334,100.51441,132.26308,138.82115,80.265724,136.35516
31.603464,49.13514,100.83443,132.64604,139.43028,93.73482,64.125435
32.59521,55.36384,95.7826,131.02687,139.28934,92.84929,81.49749
34.27212,57.39338,89.522964,132.81726,136.15514,88.594246,84.29682
35.3868,56.767242,83.81015,136.18892,142.57632,89.9129,75.533485
36.366734,49.970325,90.07526,131.9878,143.90953,94.49183,79.35652
35.340553,50.936047,89.011055,132.23424,139.13965,93.84096,82.30755
35.98717,55.136208,95.877556,132.75229,139.71347,92.09995,92.315544
36.863613,55.521503,90.173645,130.28065,135.0017,92.47216,85.41037
41.761135,45.61166,89.08395,130.44205,139.02861,96.39682,93.533134
35.33248,33.32262,80.01558,137.16794,140.12592,103.48717,99.532845
34.42095,24.877628,88.69185,134.63301,139.60725,111.94222,105.23777
31.039236,19.109047,89.12099,136.57228,143.19083,117.25315,110.690384
45.417812,41.645596,72.147804,136.62889,136.5768,131.8739,104.94845
58.0897,37.45085,88.10934,145.2811,150.31877,138.88905,106.39034
55.65807,39.1766,86.36744,151.39767,151.02898,144.33961,100.47554
55.458305,36.599022,77.360245,150.41241,149.24916,147.02411,111.61835
63.095276,31.222992,77.28432,139.92235,146.50055,147.52696,96.524864
75.34523,34.17054,76.52598,131.43427,138.14336,140.45792,110.75622
76.36469,39.85508,79.32023,118.58353,133.62466,137.80244,117.548904
76.886345,37.839565,102.20536,117.386795,156.5716,133.37177,111.29499
78.31292,40.870438,93.598404,114.04787,151.89667,132.64206,118.28455
81.036545,37.925045,97.109184,106.615234,151.63002,133.03166,118.23013
80.83943,38.40559,64.56225,114.5968,131.5321,133.48274,107.06674
74.14248,40.702137,57.587063,110.23945,119.63674,137.87354,46.995148
86.259735,45.76849,61.32896,101.651665,112.894684,135.69441,64.22978
88.04971,43.708233,72.12069,89.07598,105.75682,140.41579,49.268757
93.47535,43.641815,68.3862,101.61244,109.69851,139.54121,80.2758
98.25289,42.450424,58.6164,88.33719,93.60249,145.0728,98.63887
88.79739,75.07772,46.887634,77.51321,76.15871,142.95306,78.50517
93.40851,42.642426,68.314865,76.82812,86.75404,136.85175,78.14943
90.33913,43.205,68.527985,81.61117,88.82296,138.46838,81.632324
81.019356,43.554424,62.572056,83.75428,84.76319,137.53569,74.69226
86.07064,44.70097,67.494,79.188934,85.57703,136.24379,70.97257
88.42376,38.995453,78.73638,84.17125,96.25514,134.67723,106.756905
90.89241,38.652725,79.42705,81.64859,98.6382,136.295,112.87144
92.881615,40.46757,86.18671,83.36554,96.39318,138.2425,114.870514
91.897354,40.73818,73.76676,82.74608,92.31711,143.06013,112.38271
85.30315,37.19097,60.043854,71.650116,80.64429,136.59476,110.19276
83.2537,38.004025,67.46078,75.9949,86.87163,144.84998,139.4178
85.75885,34.242313,72.46505,93.0774,96.35675,142.91145,144.74385
77.34492,32.31195,54.439804,89.67914,82.8017,150.05849,134.39331
84.42397,46.172977,76.91234,97.45311,99.28408,143.46022,163.2939
78.712135,43.615425,60.286484,103.17234,94.33421,139.13968,159.23898
59.3908,39.37065,56.47499,118.88083,116.6127,126.79206,137.1198
53.86271,30.148033,63.924084,117.34251,114.01302,115.08124,110.21421
47.60202,25.08301,71.58625,121.505135,121.8814,111.79762,93.6063
48.674316,9.152358,86.25243,115.547646,134.81752,107.71527,80.60617
47.70333,5.1365614,71.70203,123.35127,123.34466,100.71507,94.63368
41.978806,10.121038,82.94677,126.4535,133.19939,91.63079,99.42631
49.21639,19.931238,65.9317,131.38708,118.6595,81.92484,98.79983
52.493084,25.569069,81.41606,137.5244,135.48895,68.50043,102.96935
47.97401,20.204697,79.65084,145.42639,139.9294,65.092384,101.98415
55.466457,39.62523,79.43759,156.06512,152.8432,55.638523,124.999695
47.017498,36.43187,80.151695,160.89488,154.38243,51.671043,59.80038
21.032675,18.121485,92.363556,160.37514,156.43765,83.19626,64.86044
19.596571,17.59751,91.04679,159.42757,154.44019,88.939865,67.567024
21.174353,38.32813,103.430466,148.44531,151.4541,94.817375,45.095005
27.026533,43.09246,104.52808,140.42455,145.11581,88.09464,44.15966
30.02995,49.91971,104.40994,132.93228,138.39992,90.82536,52.898994
31.156395,53.975544,101.837585,134.61958,145.51163,82.800316,60.789185
32.989544,55.32374,99.74697,132.74251,138.1354,82.335594,59.22964
35.39622,67.01746,93.35239,128.57716,135.27972,87.850296,113.011406
33.812267,59.503162,89.280945,131.94305,134.40483,84.82411,110.96965
33.34525,61.518116,89.41803,132.9289,145.81207,90.41154,107.624245
32.654026,58.577427,95.86227,129.1899,140.34204,93.00474,96.126236
32.51426,58.649376,94.254135,132.13599,146.68161,93.61353,88.032845
32.575962,54.421227,95.68853,129.46092,148.29199,94.69131,116.01893
32.307827,52.35907,92.597725,129.07733,147.3124,93.97416,81.14803
30.331789,61.240974,99.18623,128.19212,139.85326,93.154884,100.19325
31.38332,55.07229,91.72576,130.99113,143.8429,94.51307,96.8
29.988934,53.353416,91.50752,128.9617,147.12672,95.74849,98.31286
27.106817,53.690784,97.12641,122.363846,136.61281,102.11938,105.980736
22.938028,46.892376,99.934,125.28234,138.1463,114.7743,104.5472
29.386389,49.510555,96.23391,129.43222,138.38823,116.1539,103.05528
30.480135,61.763927,104.99802,128.10497,142.62752,132.2528,111.15903
29.983316,60.15186,97.48283,131.16121,136.06699,148.02098,101.71785
23.90632,68.32798,79.19603,136.9067,123.22976,140.88376,94.44975
24.277063,72.51881,94.26964,141.40248,134.36484,138.19456,90.759026
49.45181,78.3563,81.47444,149.53496,151.75838,145.51735,90.9633
67.49297,77.02048,83.59612,155.97408,144.87282,137.63762,77.656876
66.8629,91.040085,89.53365,160.96155,152.89021,129.0986,94.34263
35.76739,23.567686,93.44636,158.00037,150.0783,145.0645,129.48087
48.023045,18.775717,89.97873,136.23273,160.57304,163.74255,56.3162
27.221071,11.799759,79.771576,127.17071,143.90053,158.26299,65.882034
50.23053,22.770706,90.462074,135.55238,164.84016,150.84734,89.06559
65.609276,34.705162,77.50158,119.12715,129.76643,141.48907,77.15351
85.96703,44.333927,69.9556,121.95041,127.20303,158.6552,55.155373
41.592155,46.57965,88.34496,120.53308,140.5032,134.97253,61.203033
65.646355,49.512127,89.04865,122.41217,137.84901,120.756645,58.6729
73.2145,66.92832,72.35916,109.59748,113.900635,120.010925,106.11659
65.542435,46.866837,77.69763,103.83573,114.252144,131.03908,59.634167
64.92287,48.826313,79.58837,113.01129,126.05884,132.97525,123.05309
60.923626,47.102745,82.83714,110.840515,122.889984,133.85008,98.58067
70.70117,43.23587,87.880684,106.08169,119.53724,133.03658,121.40528
80.18711,38.639317,96.7677,97.20771,113.48876,134.80919,119.43973
71.911835,44.15059,101.13831,108.78671,121.11182,130.61174,107.79571
74.05114,40.08587,103.46084,103.58205,115.661964,131.24564,107.998314
72.75632,40.872425,109.615,103.90904,123.55705,129.41357,101.13115
65.90135,44.513847,107.45431,107.21731,116.84976,132.4691,107.41483
65.72732,35.706223,105.895195,104.2894,122.16719,138.8239,108.954895
68.219955,83.3962,93.483734,101.26876,96.36311,140.36064,118.07881
75.1841,38.677032,99.35195,89.483086,98.63335,144.3534,94.95582
63.65043,42.792973,71.40704,92.94812,89.56013,148.27823,94.70109
54.996037,46.55769,91.368416,104.52999,107.07276,139.35687,66.519554
51.389004,51.31984,91.92785,106.57338,112.32491,135.77948,129.85555
22.965395,54.953907,85.612206,116.13212,105.37889,131.3864,87.09752
26.478186,45.18815,79.912544,120.56753,107.57775,119.1604,91.09649
26.772718,37.82337,75.580666,122.63366,119.28786,111.59248,72.26007
27.21262,43.940277,68.03655,125.994774,128.66615,104.00159,79.00042
32.840527,47.315506,71.66621,115.756294,121.983795,93.482086,138.90959
30.267326,38.868343,58.887108,125.9571,115.68833,100.900665,106.16677
132.79865,155.16121,43.88813,155.5371,164.41893,163.53157,163.97086
30.695732,46.780674,68.76872,141.68275,146.08295,91.10333,63.711517
36.19858,50.645916,87.13675,138.74362,148.58833,73.84381,88.265236
50.35257,45.090637,81.198845,138.17442,144.80089,65.861206,112.69018
28.47465,61.512257,75.86975,144.68263,141.39883,72.30554,107.324394
35.640858,75.641235,81.148605,147.57654,143.25528,91.60293,122.96719
43.106617,67.34845,83.723305,151.292,145.81433,96.416916,120.072495
61.347347,78.33279,93.52694,155.27058,147.8423,97.10349,93.635376
56.643734,77.030426,100.02216,154.4268,141.25288,93.27074,118.359825
57.901096,87.3891,95.50099,150.64565,139.41792,94.45956,140.6316
46.30275,69.01305,100.05879,140.14719,140.08708,89.03244,101.86113
46.071106,70.83362,112.03596,133.25458,139.6051,85.36449,87.45268
58.727287,86.46514,114.170334,133.41388,144.91696,92.14396,114.941315
50.044373,70.10568,102.89776,123.77412,145.44324,91.259964,124.355034
51.246857,70.007286,98.53595,123.11227,142.93596,97.84325,135.69038
50.525066,76.13162,104.843315,117.92316,140.57042,94.02093,146.28311
51.41783,78.74795,111.587234,114.02489,137.18698,97.451164,147.21313
49.436474,76.52818,108.29244,112.73027,138.70938,96.758965,146.41312
49.779705,75.5194,101.264015,116.17138,138.01161,95.59088,143.56961
48.379917,72.2852,95.517746,118.86198,148.89406,97.836006,137.00288
47.35811,75.39963,109.84351,109.98501,145.40701,92.946686,147.3643
48.96492,77.45064,107.28325,110.75617,146.79791,95.46753,137.12364
46.78124,77.47398,104.977394,111.4387,147.07611,93.34387,134.4811
46.21985,77.5803,101.18269,118.0879,148.24089,98.01108,130.03683
46.069305,77.26434,104.83897,116.32866,146.2366,95.869545,150.68954
45.189575,80.59746,93.96604,119.31269,147.41516,97.17829,131.03738
36.874645,69.996994,89.12514,124.30115,145.7141,94.66808,112.66341
33.410778,70.91382,106.926735,126.75456,139.0722,94.74996,111.83948
27.29773,62.73247,98.75422,132.39803,138.3383,96.16484,96.369705
19.451004,62.03194,95.5806,134.59431,134.33194,98.6314,98.95801
38.743073,63.74756,91.408516,141.90634,140.33447,60.801178,103.786064
25.261992,77.05823,81.80647,151.09816,136.50937,87.3393,93.58727
26.111443,79.53078,86.49596,159.92021,145.3393,116.57619,87.36758
31.639692,112.17652,89.92315,161.99048,149.22707,141.06755,124.572205
30.189745,109.698135,80.65146,157.93353,148.7041,140.1008,125.96023
34.471905,84.45597,62.240574,153.22981,148.92462,130.91753,72.85348
96.40602,86.149086,52.38253,144.21713,141.5753,134.26262,156.21272
114.220856,96.900246,49.188404,142.19312,137.80821,135.56293,150.43521
106.61748,80.66626,47.529346,141.59042,139.98221,126.77997,138.3519
87.58284,71.62412,64.37063,138.34512,139.8808,116.81188,148.56384
75.20733,91.20575,56.464016,147.38742,153.04005,141.01712,145.78651
89.899284,40.524837,44.724392,141.94241,138.72987,124.40014,61.955235
77.9635,66.08272,65.37182,142.68047,136.7595,128.00526,135.51701
60.065075,52.808372,63.145397,131.44713,129.81221,107.25396,114.47911
54.393227,43.93783,67.86438,118.387085,123.1531,102.496605,75.49714
36.73565,47.28382,69.32984,123.06048,124.4001,105.43753,69.0672
33.626507,47.499207,70.558716,123.461784,121.650345,108.796745,57.60114
29.782618,44.88148,81.4753,120.922935,119.96014,115.222305,62.738495
38.48451,50.00525,101.421364,110.402145,122.04393,103.95547,76.205185
37.524208,56.275036,102.40342,113.02253,121.31841,107.19775,102.71975
37.905952,56.34673,96.15245,111.204185,121.9592,103.83448,93.93976
44.617985,53.61211,101.673996,115.08791,128.45027,99.33864,120.391014
53.088802,47.63461,100.95212,115.24494,128.55501,93.61238,125.26229
45.62486,38.766354,79.10632,129.41367,135.82455,102.73184,109.34773
52.63845,43.241196,76.29449,130.39003,139.13998,92.83421,120.64285
55.45061,42.026546,73.82607,135.27995,138.6713,93.28781,128.92894
51.424652,46.01173,71.60593,129.99872,145.2662,97.4753,70.790985
61.327526,45.445724,110.94953,114.66033,124.21316,93.666466,137.01988
48.33658,55.75203,102.08455,116.58792,122.8483,106.13615,141.62901
133.52795,97.980896,79.76559,94.04964,100.11836,158.58742,144.17908
130.87242,99.03639,105.70929,89.4146,62.499725,150.41603,123.573235
143.81706,115.95986,107.09333,89.86645,46.04077,155.31346,128.46236
138.97813,110.0603,115.90441,89.45466,40.389214,154.71211,121.49614
131.77635,87.15901,113.54423,89.07779,37.70539,149.54587,98.02278
132.67737,85.821,111.31669,89.122635,35.884274,149.67812,94.12317
140.80699,118.034584,122.7043,98.19645,42.605648,150.51668,122.73696
133.91637,120.49161,128.1444,112.14274,32.97356,150.72554,132.77907
139.76834,117.49116,131.63503,118.23285,28.626997,149.73615,128.05498
127.27475,117.505615,104.51447,72.23717,46.16839,144.45967,128.31389
105.228874,111.18734,124.36036,101.36989,40.678352,113.81149,111.21665
30.565443,63.053345,58.384277,108.52207,113.96786,77.50411,99.08939
58.693867,99.27321,74.72655,61.241714,71.92339,114.6348,69.82085
15.184586,49.255093,26.191492,154.2362,122.96329,162.05405,157.9248
32.891396,99.18802,133.38306,94.04661,139.85826,110.1288,115.06151
34.024666,42.59215,22.629736,35.993027,82.97099,158.51003,161.13637
21.604006,50.310074,28.309906,137.47604,140.09355,152.35414,159.22668
173.42188,130.67929,98.51651,48.35239,56.082825,163.03658,133.5795
126.85863,72.70281,7.728398,46.230972,57.060635,116.4814,128.32626
41.901955,93.00624,107.37716,46.23215,161.22502,68.53757,57.29058
53.627632,64.93744,77.93734,14.762999,16.435062,107.42052,73.283264
20.381575,17.152126,15.417555,23.89962,20.715475,138.74557,157.48825
36.457634,58.29687,53.96724,14.835772,19.254509,113.904526,91.16267
60.2869,91.59145,75.20066,22.306284,17.722254,71.34762,82.12035
25.807966,23.02684,23.20084,124.99773,145.93074,125.77263,159.03458
22.598677,17.575584,25.759909,97.86203,141.93428,116.93521,160.39333
74.56498,26.778381,25.420685,63.327194,95.47633,145.65457,148.46844
18.816545,22.158049,19.884602,116.15733,145.4789,145.11818,163.63275
72.563095,49.430264,23.708622,53.594215,74.6152,154.64949,145.64165
59.78579,85.41349,26.371824,102.49413,127.56182,149.70345,98.210846
25.270273,19.20971,20.933979,145.83382,146.61021,154.00928,157.59415
130.15149,107.74283,64.30041,43.954117,41.349396,144.54782,119.88113
136.06186,123.831406,66.867226,45.946106,44.137512,148.22644,132.5783
135.6349,124.52587,66.28744,44.523308,39.492653,147.8813,132.71982
143.50374,134.67976,98.039604,61.887283,50.93791,151.99117,136.19225
131.25017,130.96931,61.595352,87.482315,154.62323,139.88261,133.25758
145.5579,132.07703,98.23269,62.361633,108.76122,156.29729,138.62975
33.74651,105.692276,149.09303,147.7881,50.822647,59.479427,77.29487
145.97543,128.6442,100.24709,78.201126,36.818245,151.5761,133.94655
134.20941,130.04515,74.807236,48.963825,29.60143,149.77242,137.26566
118.29326,135.60938,114.074554,100.07722,36.74925,136.71492,151.52458
135.05035,90.796486,122.7891,111.02966,40.040005,136.79886,91.01218
150.3197,134.05928,105.27853,81.39126,73.51297,158.72142,133.4379
150.99692,133.24718,104.598724,78.559395,47.97226,158.82703,131.77502
146.10756,133.38889,81.404526,61.21498,92.02492,161.17163,144.48396
143.85464,134.06453,92.2023,63.435966,43.45786,152.66402,136.10425
152.42274,140.6207,128.49205,123.55388,64.52519,160.09923,138.59499
144.8444,123.733406,122.69124,117.04806,44.507107,151.54396,130.0705
124.971695,151.19936,135.0866,134.63242,74.815605,130.03642,149.50417
136.22115,115.79352,89.78844,124.03478,156.39137,152.21713,143.56625
136.75264,108.62581,61.96843,107.2821,134.76292,159.92287,146.64148
136.65009,108.67686,61.87468,107.29452,134.84142,159.80855,146.52344
143.28035,127.390495,96.05238,157.70898,137.287,156.69646,141.21237
119.0241,107.2891,53.77887,146.15663,160.37413,161.42383,149.5618
110.626114,84.83322,65.97776,143.68977,162.97113,156.91022,146.7359
127.68662,108.88071,67.972,159.66393,172.83412,158.98857,148.24194
92.44311,108.55669,65.327,143.59734,163.94632,149.51201,144.24701
115.650764,93.52873,54.40136,149.0209,162.75383,157.83206,145.72035
42.767967,56.15393,49.62352,165.4463,169.3487,119.38956,138.24385
51.99128,69.04338,54.621544,160.38014,170.56859,124.04985,138.9237
52.49061,57.60512,55.079315,167.46666,172.26566,144.70453,17.314041
70.05647,64.808586,55.026665,148.89459,166.96375,147.20929,139.91376
86.72183,59.94308,60.67426,156.58224,169.66151,155.01872,135.59021
80.79492,59.78659,54.07617,154.03098,170.81552,155.58377,138.25572
77.47311,61.28687,53.592087,146.0034,171.33076,147.8384,141.5518
67.93416,58.85875,55.683907,158.76328,176.72356,127.33969,138.20505
56.281662,62.2755,48.9682,172.04085,174.33804,130.168,129.60368
48.55058,42.479458,46.182022,161.99965,167.34123,149.6769,39.848537
48.34898,52.21009,31.23615,146.79903,147.16208,140.10495,131.78792
30.569708,61.007404,47.797676,163.3062,166.47163,39.703342,136.1963
69.05372,79.72166,52.920612,153.69225,159.48083,141.65811,128.59196
62.360485,50.8623,51.68781,153.77058,170.36523,148.85518,140.99583
61.185684,50.655018,51.800545,153.67966,170.3498,147.25807,141.28838
55.702637,59.453243,48.862587,165.49521,167.802,134.13548,137.0363
72.530754,52.866688,49.41349,145.31148,160.2164,152.27536,140.92052
72.65369,55.156628,55.71414,138.55917,162.96825,147.98479,143.99437
33.253048,49.873203,49.51802,147.05464,163.85289,115.74702,143.11041
61.651825,48.023712,46.367634,171.3359,161.06,127.630844,125.04811
19.35195,55.06723,53.107403,151.31856,164.66663,19.240845,140.65163
57.19447,74.329704,52.239445,177.1093,164.68039,135.49475,120.541794
5.640244,52.566296,50.720074,152.66624,165.2228,38.85133,139.47809
68.45304,54.10264,51.830452,138.89818,161.40184,141.04156,142.09775
41.120033,62.968582,52.318626,140.61766,164.80011,94.719826,144.59987
66.65024,57.07129,70.55099,135.10878,159.22467,141.43837,145.47185
76.7311,58.30724,66.64679,129.66667,154.04323,148.6322,147.06586
96.613335,59.29782,58.79298,122.791985,157.04832,150.92152,148.09315
96.26204,59.077835,57.78499,120.64857,157.05937,151.12059,148.34393
93.6882,72.17529,53.061607,112.85568,142.6857,155.60033,143.22269
103.85267,85.855034,60.788147,118.137566,154.79066,155.28589,140.79471
124.128494,103.20862,60.122143,93.228424,109.28661,152.95961,135.96951
128.2007,98.42427,87.7276,97.68176,70.279884,152.6407,134.98422
132.20013,116.87532,102.29444,110.13786,88.23452,150.08305,141.88106
137.27275,110.05434,104.74418,91.657074,42.931618,156.88626,127.59459
130.33401,117.714905,104.14221,89.01612,52.47361,154.76868,144.25073
131.76633,111.31024,106.14119,94.74956,73.84391,157.3746,142.10942
131.885,111.98873,106.61153,95.021835,73.827576,157.18022,142.02048
126.46535,112.08859,100.310905,83.0392,44.61883,151.34433,142.40929
124.30675,106.49522,88.18182,64.054016,44.23926,151.14758,124.071075
140.32443,101.29637,98.694374,72.89214,48.56547,151.08394,104.8691
141.83594,126.43559,124.026886,114.38021,70.44293,149.88606,131.80356
145.16216,115.84003,106.49879,79.95557,51.806,150.94673,118.45441
134.7464,121.43029,95.182884,65.37557,30.228333,151.26207,137.94823
136.1888,117.48273,113.7,83.79321,61.951466,150.25633,128.01703
135.39699,107.62721,117.30128,94.64541,30.303751,149.37932,119.07404
105.96083,104.91635,133.18306,116.13538,49.78661,113.806015,111.08933
115.046974,106.20596,132.33212,114.97631,48.80343,124.61582,113.454315
131.72263,103.7612,96.4206,60.533615,51.48963,153.75162,131.82939
131.64415,125.78466,83.93318,54.692486,73.958786,147.02055,138.13506
140.9769,120.1531,87.668495,55.04143,48.14889,155.91057,128.57149
144.76088,121.34717,112.10908,84.73325,20.885035,153.2261,125.39964
138.9677,120.11565,101.70075,60.752625,44.29661,149.17867,125.291306
18.409538,54.77607,53.301003,47.056225,91.520645,113.59605,163.37024
19.967194,25.27,34.53181,46.078762,59.496635,144.89032,160.19568
18.575628,52.4262,70.73557,50.33148,102.91473,147.8864,63.50801
19.054882,71.62141,53.31211,74.61176,128.50635,140.0613,57.827385
140.22037,56.200584,30.21584,17.283789,67.163345,113.473175,95.08043
127.42357,156.93924,30.831036,3.9519062,9.485744,138.76227,157.51231
125.463776,104.3479,121.74881,47.099094,41.184376,64.51394,88.21718
37.109245,32.677715,41.99969,93.00168,118.57494,86.43727,164.0001
29.310371,9.253382,26.024363,136.77513,137.01035,49.87866,161.3848
113.660614,65.17622,23.410784,71.357,89.233665,88.10931,139.50705
100.12654,96.667015,31.248728,26.267527,102.98496,161.20773,146.34622
13.243218,22.337976,34.835716,71.80119,137.78706,163.34743,157.69019
16.561546,17.400309,17.84176,132.30449,137.4153,151.53864,163.54199
48.24478,139.48126,114.02332,94.217865,35.955208,56.131645,130.54753
23.333797,61.04861,106.01081,98.25324,90.26605,113.652824,159.05504
131.80162,126.5496,99.06908,62.62954,34.964317,140.26698,134.37637
18.83497,47.243805,45.029804,56.45951,67.058754,48.549847,86.49203
125.907455,132.04425,42.905277,49.105526,54.114616,145.97903,151.1696
121.28272,117.33096,44.2458,53.672523,84.867676,137.40611,133.81288
117.40083,56.333027,44.224335,35.326912,36.635742,136.56346,39.728462
120.13806,84.02352,50.616413,35.132,32.346256,135.25653,87.16955
134.76253,121.69331,40.06128,51.242023,96.73729,147.05708,131.93225
139.43723,122.34576,48.358234,43.670795,102.63622,155.3884,135.9602
134.69733,114.349495,50.675533,38.951477,72.13463,148.38615,123.35561
145.8156,125.331215,43.73576,50.26341,112.24452,154.85544,131.0079
141.7863,120.85478,47.021053,48.69534,91.53336,158.4831,133.43944
136.3012,104.8753,47.40186,46.99582,57.931797,154.55605,114.329666
127.489655,99.64802,38.11702,40.485775,50.99383,148.7565,109.22985
133.43925,97.59894,55.49023,49.30534,74.87939,146.2077,106.8131
137.6174,102.205,81.687416,58.399113,54.173542,149.05157,107.72472
138.51468,97.910965,62.0409,43.541428,29.820211,150.91078,105.01923
135.38734,102.60977,75.01029,50.857502,45.82837,147.86687,115.903854
136.44081,112.038086,81.68536,49.478138,42.043648,147.27188,114.93992
143.78781,130.0488,111.13654,69.828354,37.22751,157.85422,139.58707
143.52174,129.43497,112.48851,71.21745,37.812374,157.59273,139.40492
140.52911,107.47012,93.51289,55.60288,22.542585,146.8234,105.15011
146.34308,115.79166,103.50117,70.611595,21.256954,155.1403,119.21903
137.22954,93.20803,67.86915,50.86862,39.324753,153.68611,103.15708
144.8266,120.301605,120.08691,94.50132,23.03797,151.56366,123.78696
141.70372,111.836716,82.82756,52.838146,26.773302,150.82607,114.54472
134.19688,106.29193,89.64655,58.101936,33.255806,151.86476,121.53966
141.5116,117.67387,115.18388,92.18348,28.503609,150.2968,128.0573
137.24348,110.16153,98.14403,65.323105,24.243769,153.92517,122.03591
137.21848,106.92082,106.53485,73.47862,26.174194,142.61148,111.2246
99.75794,100.88657,34.01684,155.89919,100.91915,153.48369,160.01999
138.79034,100.41122,69.25873,48.746616,34.412083,152.01778,109.04024
140.5308,119.32038,121.48799,87.15204,37.347473,154.49515,127.284966
141.75139,115.654205,111.43636,91.36233,39.554012,153.63261,124.01372
116.376144,121.983345,104.446144,93.113174,62.238674,156.59904,139.45486
136.1876,116.463745,73.56453,90.14561,116.599304,157.79285,145.102
124.821526,127.36261,73.48143,124.92943,151.33975,156.83347,148.0066
131.71179,121.819016,81.62291,146.59908,136.30313,156.5634,147.6727
78.49544,121.45584,53.220768,142.09348,162.80719,153.86253,137.70978
75.35798,77.53152,43.887806,120.43854,116.555275,152.83568,151.53625
52.851337,72.37968,35.73255,140.41803,134.20836,150.99028,152.81253
55.646175,66.40034,53.70584,164.08942,158.79056,160.00487,144.83598
29.640076,45.507126,38.303898,176.56126,169.77985,169.30333,141.51244
23.64519,39.29493,35.85175,174.22357,167.38737,167.68431,142.48544
67.95304,95.928635,53.520855,162.44078,140.75066,164.97156,144.9915
99.76652,106.4367,14.506056,129.40372,126.411385,155.33647,156.56438
73.07605,71.948135,45.486824,156.48561,160.52373,145.83385,145.63167
70.20475,92.048355,49.9224,161.32114,149.98494,150.62271,133.55289
67.82292,57.944653,49.4118,152.88683,164.51996,146.45955,140.35138
35.952023,66.99682,49.005398,152.97766,164.43944,115.25441,140.29568
78.08555,79.45531,53.06436,141.21112,163.45326,156.3354,144.35846
58.779854,57.425056,46.313587,123.19618,150.1352,146.94514,143.1785
65.98705,45.016296,47.67366,143.14401,149.8419,124.965355,123.59273
66.93065,44.693108,47.14344,143.54428,149.4707,123.91943,122.18292
66.454414,43.747993,48.06856,142.50601,148.98193,123.99357,122.079094
66.55341,42.028038,47.807423,142.647,147.50407,124.84318,121.43341
67.84538,45.243046,48.28993,143.40558,148.54701,123.559166,120.28935
65.01149,43.51202,48.794758,142.3511,147.56802,122.64475,119.83378
66.98197,45.57944,46.59771,145.046,146.68912,120.50655,121.176125
68.182785,46.058113,45.990887,146.53346,144.7285,117.62361,120.46545
65.136665,44.567738,48.76431,130.01622,129.53853,116.66909,120.22578
70.84857,49.222275,50.212173,122.31009,119.24903,115.80612,119.883224
70.6314,50.940308,50.58026,114.51556,105.54076,115.78588,123.06431
67.160675,46.991013,47.597004,95.77479,96.49497,115.00393,120.79442
58.44637,41.208736,48.40124,90.83885,97.81655,109.84834,117.4384
54.766647,37.969044,46.416077,85.22263,84.68542,108.553925,117.209526
50.89994,35.00849,47.584175,79.23201,86.57429,96.82235,111.615715
51.372208,38.73138,46.76926,74.20971,83.51809,95.10551,113.85405
48.218975,38.9802,44.670525,70.81342,77.54738,98.004234,114.699265
49.927773,39.312767,49.821995,70.601616,78.04885,99.52983,116.7085
40.56598,34.22764,44.38071,67.36946,71.6223,91.00583,106.587975
36.208736,30.471327,41.77722,69.61666,72.443825,96.500694,110.03444
37.530018,32.324783,42.55591,68.89652,73.28231,94.30216,107.63588
40.897827,33.682384,44.491074,76.72867,73.81402,100.39367,107.63685
36.401375,30.310404,44.961647,82.89927,76.827225,98.503006,108.264694
53.79082,42.45812,39.66944,75.29652,70.62388,101.66339,106.14335
65.498215,50.584682,39.899147,66.76531,60.73662,104.83834,107.096436
41.39111,30.413338,39.8511,65.26602,58.1413,92.58776,98.090034
49.3538,34.463596,39.64629,68.56469,61.78272,93.425964,97.04865
43.858177,27.331821,39.619915,66.64295,59.7584,90.26359,93.38604
48.256664,29.6876,38.146,62.874332,56.98657,93.063,95.887215
38.375088,26.775517,44.35175,70.63131,59.447475,91.278336,96.55273
58.361702,44.321007,41.777027,69.53838,61.522892,91.16753,102.83921
43.59959,30.905792,42.375786,74.32186,66.72836,82.831184,98.54036
60.75024,46.631165,43.249,73.91781,58.55668,95.9944,101.91322
50.83816,36.485584,39.17773,69.0916,58.625984,93.002464,99.470345
89.71254,70.417404,31.921618,66.90123,59.20922,112.60241,110.19817
77.82559,59.5375,32.698204,60.89857,57.770386,110.4724,111.47008
60.75565,44.43555,34.671608,68.1531,66.33416,102.999,107.44371
55.68075,40.806305,35.45945,65.61233,67.997536,104.61115,107.39581
52.410877,39.91733,36.28135,61.137424,64.79756,103.211586,110.42044
54.205547,42.284412,40.08466,60.413593,64.10247,98.749405,112.25877
54.56684,46.662613,44.73894,65.38857,71.11726,105.16152,119.84766
70.35889,61.135498,41.472485,67.627014,71.040985,117.09019,128.81569
79.26644,65.40308,44.094612,71.51159,74.53514,127.51231,133.98895
84.02612,65.80369,53.219837,96.153786,90.84271,130.24083,133.41446
101.67525,81.02437,57.18721,113.30634,104.839645,139.04402,135.53374
108.36149,80.55571,58.514645,126.84942,109.228035,138.60472,87.997185
113.273636,96.6813,57.221874,132.45662,116.59255,144.53314,84.30172
116.53948,118.03121,60.604893,135.31908,130.55481,152.65735,114.25702
122.916435,119.363686,56.20226,123.69346,125.33263,163.05966,128.4163
129.39299,128.14552,60.1707,119.8438,133.75804,153.19096,133.98166
140.32716,139.25421,58.714016,122.60189,138.45586,139.0853,134.66985
149.53516,149.6003,57.8236,127.63404,142.30719,139.83809,138.25928
156.22159,154.67175,58.25806,130.8804,145.83485,137.4578,138.57057
152.66748,159.55067,60.408382,139.63773,150.69098,133.73477,142.96883
159.83757,154.24721,71.06567,141.2669,156.16737,132.22447,139.207
161.98581,155.52748,72.26294,140.82573,156.86533,132.65779,141.84314
165.60323,148.4625,75.226906,141.99551,158.98003,133.85039,140.01616
169.46286,136.64197,78.28867,143.61874,161.07619,137.09976,136.06456
166.57292,139.69559,75.60887,145.06981,160.22939,136.5365,139.77048
164.85843,139.88666,77.34352,143.94878,159.52548,135.09761,137.74968
165.00757,138.4585,77.52795,143.91965,160.57767,135.75684,136.89044
164.07289,139.05707,78.05406,144.395,161.20335,135.16821,136.86833
164.3168,137.58678,79.52411,144.10783,161.81139,135.45082,135.74005
165.30257,136.03467,80.20324,144.9441,162.29259,138.46185,133.65918
166.44229,136.34918,78.573555,143.77965,160.82123,136.83183,134.87186
165.13144,136.20654,79.981926,144.67603,162.32542,137.30016,134.21132
164.97354,135.65047,80.54079,145.40619,162.40984,137.66893,133.022
164.27475,138.27135,80.1099,144.67722,162.89162,136.9676,135.3185
163.23486,137.4369,81.004906,144.98686,162.36188,135.20277,135.13475
163.05396,139.52773,80.10846,145.02176,162.30118,135.63812,137.35829
163.61084,140.9624,78.33779,143.89594,161.2615,135.51288,139.35696
164.79205,138.51277,79.24578,144.7973,161.81995,135.74428,135.75725
166.3697,137.84303,78.39467,144.04024,161.70827,138.46468,134.60582
160.86995,140.42825,80.29326,145.96893,163.85797,139.33705,128.60068
156.29353,148.13988,76.90402,144.4199,161.51247,134.9986,130.60287
147.47478,153.16078,69.678185,141.4557,155.77292,133.19434,129.38159
148.30911,146.63098,60.426804,139.4106,152.1577,141.28207,129.69928
134.14091,133.48343,59.133392,136.3514,150.26015,144.04504,128.98503
124.08639,102.74456,64.05214,140.72327,151.57114,151.15652,145.99144
126.18126,100.026596,62.63634,145.73375,144.2459,159.36247,140.67604
112.6676,97.23932,59.16031,145.58704,133.73363,155.6229,93.58723
97.50798,71.85646,54.25619,126.82109,117.910805,140.32907,84.73404
102.22325,74.8759,55.617172,114.19695,110.05717,145.39726,124.30343
87.01462,64.32477,54.932335,107.875145,104.22894,133.13791,126.162796
66.760605,47.367214,55.874386,96.291985,94.96351,121.09377,117.93406
12.995824,64.8187,46.496822,130.9439,85.94363,98.74856,168.08698
82.967155,81.905975,42.321632,97.90425,65.27425,88.65636,139.62672
81.96624,91.76336,37.78691,86.1045,68.04179,115.26321,138.0143
68.881004,78.55173,41.33323,67.55811,66.606636,42.92907,122.17675
80.89605,73.94489,37.51082,69.74411,63.368305,90.25632,118.37201
68.21863,80.39148,47.722885,63.408222,57.287632,40.50135,121.12891
68.98339,74.08583,47.711533,79.77582,56.303276,56.262226,120.62873
65.80499,68.123184,45.725166,81.15887,66.308846,74.20479,112.28543
64.66973,69.06149,58.542164,79.75885,63.283318,65.80003,113.02433
79.149284,73.8833,49.166603,70.41396,55.83095,77.43385,113.58486
62.633965,62.460922,61.405704,85.975746,67.00807,68.15981,107.387085
63.03488,71.4481,58.283714,77.72277,62.38333,44.33989,105.20908
43.52479,55.623936,58.60664,87.84866,72.08834,29.434633,97.474174
89.4084,105.69082,54.960747,63.900543,53.969097,62.328533,115.731346
159.87929,146.80959,94.06397,138.92245,143.87134,127.2842,156.01685
61.863895,90.10257,54.052326,75.61738,69.79991,24.132137,106.97911
44.95448,65.15696,59.42906,82.400024,71.2955,41.323627,111.89264
18.491074,62.30771,86.45054,101.36428,10.950371,145.76427,158.79099
154.0056,142.94055,161.38037,163.06624,77.91108,163.62814,162.52744
72.01826,37.9281,115.00553,112.978676,167.62978,103.86048,117.27364
89.21332,55.12077,18.01249,52.41081,58.582188,89.564606,97.01521
15.938246,11.861193,80.59573,116.595245,151.41434,107.146515,115.85552
15.86298,35.077778,77.31813,109.07282,88.60909,106.79414,23.810625
140.23906,100.243706,28.322887,123.133896,79.10159,123.85973,136.26985
127.639305,124.39998,32.609795,128.99643,113.43496,139.20816,147.9157
132.0093,161.71854,37.694927,149.23364,132.79045,126.601295,146.31401
117.84794,60.726288,37.671345,155.26349,145.75885,127.795784,168.91325
115.48792,54.06409,41.296635,144.67616,144.84776,147.09344,167.50291
113.359184,59.752064,39.83026,99.04481,96.86327,166.43375,170.92393
110.11566,93.152954,36.06208,103.4154,96.63557,86.97043,164.38878
115.300896,116.062805,38.179382,37.578205,32.281788,128.08598,121.968864
96.3855,91.46841,26.878143,56.187878,38.831535,109.26017,119.599556
97.74051,82.52558,36.65058,70.74247,67.64028,104.73683,125.51188
79.68106,64.28375,31.571123,150.46904,107.149254,77.18162,123.417305
72.30621,60.282803,35.943428,58.269066,64.8275,76.08801,112.708885
80.51122,65.45921,34.877556,88.2495,72.77249,63.435543,111.409706
39.92996,44.53387,50.66426,58.825226,62.521294,47.958656,102.75545
64.598045,53.50616,44.526337,68.73201,71.47458,111.15235,121.26272
58.00206,51.41297,40.55972,65.16704,65.75883,106.380165,120.910164
58.482227,48.254265,38.17672,63.095097,63.95868,101.786575,119.723076
69.53491,61.41638,37.13415,59.73981,61.016617,106.77961,120.93775
50.526855,46.00184,38.050888,63.021263,63.877934,93.684265,116.24526
61.850365,51.628174,37.272697,65.11567,63.32723,107.84432,116.20178
62.018257,51.333595,36.93918,62.615074,57.684467,107.670685,114.1332
71.297966,57.457104,36.657177,60.127464,55.471447,106.84706,113.62613
61.589016,44.26389,38.014496,57.552822,52.16124,103.223724,106.431526
63.927963,47.04572,36.818535,62.490475,58.58764,104.6528,106.55792
77.521614,59.752914,35.75825,61.358715,57.706112,108.76019,110.39193
79.42271,67.27028,35.27522,64.57148,59.78044,110.18066,113.84804
81.5668,67.25664,35.534397,64.71538,63.000965,109.34258,112.090355
81.67806,68.494644,35.023243,63.775604,59.19657,107.42774,109.08811
81.71081,66.10174,32.62951,55.986553,53.393745,111.23127,114.93738
90.93512,79.74289,35.590282,62.521145,60.592915,114.36042,121.0978
87.53957,75.73192,34.381344,64.927986,61.8131,112.318825,119.60638
88.11962,74.08156,35.80403,62.92679,62.515045,112.26209,121.953064
67.70806,52.400696,37.505924,61.729607,62.64395,105.50866,116.0363
54.505028,44.34429,39.62253,64.8355,66.7086,99.83715,112.723145
55.386387,48.120796,40.941837,68.884445,71.93316,101.160614,121.31637
57.894817,44.209946,47.777,77.14591,74.50446,106.17446,118.2848
67.62857,59.004894,41.970684,73.94454,73.35198,108.70986,123.2192
76.797356,59.552162,49.60247,91.1455,85.72894,127.11183,129.43842
86.816605,69.77228,50.3611,102.794975,94.96419,132.69093,131.50714
96.23304,76.82928,53.654648,106.76942,101.45343,136.20322,137.25113
99.585655,81.67685,54.020847,122.61503,105.74422,125.28588,139.00829
104.44432,98.44213,51.855217,138.52899,110.900764,133.83559,80.31232
118.91086,112.50482,53.487846,147.34387,129.9738,125.43526,123.43491
124.56393,112.54485,59.393196,139.63998,141.77118,149.12196,126.95124
125.86992,118.18144,58.949913,132.89973,142.2646,149.06378,132.06842
133.65538,137.4623,63.832157,132.06393,147.18848,145.92966,124.5015
139.26569,142.44742,57.330166,137.95721,148.38821,129.99753,132.13708
147.62505,153.64417,60.11525,139.91129,150.64925,129.3626,133.8526
143.31236,155.71738,65.67076,141.2078,154.15837,125.82214,134.69682
147.6134,159.37135,63.465225,140.92224,153.20021,124.49847,140.78926
153.6151,160.64598,64.1549,142.40596,155.1519,126.55952,141.149
155.36026,151.423,77.046455,143.40512,160.56113,128.95322,133.58125
163.9576,139.56783,78.58583,144.8294,162.57588,130.13622,136.44766
167.72823,139.2303,82.13309,144.2239,163.67604,133.45847,137.77057
168.94363,140.87381,79.48201,144.26651,163.29628,134.0702,140.71707
168.72438,139.7477,79.84848,144.40228,163.3958,134.19414,140.14877
168.092,140.92014,79.41877,144.3475,162.99916,133.32458,140.37103
167.68321,139.5982,78.93185,144.63513,162.75476,134.33226,139.07716
167.86162,139.99506,76.10339,145.39409,162.0216,134.77977,140.07474
167.20602,140.02121,75.96188,145.76659,162.22687,134.07037,140.3223
166.51881,138.12604,78.01502,146.1806,163.47894,133.96284,137.64517
165.21951,139.8628,79.38998,146.50508,164.01553,134.8643,135.75142
162.0538,142.27203,74.121735,144.82123,159.89458,131.76678,133.48915
163.66788,143.48291,69.52011,144.42055,157.82121,133.7486,134.29066
158.05365,155.03671,63.660385,143.09137,153.40158,131.1674,136.2126
158.47952,161.78778,65.17587,40.53593,63.419544,130.83487,140.05624
155.71962,158.01059,76.85402,50.329086,70.3243,123.799805,134.23422
159.96056,158.0882,67.30489,35.236786,59.0098,139.83768,129.72162
162.99138,160.23598,47.1754,26.215523,33.5175,148.98666,135.41066
165.82121,163.79996,35.05864,20.614805,22.507034,153.24178,145.0833
165.58626,163.97902,37.3392,19.967154,23.224035,154.81816,150.71133
165.09627,163.0171,30.10627,17.06462,17.295132,154.12363,148.84933
166.13672,162.613,25.54849,14.782834,14.375039,155.065,148.23372
165.39864,161.97612,24.86575,13.362282,13.31598,153.3907,147.49776
164.3901,162.59262,27.950832,13.515251,14.338955,152.84256,150.6006
165.03955,161.85626,24.379427,11.504905,11.547445,154.36815,146.04681
165.99199,162.6176,24.570263,10.790798,11.012901,155.8559,145.10092
167.16856,164.8197,23.760471,9.910857,9.95321,157.99841,151.52687
167.42148,164.74193,23.516018,10.321537,10.140223,156.9645,150.28401
166.55089,164.56853,22.833633,9.407843,9.468301,156.24663,149.04686
166.71481,164.35341,22.048664,9.332666,9.127547,156.02664,149.38068
166.99748,165.64076,22.210958,8.5926285,9.026804,156.22523,151.4761
166.37204,164.70966,21.761908,7.874271,8.440083,154.90443,151.19116
167.238,164.68817,22.12784,7.627456,8.756116,156.36655,149.40527
166.74287,164.94313,21.479765,7.5220137,8.437708,155.18277,152.20032
167.42006,165.38501,21.849945,7.593857,8.525625,155.73387,153.14667
166.7366,164.20137,20.676174,7.634631,7.9935994,154.19081,146.56683
167.6647,166.09676,20.41534,7.16522,7.6000056,156.62291,154.71379
167.53545,165.56462,21.153305,7.662036,7.708717,157.08437,151.89046
167.5289,165.69063,20.989346,7.634092,7.7623534,156.77855,153.10037
167.35149,165.0284,19.694616,7.1182194,7.724206,155.0392,150.37308
167.50749,165.9798,22.097176,7.344222,8.240357,156.63734,153.76862
167.0954,165.85545,21.12751,7.4167204,8.205567,156.60605,152.93274
167.61668,166.5772,22.183794,8.055006,8.467145,158.09502,154.80614
166.57451,165.16965,21.086494,7.8953567,8.27251,155.73035,150.54146
167.15215,167.01662,20.357685,7.9358034,8.706103,157.30614,155.26318
166.61714,166.39113,21.035206,8.165102,8.677471,156.94621,153.0545
166.87946,165.509,23.756107,10.370957,9.9465885,158.15738,154.1746
166.59938,165.91312,24.024986,11.533328,10.584647,157.72244,155.3775
167.30904,166.73242,25.802347,12.71825,12.352082,159.49406,158.09682
167.30176,166.38113,25.448923,13.346269,12.416732,159.5055,156.4807
167.07141,165.65788,33.005047,16.91496,17.915003,158.99796,156.72043
167.37366,166.99486,39.090088,18.6059,24.10731,160.05496,156.90164
166.94203,167.25046,41.068035,20.209414,26.158482,161.1675,157.4346
167.04518,167.02225,41.695568,21.65164,29.056433,159.93918,157.58907
164.21863,163.56534,57.31419,24.629175,48.598686,154.87599,152.38748
164.60475,165.10187,54.05609,24.04362,46.555782,157.11504,154.3583
162.28307,161.83453,71.45675,33.843792,70.315,148.35753,147.3144
163.23076,162.86499,72.14492,37.027115,73.37112,151.49913,148.80936
148.02094,154.86209,89.027954,82.27964,142.44897,118.80158,135.47531
146.88608,153.90637,66.23995,116.61775,151.00319,123.82367,143.91408
148.51727,152.11336,80.42537,90.90379,152.65666,125.64802,143.58232
149.65219,152.01271,58.801723,129.99242,153.05948,124.673584,146.87296
149.47995,151.19115,49.785156,145.87068,159.20288,123.89695,144.93831
146.12285,149.40793,44.624714,149.87117,157.98035,122.727264,144.88133
142.96594,147.59314,42.146378,153.26694,159.10385,122.09375,146.09247
140.46362,146.66154,45.57892,151.46585,154.8605,121.62935,143.6675
141.88757,147.24753,41.50715,156.09027,156.23528,121.43013,147.96878
140.67055,147.27185,39.379566,156.73523,159.04822,123.048515,150.50479
141.30081,147.52638,40.75523,155.98227,156.23463,122.97386,144.58441
141.50407,148.13698,41.76649,153.3016,155.70087,122.89365,142.1607
142.84131,148.89688,44.42081,152.24919,154.15683,123.378075,142.16052
141.26193,150.09682,47.03842,149.09764,150.73633,121.43946,138.90129
140.7025,149.1243,45.26557,150.98788,153.4089,122.03119,143.6787
139.42072,148.52242,46.71938,147.85847,150.09944,119.7823,137.63358
140.87863,148.53851,48.742123,146.0314,149.80663,124.07467,147.60585
140.67513,148.57382,47.87748,146.05257,150.36519,121.99272,144.67918
142.67868,150.46358,50.64204,145.31973,148.24344,123.788826,145.96758
142.66144,148.38014,46.586273,154.47401,153.36311,127.47364,153.52014
143.42926,150.50972,51.3683,143.20157,147.59103,125.932,148.62262
142.53442,148.52617,44.66376,151.67555,154.68752,127.73247,150.3827
139.52257,148.00008,56.047813,133.55801,146.37828,127.386765,147.61232
144.65875,152.65213,57.986385,130.1331,145.05872,121.55932,133.82387
144.61887,155.62637,59.932518,118.19972,153.64595,119.60513,140.40016
143.42757,158.50282,71.29684,95.96226,143.3929,116.32008,141.2271
150.5725,157.3827,78.12918,95.73156,143.1869,119.021805,134.83588
162.20427,162.75542,89.31523,72.54838,133.65344,146.06955,142.35822
165.80736,165.03705,74.53794,64.3429,88.883965,154.28952,153.72038
165.67479,164.47076,82.2936,54.380035,94.6722,155.812,152.39804
166.71957,165.42726,38.590588,34.418922,36.498775,157.27245,154.92561
168.06586,166.3798,26.08762,30.900307,27.04195,159.15926,156.87912
168.24489,166.22939,21.39758,30.463896,27.51709,159.80855,157.12692
169.19014,167.7752,16.668892,29.161972,25.95047,160.77412,157.20508
169.90477,168.1905,17.268322,25.773045,23.32902,160.88779,159.25989
165.70789,165.82916,16.274387,23.287937,23.233856,154.5141,154.25328
165.43361,163.58902,17.12254,20.49505,19.28399,156.06372,152.61555
151.3829,150.874,18.91874,23.830631,21.612204,136.68407,135.38095
155.31462,154.55507,21.393993,20.15624,18.934816,142.99132,148.13818
109.043625,65.182274,23.177233,22.80571,21.50592,77.6338,99.34008
156.71877,160.55452,23.581194,20.007109,20.055323,147.35138,154.64684
114.72411,142.05867,25.06607,21.915268,18.6726,26.700155,132.3842
21.855028,20.781317,24.820019,23.257824,21.430897,151.53027,161.59944
20.7295,17.959646,22.97524,25.943443,22.940384,157.15076,164.6957
132.55229,156.41072,18.78871,18.819077,17.790596,116.31585,149.45265
28.127575,17.845282,24.910398,21.895056,21.298851,144.63264,162.07497
22.085842,15.409163,24.205572,22.42982,21.512617,154.44641,165.80441
22.346521,18.121584,25.325161,21.779226,21.446117,154.33018,162.34302
25.57286,18.522812,25.538185,21.631973,21.086561,149.77158,162.77095
21.32994,18.32538,24.146057,21.942438,20.795124,155.40208,161.79694
22.38738,17.653261,22.596714,22.249926,20.98025,154.26454,163.82155
27.47505,20.084024,23.441648,22.900162,21.822218,146.87189,162.79803
52.110107,105.30756,20.378368,20.439997,19.886139,116.15371,86.80736
105.29236,156.40265,20.73549,17.574678,17.325878,71.14961,150.95053
156.26697,164.20291,21.610748,20.175062,20.49025,149.47118,160.87862
163.5696,164.59338,18.169964,18.443256,17.403803,158.64838,163.1894
164.19594,163.90364,17.508133,21.51461,20.728922,158.75278,163.65967
143.61066,159.4989,18.9781,27.256252,30.047237,130.52483,153.4964
159.32698,165.61557,23.004515,28.728292,33.47534,149.9887,161.31616
163.7533,164.64258,18.374533,25.784966,26.678,155.47488,158.74812
165.81467,166.77422,19.801973,28.832146,28.566828,158.43855,161.92342
164.95193,165.67404,25.750847,36.537674,31.534643,158.39114,158.96246
166.16985,166.93137,28.114931,39.411606,34.185604,160.1777,161.2787
162.8057,164.54567,41.404022,45.176567,41.2141,157.08276,156.67374
164.3278,165.74182,61.10946,64.49757,62.81256,159.15977,159.82172
160.55841,160.88068,77.71038,81.327385,98.61889,151.94144,153.6615
155.76425,156.14322,87.815384,86.604324,133.9012,148.99692,149.76271
150.12872,151.02841,87.06561,82.892845,129.77734,142.40504,140.11115
149.43939,150.15694,78.063286,105.90451,142.51242,147.15625,146.99889
146.63196,149.85641,73.65372,109.92043,149.30176,147.17395,149.64925
143.13147,146.19014,63.42921,125.779495,156.87263,144.14621,146.82559
140.01335,145.26878,49.668842,144.15356,157.68015,146.60495,155.75362
136.40422,144.24315,47.160385,144.29709,157.25359,147.84232,157.2197
138.68379,145.35728,40.27808,155.11197,162.02391,151.14494,157.77637
139.55373,145.4611,43.194855,153.27101,155.17313,136.40642,153.71574
137.63379,144.28413,41.426598,155.79434,157.94627,130.2912,152.44295
136.85971,145.03323,40.3613,156.7117,159.06326,129.41006,154.36798
136.52455,146.91432,44.72637,151.08452,157.4702,127.40313,143.88579
133.86678,148.49643,45.11671,147.8491,159.97873,122.77874,139.16826
139.41333,148.62622,48.680393,143.21577,158.95357,123.00253,134.05185
77.50653,83.73984,36.330627,125.97711,85.31717,119.26163,134.25264
78.85732,75.82399,50.283035,130.07933,82.28176,117.42267,121.4373
68.14676,70.1896,40.07823,127.2474,88.437706,110.32252,120.13372
68.8115,53.56459,34.956223,125.16239,93.36064,94.67585,85.99124
60.54607,38.12565,31.663929,132.88698,108.30869,89.54602,69.62106
57.131237,48.18156,28.797825,133.23573,117.03258,81.713036,82.38135
58.814907,37.344776,29.428183,137.90782,123.734146,92.1203,61.371212
66.96629,30.503868,27.709085,139.74179,128.58392,93.04669,39.375027
60.57362,59.317528,28.260727,138.62149,127.111755,90.109764,94.320175
65.09396,46.7086,29.497208,132.0366,107.17116,98.975266,87.66527
64.642166,55.60514,30.280422,131.77261,102.6246,103.1819,101.07103
71.63317,71.40599,26.893589,132.75972,118.49656,99.92865,113.97778
70.13483,69.28263,27.752438,134.96002,126.49471,96.68582,110.66765
65.30999,60.549896,29.81039,135.52745,129.48532,94.64732,101.15037
57.450977,37.7222,26.854967,133.53128,122.373184,84.15377,69.33036
56.740757,57.257484,25.260078,134.98138,119.819626,86.18449,100.533295
62.847614,56.38848,32.29192,140.81557,139.66212,89.28614,94.42317
58.78631,48.533337,30.210573,142.2495,137.19699,92.74815,85.68351
60.227158,59.535572,33.556534,141.97894,139.51195,71.06096,98.34345
62.607445,66.22597,32.624172,135.55159,132.88446,89.08594,108.507645
45.06764,44.5663,32.60799,141.71652,141.81094,33.149925,68.438416
65.13993,65.57463,36.128075,138.6465,140.26184,89.45208,107.1383
54.526745,66.82018,30.425797,136.76758,130.67717,68.36705,106.339836
58.350216,66.08764,29.615091,135.20471,130.33543,74.194084,106.3901
50.665565,36.728977,31.45649,136.44237,132.64119,46.290928,60.78413
53.60417,55.516525,31.113966,137.4083,134.80312,57.820053,88.785774
54.600384,67.64753,28.793514,136.52385,129.8615,67.205154,106.29411
53.36602,65.64925,35.880295,137.94133,136.86012,56.47048,105.571
66.23422,64.813835,31.0272,136.73914,133.32469,87.438896,102.50461
63.410244,64.8641,32.114517,134.01639,132.24344,88.73482,104.5984
75.60589,58.208946,31.530863,134.14323,126.099014,103.41184,94.058235
73.9247,51.777298,32.154854,132.63562,125.313896,100.87593,85.87368
61.13937,32.249332,28.602766,139.09851,123.42532,95.3854,54.013046
65.560905,32.495735,29.472603,133.29707,115.283356,96.07654,62.508125
71.45384,40.582577,31.987322,137.20363,124.95784,92.46486,66.65954
67.73388,30.080378,34.28989,137.12984,127.43824,86.78317,46.33027
75.31146,65.58356,31.426357,129.92003,112.69058,100.805374,104.945366
68.63865,41.774765,36.715904,140.5128,131.37244,91.52274,71.71215
74.26095,14.731727,30.922604,132.88477,109.054146,105.90109,25.891298
66.75817,33.51602,33.71705,134.19957,119.376976,88.21003,57.02835
80.418205,55.885113,35.122658,139.4023,123.980415,111.55283,93.31135
83.30738,68.251755,34.331184,132.6168,106.10661,121.10225,112.00421
82.92737,80.075645,34.226368,126.839325,89.89488,128.13078,132.95406
74.834175,69.24933,32.74335,112.67754,81.26243,116.343575,115.20735
71.038605,30.880875,35.761448,106.9983,73.99245,99.54706,50.499336
79.170746,69.38256,40.883217,108.04809,66.66892,117.38241,112.26955
84.8923,78.76175,38.80679,96.617744,61.45429,122.8113,127.0596
81.524,80.88771,38.39305,96.798294,64.30747,114.10415,127.50006
63.70758,38.990837,41.692352,92.66151,58.194984,77.569145,63.115814
76.57148,81.71727,38.343353,93.710686,62.39689,116.49615,127.20879
78.531265,78.25635,35.99681,86.15339,62.370113,115.639496,122.47614
67.63686,65.56456,32.971622,75.32025,56.85714,108.2066,104.276505
69.967064,33.604473,39.831867,74.95797,52.94981,109.46837,38.752457
73.51285,65.66889,34.09353,66.67616,59.240044,109.4231,99.49643
83.312,84.46643,37.70953,81.06001,58.84497,111.82226,119.11077
87.392494,43.119465,41.746063,82.05254,59.00486,112.792076,112.77159
95.79461,42.16613,40.67353,73.907295,56.937237,125.47248,116.88271
89.35554,31.857302,39.985485,70.642944,55.0919,112.41666,79.57628
89.93135,34.53348,43.366924,76.751205,55.77054,117.06864,28.898003
85.262665,27.028254,44.34335,78.70112,58.505157,100.087746,62.97004
92.71849,111.1475,40.168167,66.09105,48.228165,106.0941,139.96065
92.31098,46.498985,36.030674,61.79027,49.18221,101.69591,146.9644
94.39225,36.19441,44.43538,71.86763,51.66357,107.47096,104.17656
103.57856,45.91829,42.734703,65.79444,53.46181,110.10618,31.732426
101.773285,31.783989,43.45062,61.382168,54.041534,109.09591,106.675964
97.92398,29.832714,42.22675,50.089123,52.648216,87.17997,129.05841
96.462585,27.515078,51.378708,52.512604,58.28843,89.39604,78.985016
81.46864,50.76258,52.729164,47.143414,57.402233,99.90689,41.029232
82.64053,76.249626,41.485275,42.12656,47.863,104.724785,93.04214
68.538216,49.051292,60.139923,48.733902,57.497444,98.15775,62.265564
89.06549,37.227604,44.39757,36.76527,47.900124,96.3481,69.80005
70.07697,34.75874,51.61408,43.167137,50.41595,90.89169,44.47405
77.44265,33.82621,53.77788,41.62763,48.870213,92.41669,66.275116
82.995415,37.136143,53.475395,41.346775,50.529423,89.64276,102.194786
81.753525,42.715393,54.915516,36.68342,49.97444,89.87547,112.44178
87.22734,54.86578,45.419395,37.24189,46.749676,98.67037,128.79936
84.48134,46.774876,55.94196,38.94178,48.9731,94.68257,120.671074
81.54341,39.46965,62.83155,35.84965,49.36966,89.4506,106.981606
73.48648,42.6082,60.261234,60.156765,58.16403,76.803024,101.909775
78.88444,41.38495,59.408607,42.822563,48.70562,90.56817,98.6361
86.81045,34.413727,65.50514,42.790363,52.685013,85.33075,101.64004
74.797615,44.53306,70.88853,43.936863,51.352856,90.665924,93.12464
92.15583,33.743835,61.75276,36.437546,43.86503,91.338356,106.98281
93.12746,28.356491,58.180367,38.34883,41.895676,90.78671,104.38987
83.61019,40.416656,58.729008,38.26902,45.80535,84.4301,106.60462
88.71963,34.246906,65.1503,30.668894,47.333244,76.43011,126.01462
100.32691,43.214626,57.47384,35.722366,47.909958,104.42374,137.15102
79.915016,38.188713,65.74489,29.330797,47.71572,62.39567,111.71515
82.04197,46.792187,60.8636,31.111639,43.75014,70.7777,134.06029
91.650566,42.35163,51.251045,29.726385,39.37136,84.23246,139.80351
97.497574,44.826427,49.40092,30.215576,35.46285,94.25655,143.53511
98.30448,48.037464,84.593834,100.79107,62.713768,94.92932,155.15741
96.89433,50.870117,80.80535,94.00929,59.98075,101.20492,148.43745
104.80714,42.96181,53.17483,40.357872,40.533127,111.17387,149.85262
94.26931,47.106533,46.211624,29.411005,33.97824,91.80569,148.67737
90.67913,40.753235,52.36487,37.149982,39.838165,73.90203,137.8723
92.27324,44.571545,51.893246,32.929234,39.863255,77.87814,133.18411
92.45588,54.99977,43.937305,38.75226,35.170433,83.43526,131.60059
94.04798,41.38451,56.56746,37.178825,41.87836,86.26107,141.79254
85.17103,40.40965,56.718132,44.51868,46.862167,70.719154,131.19345
72.50577,43.997166,53.47562,116.54762,82.10444,65.3104,46.422173
88.10229,41.46169,53.189266,38.00768,47.58551,95.12076,120.2066
85.333954,34.10458,49.44661,46.724663,53.72209,96.55148,67.97648
72.169304,51.106575,57.05056,43.308784,58.740387,68.548836,116.20531
86.47586,44.160103,50.41743,41.681217,54.001957,76.44256,139.75066
91.353935,39.79597,42.078537,42.47011,49.70998,80.98756,121.32382
82.84585,27.636486,42.99511,41.355305,49.16424,81.54055,56.217113
65.37074,41.101448,48.03479,61.492027,59.47081,82.331024,41.80668
83.756905,30.891127,41.684025,51.28436,52.158123,103.76955,44.76787
81.31169,33.00759,39.962734,51.39023,51.398132,86.43836,50.79545
83.776184,28.138496,33.464054,49.22948,49.30677,81.15887,84.15762
93.54922,60.49981,36.54615,57.03994,52.8741,98.79632,58.653194
100.7818,103.683426,35.70589,51.792587,50.25167,109.02316,119.49507
97.765816,38.940693,34.24419,50.70698,55.545338,102.21371,147.84425
104.13445,119.86976,30.032965,50.374584,54.81292,114.43124,136.40398
104.521065,99.722275,36.25832,71.81461,60.196564,111.78162,110.740265
84.38477,48.93402,30.498924,70.01317,59.799995,91.50001,86.03644
101.580505,114.087296,37.987762,93.761475,66.500534,126.9653,135.25496
93.68937,106.335686,28.961357,64.979805,61.13368,124.78584,141.1674
89.771225,103.65197,38.132862,97.99149,71.529015,124.076965,136.85829
86.150764,93.10431,31.04334,72.24502,57.48776,124.10975,131.70253
83.47228,94.501686,35.45667,82.893555,68.28682,113.13517,132.69592
84.451866,102.71312,29.702986,74.40064,61.320396,124.897705,153.80086
88.51663,82.27644,38.092102,102.29433,71.05317,136.06964,133.69275
79.91613,109.49765,31.994957,88.85306,66.2669,122.9649,150.4685
74.37622,84.3828,35.0433,89.46406,66.34559,122.34845,136.82846
76.87406,83.09402,35.621376,120.06819,81.21626,113.958244,128.08443
83.60456,80.64932,33.27363,108.735886,74.92442,117.136,121.846344
84.537285,80.9095,34.24079,122.340904,85.72207,134.0313,126.58296
89.27113,77.159134,34.830265,126.8336,85.53774,132.23662,119.120285
82.72218,77.00732,33.95143,132.89482,105.1874,128.81299,121.461464
76.232285,74.545815,45.070705,117.75363,77.693794,115.50136,121.20749
77.23746,70.52581,36.820896,127.62093,91.42414,113.8388,114.120476
74.12985,45.614674,32.053127,132.03839,107.120544,104.265015,74.34009
68.91965,55.372906,31.336176,135.61331,112.8283,93.86254,80.46134
67.29414,68.279236,29.669825,131.57768,112.17581,97.44812,109.318695
68.044716,70.41762,28.208946,127.30399,108.60995,103.461365,115.78696
69.73754,74.81069,29.646786,123.961464,100.77251,110.41786,121.501465
74.73822,51.919548,33.68988,135.46822,126.25043,106.27554,89.35242
67.68527,57.74156,26.405878,133.72911,116.55612,101.93984,97.747765
77.59546,67.73151,28.827919,133.64758,119.02372,108.25841,109.25799
74.52713,69.40503,27.037931,130.15546,111.81333,108.27057,111.06292
74.4753,66.60029,29.731426,134.55794,126.67543,106.34003,109.68386
70.39039,68.746864,28.349041,127.561424,117.049805,105.205154,112.57144
70.124016,63.288044,35.94267,134.34529,128.48633,94.46373,104.744934
67.26673,63.078384,37.81362,136.84474,133.09666,86.49036,104.02436
66.32231,66.12051,26.4072,133.98962,124.8039,87.17308,105.05656
58.20702,60.514477,34.408432,136.58444,136.43216,62.639137,95.56438
70.915115,60.70514,37.43977,137.7793,138.36986,94.70292,100.24179
71.45336,48.879494,39.176304,137.56088,140.29544,91.76904,81.108475
70.738106,47.908882,45.437416,137.81026,144.52876,88.51101,80.46202
66.843376,67.442665,28.607546,143.62889,145.92015,84.8091,103.49642
58.22436,58.058475,50.803883,167.54253,165.87433,84.749825,116.904144
8.62523,34.243454,58.782646,174.87335,168.32187,89.645096,103.580734
11.948768,38.83286,59.59283,173.75473,169.48094,87.13986,111.15827
9.042114,14.228386,61.00006,173.97855,168.8126,95.18077,52.338593
5.654161,18.580002,60.5744,172.90169,169.88023,103.52799,38.193336
6.338122,48.78588,53.072792,172.23033,165.93088,91.33036,123.892166
24.690722,44.428127,59.58591,173.28926,168.45526,66.604065,115.99598
22.642336,19.640167,54.19205,170.84561,166.5568,78.06004,64.02854
23.032627,13.046298,53.769207,169.57253,167.76111,70.95539,90.64721
13.194472,45.442974,57.61154,172.42865,165.13315,82.32423,124.9112
20.205618,40.4028,54.662754,170.98512,164.8233,68.105865,112.011
7.096497,5.6318984,53.76306,169.67175,164.8112,84.143974,82.60508
21.976164,9.848439,53.338055,170.32225,166.02426,71.76857,52.040302
15.671115,25.063547,51.026947,170.99435,166.2841,86.69523,45.453327
13.404022,35.532948,47.55081,168.74382,163.37877,80.18936,108.99303
8.778096,49.88732,47.380592,170.9638,166.04709,93.25335,118.93244
15.817689,12.07282,55.577087,172.34459,167.63464,84.139305,42.556248
30.920982,37.23306,56.931908,170.60645,164.22972,57.21015,135.70627
28.359959,36.403572,54.798603,169.86371,164.31163,67.53091,83.615326
58.465298,29.773994,55.746696,164.17578,160.78867,132.19301,125.65885
63.87098,25.740421,56.60448,162.68074,155.09645,131.84718,126.327576
57.496086,26.416704,51.793842,156.25493,143.36938,101.97041,130.4539
82.87219,28.171267,57.104687,149.91737,144.04846,127.858086,175.26181
76.7448,17.391628,60.015312,144.03703,127.88957,116.2885,10.097536
68.59351,44.750145,63.338108,149.40164,131.39565,86.5143,110.413025
84.293655,55.29706,49.918945,143.9505,123.23472,138.59587,159.78802
80.33187,63.779823,50.648537,143.63127,118.81006,146.67744,149.52737
63.230732,67.03429,50.0843,133.19731,119.31378,152.94807,163.77347
55.573708,56.256718,49.88708,136.95767,122.17497,165.84004,173.16963
75.33013,67.82223,61.014256,132.72856,121.802704,147.42624,165.85208
82.45526,75.11482,59.67782,134.45627,123.425514,134.57791,153.30347
79.79688,62.489956,60.676857,127.35654,104.798096,116.51149,149.43382
29.556688,45.701244,60.07375,130.03705,102.9833,64.95886,166.56207
39.66253,57.42589,62.66498,120.73248,111.47491,87.74829,161.14453
62.69381,61.58077,69.44653,129.43443,115.52688,76.46096,137.14589
47.22758,54.023327,68.34502,117.26306,106.32536,47.135227,152.55026
80.73976,80.09791,62.74591,114.271545,105.47739,101.458176,166.00157
59.17117,47.82803,59.907368,109.01802,97.41865,74.63464,153.96843
5.59559,57.80525,79.885895,106.078354,108.5382,101.90996,126.985725
14.28228,72.59588,88.65312,98.95202,110.9352,105.039055,158.07137
7.491795,48.877003,87.43296,94.4747,113.133224,102.89454,108.798874
31.294289,18.473309,87.505516,90.44942,114.513405,126.70301,122.92758
13.5521145,50.442085,83.35401,87.93394,107.909325,97.23834,94.159195
23.36654,58.82184,87.52802,99.9237,103.32982,85.806465,104.87315
25.157246,68.12695,85.838066,89.86327,105.19382,101.30755,155.22604
30.32063,66.49304,85.619774,96.15788,100.12071,77.14236,125.89393
80.37332,66.60338,90.509575,92.81168,104.2445,73.09706,153.5979
51.356503,67.9184,84.20423,98.095276,94.36508,58.923096,149.04466
28.987024,80.00923,87.72194,102.596146,93.47593,96.87963,125.29369
84.548744,73.60263,90.136475,95.89485,92.37644,42.692554,132.39061
92.3813,62.904747,93.86769,94.11971,86.73175,138.59335,114.03556
102.083046,73.81276,90.44769,96.60864,82.925476,102.54258,141.91376
101.29989,85.182076,96.83334,91.54065,82.40939,154.14973,159.65007
78.60267,81.9576,116.57712,58.4855,66.79045,153.11261,155.48695
84.399055,66.379395,89.794426,79.154625,79.855545,132.63524,132.8461
89.88659,90.98842,106.22875,83.62005,72.10952,169.42482,176.07957
61.160297,78.78025,103.736626,53.897163,66.27791,113.16251,112.724846
86.96433,86.168365,116.80068,96.54611,64.12221,156.45364,163.74162
93.59667,77.35996,120.57665,60.792805,68.71908,101.52695,161.43687
50.844456,72.41894,139.10689,52.297337,97.34511,107.80473,154.90244
85.669624,70.43721,119.2504,54.597553,60.476772,89.20192,165.49951
78.94624,113.58374,87.0989,62.467854,76.156784,95.88495,118.10037
65.106125,86.81676,155.40176,47.669384,121.02588,41.768208,163.5883
62.53449,65.234344,109.93943,55.14561,49.42352,95.61793,161.44077
72.8024,57.195175,67.65411,37.038982,80.18742,75.35775,100.09275
40.388103,58.00493,135.039,39.987854,24.785526,101.71721,77.217064
28.520323,40.73447,122.12801,37.304844,24.761736,107.682014,114.94119
43.220047,73.50502,135.45186,33.512173,38.7836,89.03333,158.4145
17.885492,51.051037,131.96082,31.313211,88.27895,97.32998,94.53275
85.932236,79.5255,127.365944,27.170065,65.61772,149.81334,139.08897
31.871174,57.058903,146.35019,23.363121,109.50055,114.90921,97.35369
36.50307,69.06362,153.21098,32.438435,84.18412,110.539116,118.552925
34.491703,22.579954,122.00918,45.000984,26.508127,125.79252,121.93428
54.138866,71.12517,146.73106,41.690224,70.657684,130.37479,150.65013
92.20809,87.629585,143.51907,56.18701,100.02867,129.52052,157.69913
33.651337,61.440186,161.67053,55.561466,136.58795,133.52121,132.09868
46.961456,73.27246,131.3766,48.924107,42.74355,122.2974,155.88411
98.85378,105.03114,71.98459,48.05356,72.12347,67.80791,167.96556
87.874146,81.46297,58.474392,75.76661,88.650566,105.25204,163.64941
88.665215,69.38815,89.0668,51.299316,63.4708,115.5374,99.4217
101.778854,100.46599,113.69583,62.29318,63.888786,46.264973,171.04834
97.53307,88.33055,120.659996,82.5108,74.87124,72.00197,141.14148
108.38176,75.17651,98.00779,72.55071,78.08002,107.49912,167.79126
107.46128,86.995995,103.47521,82.41504,74.31452,156.4498,158.2459
37.58219,92.09227,100.69746,87.25455,86.75724,63.334652,138.01582
69.120674,79.53344,104.720184,92.0527,91.555855,71.525856,134.97847
101.18453,109.110985,94.668465,104.89821,88.11455,43.923225,162.97217
64.20886,85.50784,95.31825,91.90421,94.56777,54.926437,152.84769
84.292274,70.50227,81.0833,98.00831,107.47194,21.55984,144.67105
71.85364,70.4075,95.76311,89.38901,103.550186,46.10613,137.97379
93.19194,70.79716,97.31603,118.32404,105.20179,131.92813,156.32542
91.44611,64.62668,86.8507,119.85557,113.22331,154.13281,106.711845
104.17112,80.70785,93.72364,119.8728,114.01896,125.655205,130.48799
44.259922,58.870914,87.6164,126.98343,105.82908,79.93944,138.38324
49.130203,57.67516,89.836006,125.66936,109.67719,66.02484,129.00066
37.770794,18.828867,77.85222,119.96,113.716034,136.0641,129.05617
33.363503,32.186394,71.06658,121.56243,104.49525,72.92953,133.78323
41.703587,8.746734,86.41373,127.458374,124.57301,140.31244,131.29903
50.306576,63.47122,67.58281,125.09493,111.34667,78.38814,169.83557
27.657114,45.971527,74.26542,134.12961,116.86614,56.091145,148.12088
97.52071,66.38971,71.35163,134.22318,113.25563,136.24554,156.72485
41.584976,62.229004,79.747444,140.66638,135.56665,51.973774,115.27409
64.18074,50.88605,75.93245,137.32368,129.20949,44.15172,125.828
84.953354,61.09153,69.352615,142.44449,128.75302,129.13335,155.247
90.15831,51.521908,68.8255,147.37701,140.1732,145.04065,169.18954
86.0078,48.00616,63.119167,147.81085,130.39203,100.408775,177.64972
88.01787,80.34963,61.109604,150.79898,130.25487,130.0168,165.80478
79.727974,35.71925,67.58092,156.8266,144.37524,137.20541,162.32936
87.47039,58.06041,62.401337,156.54277,147.65701,127.84488,172.42479
73.8398,40.593178,70.38387,160.52284,150.75763,117.540665,171.43515
73.32683,31.1128,63.731358,157.42587,149.95563,127.48068,141.89551
53.281345,26.568861,68.60641,165.58154,162.05623,160.31796,134.08702
52.817844,35.56276,56.855312,167.92859,162.02075,82.77607,154.19533
43.342075,32.872246,62.611862,169.91714,162.4964,76.835075,140.49686
51.910423,53.480305,64.23726,173.02296,163.93185,50.73577,139.0332
25.988934,49.326855,58.994663,174.12039,165.45314,77.256645,137.69308
17.06206,21.25998,63.264393,174.77917,168.4721,89.2163,98.1013
4.12051,35.54761,63.133915,174.45718,170.20216,102.905266,23.450018
21.759798,29.14679,60.419643,173.23344,170.19832,124.87462,30.589813
33.60311,48.8581,65.34016,175.3653,171.15657,69.08928,134.20682
21.03299,21.911634,57.77387,176.2498,175.90633,131.21504,35.660465
19.95821,37.151188,60.967876,175.44284,173.51338,126.54384,52.224556
9.844345,8.673554,72.65303,178.38516,173.51517,110.612434,41.600002
12.451023,18.09851,70.0767,177.27386,172.00555,113.798775,19.400309
1.6628343,43.284374,59.125893,174.4236,169.7624,105.09898,152.29584
4.178139,25.974855,63.472767,173.34819,170.2299,106.541725,42.84392
2.8541677,50.727196,55.324406,168.6793,166.12448,102.73705,131.47122
25.005077,43.981705,60.958294,171.35812,168.16342,79.956985,153.54791
8.956729,43.957043,61.034164,170.98093,166.9336,96.36147,118.125496
5.8911567,46.42417,58.59647,168.7299,166.45676,100.38031,126.61232
9.767324,33.720295,61.69719,169.73285,169.87044,109.78553,35.048595
3.4045582,42.9418,55.548218,171.04077,166.89774,105.217026,158.6465
6.8389363,46.586643,58.193386,171.62039,167.7574,101.96574,151.78166
13.560201,32.90128,53.726467,170.80338,165.21281,118.079895,131.01378
4.572732,45.333225,59.55325,170.61398,166.95905,105.29392,105.9202
13.651081,41.293896,62.8589,171.57509,169.93353,103.203354,75.24877
11.645979,44.661774,61.019943,169.9833,167.93417,107.08097,99.88419
4.2574935,39.14357,54.067856,170.24251,166.462,104.35611,77.706085
10.554207,42.684494,54.069393,171.42033,166.77121,111.66474,81.67342
6.3081994,30.984571,55.822792,171.71652,168.41138,102.40437,22.56982
6.6947145,26.947987,58.30221,172.01,168.489,106.16142,26.64442
10.858046,45.750923,60.0801,172.14708,166.7001,92.649956,42.347336
17.757559,39.43558,61.357662,172.68442,168.38881,84.27928,36.13717
13.854065,33.44924,60.873306,172.69017,166.61642,87.1534,19.147045
21.64315,45.371017,58.555775,172.41588,166.77087,81.884056,88.65332
21.601984,31.193398,64.426506,174.08403,170.36713,120.36926,96.6243
45.735744,67.08675,60.59751,172.19719,167.87779,53.699875,114.724754
19.607086,88.055084,60.49348,170.9293,166.30289,98.868835,70.79433
8.593017,32.01461,112.378265,153.15071,79.170235,163.77534,120.83128
12.991405,33.758472,108.95532,144.44986,71.26564,169.0217,114.69228
8.113821,12.86773,124.04325,141.938,72.90295,174.09712,147.17416
11.440707,19.308836,131.53026,151.95296,77.893326,169.60387,131.3513
9.624797,24.303837,125.27128,149.15286,60.656456,166.93367,120.96716
134.20422,152.92593,163.01193,149.47626,131.07655,156.01834,114.87561
6.4731445,11.982766,128.42249,146.87741,46.37956,157.8687,142.58434
7.6955175,14.919381,118.776886,115.1194,49.557945,167.40388,135.95003
49.356564,32.246674,43.10394,138.04878,123.497406,142.44441,53.441082
107.48074,35.51059,94.421074,79.486206,97.976295,128.81828,123.002846
60.64203,60.000816,47.266216,100.71978,54.34469,47.06871,132.95955
38.97932,9.519484,88.52196,60.959393,56.827084,51.365025,119.43786
46.413826,84.75489,82.498924,56.958694,49.860424,60.606888,122.454
20.457632,10.037992,59.02105,41.52106,34.956467,166.72914,153.10233
41.32501,58.54072,86.816956,72.03005,65.46079,58.421597,49.2306
14.730424,31.128378,92.150894,76.23705,85.55747,136.0868,151.2733
82.108116,35.566837,107.7681,50.137043,85.94545,78.27152,30.557531
34.23295,16.763617,51.746387,108.0417,74.42548,55.26583,129.09726
79.97369,17.001757,108.52944,46.562435,95.81323,74.23004,54.835926
26.572327,9.713774,106.11975,38.95778,85.303665,166.43904,153.10387
44.273434,18.675692,103.42143,62.863953,102.59191,134.30692,156.464
87.748604,7.378472,94.604904,71.87797,107.66204,107.44938,18.776428
20.023012,4.3864193,80.28156,91.050804,112.79219,159.343,171.03833
97.392654,30.929728,110.47881,50.94138,102.29759,62.311363,145.346
129.56001,45.604588,107.063255,60.838703,120.71158,55.726772,152.1536
81.05935,35.798244,89.24934,89.9944,119.31496,100.49935,169.84981
132.76892,42.212463,86.45436,83.75961,96.56896,73.97959,135.39513
52.465233,41.6322,84.9021,90.96148,102.3503,138.36028,84.21107
23.811184,47.27896,75.85038,75.921196,80.334915,132.43321,158.78627
33.37948,22.172657,81.47427,95.5409,108.52451,137.11577,164.10783
48.223152,47.097782,76.57392,98.27522,109.12532,128.7624,147.46973
130.96034,47.192875,89.76692,78.098145,118.516464,46.644653,164.94664
38.473694,23.530828,40.54844,150.80208,158.0187,135.3946,167.31123
71.74275,46.067986,84.81191,85.33116,93.53998,104.897,162.41815
20.534372,32.03574,84.46223,101.380775,113.79031,161.23346,70.2994
12.765337,23.807453,83.84791,100.29487,106.98684,157.54631,163.67867
117.87507,131.5175,19.535734,158.54414,172.25137,144.72525,82.27208
112.35592,101.15754,17.619051,159.50671,147.47672,115.89328,21.782696
108.90841,55.75238,27.17995,148.6475,170.13686,163.06207,151.47215
123.56032,19.227388,20.190603,167.20772,170.86693,128.57863,156.99893
115.21389,13.07246,18.528229,173.51894,153.5387,155.51024,131.93094
95.89748,41.69989,82.93167,147.23521,143.53596,156.36653,163.62117
52.181145,39.021,91.27897,74.462456,96.98344,112.150406,172.15091
91.512726,108.199844,94.82006,70.559975,81.71534,86.319984,84.91585
35.81695,121.87183,97.77648,61.691193,74.67084,82.58308,134.96317
47.676292,48.717598,96.47154,71.93823,53.139175,124.788506,152.9143
55.569557,25.493692,91.756996,57.951557,54.375576,62.979565,136.6985
48.432236,34.45993,91.0952,57.559277,51.232162,59.65965,147.50754
59.271297,101.3754,78.178535,72.376816,56.439156,70.00746,97.56291
117.821495,86.16934,82.601135,76.891914,56.969097,120.020485,133.72194
49.252968,42.68892,88.57444,57.52797,53.882404,93.17564,149.72737
54.81623,42.56991,95.4735,51.91739,58.747807,85.26846,151.88142
65.373985,26.57951,85.246025,52.98361,53.619545,61.51344,137.08377
6.4851894,11.591752,90.3615,84.72659,42.210804,131.61899,99.62755
23.98155,26.684996,98.84032,74.25185,41.000935,153.52328,62.065407
13.260665,15.501677,97.836754,109.1224,48.591465,153.65404,139.56482
6.562469,6.578377,94.07998,113.05802,46.93966,165.42506,158.13766
20.221333,15.331767,90.15837,99.32956,50.14913,162.14388,141.99913
61.969757,48.714672,86.5563,74.097115,57.49198,117.549736,154.57405
14.773609,21.339281,94.50864,77.302185,53.91363,120.318695,135.36076
16.805033,17.027071,81.54094,60.889793,49.418495,146.1735,133.67921
74.19474,81.49071,81.406075,68.78315,51.713333,54.913506,147.29031
46.925785,72.09091,68.20249,96.10408,92.07076,161.1739,125.29077
20.813337,11.049722,76.82426,67.9179,58.44662,118.994125,92.76792
20.129572,32.210094,93.15269,83.37376,44.463192,162.76596,30.776611
18.83295,59.739746,85.87588,83.46249,65.78666,80.867195,87.4087
35.771194,14.281353,82.71505,75.67244,53.201286,164.96797,133.53273
23.18851,9.046047,108.756935,86.005554,60.09394,157.5958,140.00735
20.154337,14.505359,76.68741,86.73318,53.674614,176.1297,126.619514
6.1630654,14.580379,60.792572,84.52474,69.02751,165.37592,130.75453
6.179997,5.776687,58.537285,93.0248,59.916405,161.13321,138.79999
13.633691,10.57358,71.38673,98.93572,74.05006,149.84401,125.219955
4.590133,15.166283,82.377655,114.69135,64.62108,168.11656,162.33475
24.982956,16.883488,43.30448,115.38865,80.35747,156.8782,131.46805
66.01077,30.330997,75.6873,102.59715,95.28009,133.14,88.83131
36.416363,27.270672,79.61457,104.726105,97.89568,116.22214,137.52074
70.867836,46.87542,49.456467,124.163185,145.31712,149.79767,128.74846
13.23348,27.320992,93.12752,70.65345,107.59474,134.55269,113.91961
6.7072406,41.467873,45.37668,45.37154,70.293365,157.28221,92.686165
2.655349,24.814047,93.19674,65.77528,92.25517,166.94264,122.66758
11.065871,18.59242,66.44102,74.98465,94.1954,160.74579,130.92467
28.16352,26.308796,113.93315,126.456955,93.32821,165.31412,123.25972
12.411346,28.65964,139.13535,165.0379,119.09352,153.66003,120.03396
19.215729,39.36355,113.85353,136.8193,99.65228,161.9951,101.02987
15.34273,28.342554,93.915764,113.080734,112.42155,160.84721,125.88609
11.52757,31.135399,128.76004,146.49376,115.51699,155.60661,110.31383
9.621406,34.423607,109.61288,141.31146,109.56579,161.33867,117.76836
50.275993,128.2018,132.89551,155.52704,119.64447,163.71974,154.80139
42.865368,102.785866,115.016266,160.38025,122.78884,160.08556,134.52962
21.357948,21.095663,72.01791,155.03897,160.92174,161.50781,143.10583
25.481138,6.7627435,31.063986,168.8263,171.19434,157.97424,145.88002
19.344023,33.136883,85.45401,174.78044,163.79947,158.38605,116.65148
23.416552,38.580116,38.33272,175.76329,169.2365,160.34232,142.05452
20.159739,21.089485,33.20756,175.88019,175.19653,160.50055,170.1982
19.574883,19.278324,56.10696,177.64523,169.53998,162.87497,157.65569
13.105786,18.618528,63.357002,176.72618,167.05089,160.64871,130.70528
19.38303,40.498684,54.382973,176.16252,164.5523,163.93903,117.294655
38.512104,27.053478,110.0183,172.91306,151.49629,164.71797,150.96179
34.537796,57.341892,146.07655,176.35286,154.69037,163.23404,90.88901
23.160559,27.391548,79.86556,172.36964,153.63126,161.77954,150.24081
23.875154,28.554398,93.47694,172.72874,148.26685,160.64716,135.99915
32.08185,21.899727,86.44629,173.63702,155.04451,162.29106,135.03946
20.484865,16.15544,53.197994,175.89696,166.40555,164.72646,151.90611
16.68874,16.588972,93.0848,175.56398,157.84697,169.49152,156.8161
34.30073,29.565735,129.63663,173.80763,173.58325,159.14496,157.4512
19.721481,14.686441,105.479225,174.69646,145.25334,164.9997,140.85014
14.982074,16.633411,77.06957,175.9481,160.57668,170.75516,173.73605
11.985513,27.132332,36.396824,176.41663,174.55197,167.28223,163.06375
15.8821335,13.6768,43.812153,175.19893,169.78943,171.43755,156.31505
10.758537,13.320531,70.14503,177.49352,168.41808,168.8598,160.8622
23.493069,18.560743,72.21095,172.79623,154.94516,167.32349,157.88016
23.316685,24.475328,48.14854,176.73499,170.71089,174.1415,165.47844
27.340494,19.722038,120.22258,173.38809,161.53288,158.72377,165.18799
29.213066,15.281897,120.9445,172.00996,155.92201,163.28972,160.92596
36.760597,20.63253,109.79798,169.56555,156.57796,165.52174,171.21196
20.80849,14.477765,104.74053,174.82433,163.68604,159.04622,171.70729
26.245625,7.5446754,54.43015,173.74081,152.0677,162.90407,174.44739
37.145527,20.2384,86.73109,173.69876,133.11493,162.9003,117.24589
29.236975,14.639464,76.10973,172.0902,156.0031,162.79254,158.7483
18.599167,27.815842,28.951624,176.60655,162.24489,155.80215,160.63536
26.490599,31.954428,71.519905,178.5685,143.59865,161.34442,116.386665
28.592066,27.360222,73.98683,173.76707,134.8178,162.27266,122.85991
33.11771,19.191807,84.27067,171.5603,160.62683,159.48381,170.3304
28.868025,32.471725,48.15717,167.61873,163.66252,159.98361,156.15129
38.877716,40.446068,31.955988,173.19711,156.68922,162.72313,90.49907
12.104879,17.462599,36.726376,176.52272,165.33746,155.65706,142.9608
18.521618,19.777655,71.518005,176.08478,151.93965,162.53458,162.28111
37.00709,78.35182,96.00181,178.49142,133.151,161.69194,130.98332
66.43788,90.52283,137.42883,175.10286,146.38376,164.1956,151.3462
39.316563,67.6556,113.300545,173.9277,120.977875,164.6572,112.933876
33.494877,24.053156,114.7702,172.21362,135.66432,165.5644,134.35963
46.597763,81.70306,123.15191,168.98856,134.35634,163.78406,131.85936
47.854263,61.1836,112.536285,168.83891,137.8526,166.05022,126.17652
34.717045,21.015045,121.64069,175.96294,133.73624,156.2541,111.89974
34.836838,30.530773,88.60415,175.87387,125.82556,163.47263,101.896965
34.295322,45.148094,131.4417,174.11966,153.68141,163.62132,92.395676
37.83037,56.91577,139.75261,171.57547,159.52684,159.10603,113.494965
54.8875,73.81224,141.7569,168.20938,163.90535,161.37558,129.78435
36.729927,117.35643,127.24841,166.84541,154.02647,165.83412,157.56769
27.655878,53.18042,137.20622,171.67908,154.75313,157.65373,105.83401
49.09077,109.07373,132.91147,170.01675,154.20055,166.02003,160.38786
24.94392,127.74515,122.65947,171.6312,154.3444,169.22302,149.96172
40.802036,121.8757,132.79373,168.76007,150.55484,167.99008,165.66264
38.454773,116.50495,136.7166,166.63016,156.56578,169.75949,157.35614
49.97865,102.141,144.15321,171.6824,163.56964,142.4186,152.56448
65.22017,90.133644,143.26633,172.7212,161.10194,77.28783,164.77513
43.836357,107.3979,138.76242,175.32318,161.04341,152.47061,150.07347
69.481804,110.491394,142.08604,170.95953,164.6897,169.68013,173.54648
51.800365,111.077965,141.56296,173.79413,163.12297,168.8727,159.84145
43.814613,123.43803,137.68552,170.01918,160.8903,168.86551,165.35059
36.34241,131.02362,125.44468,172.18854,149.92073,168.69081,164.6683
45.851784,130.13528,127.153404,169.35655,148.017,168.94563,169.20345
40.632565,102.968216,147.52089,175.02211,167.33272,164.31844,154.64278
51.693653,103.467354,153.17119,172.8342,163.19711,167.76787,160.15036
41.862877,114.00747,140.26436,168.83983,157.69147,165.67491,152.86737
39.511524,56.882042,145.33499,169.91756,163.10948,167.49721,60.17663
30.628536,19.015888,155.57747,173.36891,168.33809,159.92024,117.9224
34.97336,85.79264,145.12706,174.0997,161.99722,164.05061,114.559296
23.703245,38.712276,91.9684,175.1311,143.79251,164.74469,142.20918
30.073923,89.70301,118.942314,173.426,124.66939,173.57628,98.307434
23.274803,40.234932,45.09735,173.39229,159.52805,166.88052,152.39589
16.836117,18.095102,53.6141,175.95735,145.61623,162.99213,138.22191
24.034967,6.481772,31.57108,173.70186,168.98564,166.36441,155.0222
14.437042,22.750677,75.70727,172.7763,165.1758,172.14482,161.16762
31.771128,112.23185,104.436905,175.17232,143.74918,168.62506,144.8056
23.67306,46.07019,143.90894,172.65553,162.59618,81.57953,128.74442
50.079437,71.044464,141.21167,170.31485,165.3052,157.32718,143.59953
48.269028,109.94328,140.24059,175.908,168.28105,171.02136,162.11699
63.708237,93.98215,126.7946,174.3997,149.90614,170.83998,161.74088
35.985313,7.5948396,124.34007,172.1995,151.44049,158.14058,173.91783
53.723988,56.0533,121.25323,171.55182,156.27684,171.15175,123.242645
54.519897,83.47851,121.58397,172.68446,171.80289,167.1696,147.09236
69.84507,80.68041,105.783966,171.40063,164.91846,172.15067,156.50769
34.987827,73.43174,118.52479,175.14847,151.9316,171.1573,124.30225
37.421474,78.72348,124.97325,174.58466,149.62665,169.09943,131.66989
42.170433,55.015926,98.508736,176.09845,159.22383,175.20203,141.66498
49.01602,69.81106,118.96732,170.42995,167.00894,167.41174,137.65047
28.084204,34.67234,108.47264,170.6398,175.50615,157.51804,153.13376
56.370277,107.20962,135.7295,172.22963,163.91768,171.22151,163.66046
28.443487,116.33679,129.85295,173.88188,147.34909,172.0286,142.63736
43.574112,113.91058,124.6387,173.89647,152.47232,171.02924,160.89583
37.53774,104.31222,116.42958,177.90239,151.48814,171.24655,150.78117
25.534184,126.947395,70.97873,172.88332,161.85277,170.4121,151.16734
39.04706,125.22174,133.21762,174.03282,153.05899,171.57544,160.85123
24.722937,115.14618,100.94751,172.10246,165.4586,166.3995,149.07663
35.606083,138.45706,79.472,171.80524,161.21466,170.04599,159.49937
36.90426,141.35564,108.8252,167.1747,157.04681,172.12111,164.20644
38.97835,133.46451,122.418076,167.22374,149.6757,171.46446,163.97882
32.319393,127.9871,118.27439,171.26451,139.92604,168.48662,158.99158
21.591034,35.459774,73.53447,172.38907,148.67642,169.51811,122.22948
12.424225,20.332815,77.481636,167.97672,142.21738,166.91579,139.07042
23.786404,14.751133,119.33134,169.2998,127.926994,166.41032,143.97786
18.698427,5.172142,102.8115,166.59473,126.314545,162.55199,159.0185
179.44572,122.07932,71.28888,134.83998,87.153206,102.75669,102.9258
156.24367,98.262665,136.15356,85.39935,97.96103,72.93918,57.26549
170.69392,79.38277,143.81915,45.061577,138.90308,70.23061,38.565235
143.25374,76.02307,145.20718,59.931526,152.44234,31.969969,13.482876
154.96751,95.075424,155.1665,33.49746,19.549515,64.639435,57.321648
161.29439,150.80377,147.12686,37.106964,116.08289,105.6161,129.38173
17.974371,32.80714,96.64991,71.13573,75.25078,161.69128,112.6761
14.144933,24.292791,97.1745,140.78777,92.110985,162.81674,131.84775
11.497488,17.654173,93.485695,143.9898,96.306465,159.013,135.95117
10.673685,23.4555,89.31288,95.204735,71.22254,161.13264,128.47948
13.932419,110.90862,126.55345,107.30208,76.06627,161.88177,119.019905
20.256626,99.735,140.40181,151.12088,99.62289,166.67871,114.83661
9.08281,35.62884,80.15818,54.002743,61.121693,135.30243,115.16116
15.183007,50.76899,93.01032,62.197346,71.72082,165.34949,89.09577
14.346124,22.81526,79.732025,55.58871,74.39289,152.47672,125.08055
9.20195,6.868641,118.714226,128.04904,64.63441,156.32181,149.05672
24.888206,16.964882,79.217896,101.33096,101.11557,123.744934,11.574097
130.34753,119.75365,96.88437,77.41899,97.321724,106.787415,164.7049
41.78404,8.437732,60.23636,92.03219,73.48441,163.97368,132.57498
48.18883,31.3536,55.063156,84.28044,54.693295,172.05745,111.21755
29.390821,7.3148828,49.057415,55.88716,43.46996,163.21861,145.87665
40.287483,12.058377,77.24197,84.48827,51.664726,155.66486,132.44722
30.20763,15.998426,81.88477,67.8211,57.962852,107.735756,102.489876
66.17481,62.665577,83.12973,76.42349,69.291306,117.09292,51.140724
50.858055,24.78783,38.680267,100.83167,74.27912,49.89598,97.7646
17.724768,118.68846,38.787518,30.141548,40.173515,164.46721,142.85077
9.703343,13.909508,21.698362,49.525337,48.345898,148.96573,155.70892
54.747257,20.501448,76.96084,103.40097,104.95896,83.81765,62.519367
78.21317,12.798818,16.66033,134.79568,116.56568,117.49205,155.69879
28.054352,92.40656,93.03006,40.416634,79.15907,120.29883,122.31983
25.629385,109.62854,97.88889,53.99937,93.43431,170.62486,138.62614
20.72369,8.124968,85.696724,58.33007,49.841846,174.33295,148.67119
17.672867,9.312365,94.80915,76.124275,50.254524,171.07535,164.69095
14.682292,10.478914,79.05381,90.28628,64.48515,163.57925,143.95256
35.14812,53.10623,74.59664,43.331795,72.31897,144.4167,90.35192
62.89078,15.905043,52.720882,128.90004,113.07891,114.09333,114.93503
70.720146,64.412796,38.42207,124.43601,146.32243,168.80803,101.0479
74.93934,75.05552,58.50774,96.48825,128.73209,157.43979,134.30273
36.664047,41.18579,53.25083,111.56079,140.00232,157.06912,122.74855
1.5809054,41.377,19.99134,145.82799,154.99684,147.84402,164.91112
32.66516,44.23183,41.15288,120.92061,137.58832,139.0562,111.81129
30.508951,10.330758,10.582677,124.28538,132.3121,156.55437,135.02516
10.452556,39.693394,99.28354,52.751514,52.966152,81.6054,56.91736
9.347775,58.106964,108.66854,59.606537,66.64764,69.674484,53.075676
28.20651,109.96527,111.23461,74.46098,60.793427,46.655205,139.60869
43.855213,27.277536,102.279274,72.84062,67.85447,48.890636,123.6503
15.605363,13.279797,101.352234,113.21681,52.532516,81.13385,132.37384
52.270023,33.42934,107.00856,108.08176,49.55777,93.81604,80.932076
83.96285,8.774313,98.44659,61.84891,62.252647,121.99839,98.643875
22.61028,8.348802,88.95023,62.413082,57.35638,123.7867,136.4132
11.653488,18.410025,94.85655,52.981525,47.84672,72.3797,125.75383
13.823839,12.324546,88.53581,59.44456,47.294178,64.20113,131.2536
9.968373,22.653606,106.391884,72.01482,62.523273,73.408875,117.955696
18.711674,94.862114,57.02248,78.22033,74.64752,154.84464,115.730736
13.998065,47.830307,81.39464,63.096874,49.83899,36.78387,44.77479
19.168722,76.745,79.18067,77.405975,63.22688,28.50162,96.233665
56.533737,63.53682,32.24781,58.59291,51.57342,125.23487,136.89767
61.852257,72.1024,33.990265,49.781937,42.555786,125.95805,148.1728
62.251255,72.612206,33.45713,54.26559,47.648895,126.4804,148.0972
55.064613,66.97049,34.523674,51.4396,44.756363,122.62626,145.50264
58.416965,68.59314,34.212914,51.276577,45.08116,123.151634,145.39293
63.757572,71.89459,33.89524,50.271015,44.619423,124.20308,145.64531
65.11397,73.67452,33.36461,50.174915,43.1452,123.301285,146.28464
55.30495,63.058155,33.466873,52.027454,45.790714,120.5566,142.42856
55.960804,64.91691,33.97462,53.334476,48.254726,121.31615,143.49771
44.53805,52.60174,35.072983,73.87332,75.05627,128.2073,147.02745
45.183548,53.257465,34.994816,73.689926,74.316216,128.43823,146.9861
43.790485,52.681248,35.36499,75.41165,76.706505,128.04324,147.10968
44.129093,53.699745,35.06114,74.28214,73.733246,128.3405,147.58478
43.801125,53.21974,35.125153,74.62443,74.012054,128.52795,147.63979
43.76379,53.347946,35.2874,74.95269,74.53771,128.76642,147.78496
42.988968,52.531532,35.424603,75.07698,74.62741,128.08792,147.39375
66.37597,71.725815,33.577427,52.928505,49.150536,143.97253,144.72672
70.206924,75.05013,33.09867,51.996098,47.67656,142.83186,142.27649
68.00861,71.46426,32.97792,56.033524,49.91021,144.05101,140.43088
70.14921,74.01506,33.00597,54.635715,48.427628,143.83644,140.49428
69.6529,73.85424,32.720383,55.25477,49.204197,144.2625,140.5298
66.01397,70.09731,33.05295,55.922497,49.924145,143.91225,140.73273
60.027115,64.59655,33.54448,58.962738,53.177284,143.5075,140.82855
63.844795,132.60619,115.153336,107.927185,40.110004,145.96739,152.6269
45.36249,140.67213,106.79037,103.712746,28.96458,145.39691,143.75916
44.957645,139.53044,105.941696,103.91214,28.137867,144.53987,141.34056
75.13413,143.28236,100.596886,101.739426,27.584852,146.11488,158.81027
73.67096,143.21242,98.135025,102.33766,22.822666,145.92259,158.72862
69.52398,71.84868,30.804237,59.990612,59.017544,126.88764,145.77284
69.2379,71.39149,30.935379,60.300457,59.50518,126.97471,145.61261
69.48775,71.89097,31.057419,60.517548,60.14485,127.735115,146.30533
69.602325,72.08797,31.017752,60.37358,60.010395,127.56994,146.37
70.16808,72.70288,30.91546,60.345715,59.87902,127.75917,146.48956
69.60532,72.24003,31.001087,60.62059,60.11263,127.51658,146.45949
69.063286,71.74084,31.016796,60.5887,60.084633,127.32671,146.27069
67.79402,75.57617,36.923298,67.99061,71.06324,124.99008,140.95537
69.430725,76.78572,36.995426,67.83416,71.74874,126.05386,140.98874
71.63493,79.24645,36.16103,69.32332,70.70996,126.428474,142.88904
68.96634,76.73006,36.521477,67.996124,70.503136,124.97643,141.85532
65.3509,71.775215,35.641273,69.12141,71.50128,124.47444,137.21523
65.800674,72.34365,35.630245,69.12575,71.51137,124.67988,137.60419
65.92188,72.35614,35.75333,69.15561,71.958435,124.86606,137.40309
66.235916,72.5298,35.707108,69.07816,72.012794,125.03599,137.50865
61.68446,70.003,40.458614,81.31067,87.13674,122.675545,133.80736
64.33962,71.884514,39.92017,78.74136,85.21757,123.59699,134.2486
62.493645,70.49484,40.544914,79.805275,86.04925,122.8966,133.66144
60.653034,68.996056,40.889397,80.970726,87.2234,121.94925,133.14235
60.64685,68.61398,41.22137,80.283615,87.14771,122.081825,132.5819
62.235588,70.35715,40.889008,80.02235,86.664566,122.777885,133.42035
63.288624,71.52874,40.078484,80.528114,86.496124,123.16127,133.85553
41.899666,53.50085,46.183746,136.67378,142.62595,114.608215,124.67212
43.590637,55.35005,46.934364,137.05566,144.89297,115.36252,125.58562
44.76558,55.78329,45.9511,137.47662,143.47906,115.77429,125.189354
43.200687,54.385426,45.588158,136.8438,142.58879,115.195175,124.817955
42.65241,54.077553,47.340954,136.64154,145.28049,114.5459,124.90537
43.60078,55.581642,47.68584,138.53601,147.60309,114.769806,124.99363
41.915936,53.58405,47.58264,137.21667,146.59366,113.92024,124.71149
59.45038,70.69038,40.7451,136.20059,145.91972,122.17757,127.72388
59.354313,70.599396,40.374195,136.75609,145.56583,122.152466,127.63761
58.81341,70.34358,40.28145,136.59482,145.06987,121.94753,127.50056
59.15809,70.58889,40.06323,136.85608,144.83966,122.0469,127.576836
58.70203,70.12269,39.990635,136.89616,144.79144,122.00277,127.57219
59.372433,70.45188,39.991085,137.32481,144.98636,122.17362,127.398964
59.262325,70.34394,39.945904,137.35616,145.1382,122.094406,127.33823
59.50266,70.63713,39.97974,137.2379,144.9807,122.14951,127.43626
70.576614,80.65949,40.51709,142.77493,152.08975,123.065834,127.58951
69.543724,79.71251,40.146885,142.65312,151.18694,122.97793,127.56602
69.51442,79.499084,39.97293,142.48694,150.88963,122.88338,127.39664
69.67958,79.65929,40.22368,142.68918,151.39677,122.797585,127.38575
69.49017,79.62418,40.338825,142.77745,151.55963,122.83981,127.455475
73.752785,82.35268,40.786995,142.97792,152.07819,123.91856,128.1475
69.78837,79.72625,40.665554,142.94228,151.4954,122.58745,127.3569
69.46727,78.91929,39.420677,143.05861,149.97556,123.98249,127.47561
68.3885,77.91847,39.491005,142.88857,150.45271,123.53542,127.40422
70.41031,79.80216,39.523563,143.22157,150.14255,124.223885,127.95912
70.056915,79.42615,39.530853,143.30565,150.11066,124.1407,127.76646
70.17676,79.42776,39.414474,143.11653,149.84282,124.14087,127.67803
69.71936,78.76165,39.159153,142.96768,149.43176,123.92602,127.199715
69.7021,78.80268,39.3291,143.21043,149.89854,123.905594,127.277534
64.3143,73.93912,39.54697,139.72168,148.0721,123.923256,127.03004
66.52283,76.49191,39.61918,140.01727,148.12321,124.178444,127.33555
66.04216,75.36218,39.93721,139.25215,148.49481,124.29187,127.23157
65.730705,75.16214,39.87833,139.27249,148.35695,124.21518,127.20238
65.570656,74.99474,39.777027,139.17244,148.328,124.19698,127.20784
66.26178,75.51454,40.116783,139.49544,148.89308,124.329254,127.28431
67.4258,76.68914,40.0424,142.38315,150.45204,124.56143,127.8775
66.26466,74.54204,42.830795,132.23093,141.46654,124.25456,127.47405
64.96452,73.88539,42.094917,132.23007,140.74435,123.67017,127.28315
65.20317,74.05005,42.155853,131.19289,140.49922,123.64142,127.322914
66.25243,74.80074,42.604107,131.45001,141.09422,124.00194,127.39155
66.03443,74.5486,42.314922,132.15366,141.05666,124.030685,127.12741
65.77546,74.32346,42.35008,132.68523,140.73738,123.893875,126.965546
67.21368,75.52245,43.36049,130.05484,140.49615,124.26875,127.42769
64.874535,71.92183,53.05077,93.153854,108.56144,120.36784,125.126
65.062454,72.4219,54.048332,93.29124,110.544655,120.288734,125.31924
64.55601,71.68528,52.85797,93.7514,106.85633,120.43478,125.23905
64.583244,71.77121,53.316383,93.88034,107.963425,120.319374,125.20303
64.58986,71.79554,53.100143,94.03168,107.63007,120.32535,125.18132
64.3769,71.61018,52.84812,93.785675,106.820564,120.39098,125.33978
64.46228,71.734436,53.422375,94.32705,108.3158,120.48751,125.357635
65.11592,72.08739,50.785645,92.6513,103.93402,120.604294,125.603645
50.332344,59.17065,47.827637,65.82939,83.249916,122.35189,125.33487
50.170986,59.466835,49.06873,64.81302,83.96671,122.4775,125.44456
50.221348,59.7659,49.80458,64.89903,85.23022,122.13771,125.48223
49.48279,59.77459,49.34343,65.35424,85.032104,121.33251,125.60515
49.8699,60.011147,49.549595,65.20344,85.1939,121.53948,125.55738
52.506744,60.214615,49.41067,63.968597,84.04647,123.04793,125.642815
49.41519,59.712234,49.30002,65.130394,84.67377,121.41477,125.594864
51.23456,61.556747,38.059677,61.907173,64.00126,116.601585,127.94737
50.68341,61.478886,37.917973,62.146534,64.092674,116.04935,127.74095
50.511295,61.010628,37.726322,62.512825,64.95021,116.08279,127.520065
50.670734,61.142265,37.52737,62.144733,63.941128,116.11761,127.75558
50.687607,61.280346,37.535984,62.317406,64.12983,116.11251,127.69426
50.29873,61.10931,37.39063,62.69679,64.4361,115.935036,127.64653
50.314034,61.130367,37.387066,62.665123,64.43096,115.91487,127.642746
59.08754,65.32696,33.18192,60.010708,57.685097,119.71783,132.46048
59.083195,65.474,33.18986,60.263485,58.553017,119.84199,132.54317
59.190292,64.841286,32.92365,59.823627,57.724903,119.54149,132.31352
58.803963,64.63313,33.378136,59.483173,56.85478,119.42231,132.60814
57.92573,63.837997,32.828957,60.55883,57.549107,118.81414,132.2311
58.76299,65.115585,34.282585,59.641113,57.84637,119.125854,132.84956
58.985382,65.39267,33.791595,60.31872,57.57971,119.246056,132.64963
58.483273,61.841534,32.15306,57.229378,54.82295,118.76742,129.74113
57.388298,60.798386,31.976778,57.445946,54.82601,118.971725,129.31087
57.448494,61.015594,32.26523,56.85099,54.51508,118.61515,130.13155
57.86105,61.316257,32.504013,56.656902,54.357246,118.768394,130.37393
57.959057,61.772366,32.515793,56.629425,54.039173,118.7444,130.23004
58.137657,62.705997,31.982151,56.85134,54.01842,119.843735,130.4141
60.247375,64.018684,31.952265,56.683693,54.34327,119.59009,130.68951
62.625996,68.601776,28.70695,58.228016,54.83521,122.06628,133.26898
62.75008,68.84433,28.690062,58.006,54.70945,122.045555,133.39365
65.101845,71.584984,28.724741,57.101196,53.241688,123.225555,134.946
64.54155,70.16744,28.716654,57.853264,54.081955,123.04554,134.49878
64.7965,70.5132,28.687777,57.51506,53.829327,123.06123,134.53488
64.67797,71.256935,28.636518,57.389523,53.507698,123.39854,134.61058
64.092255,70.734276,28.814402,57.837982,53.8844,122.98271,134.60184
64.28751,70.40272,28.662703,57.490204,54.158722,122.654015,134.27287
77.02587,78.00881,28.08127,58.716156,55.07382,125.39899,133.19363
76.19107,76.522064,28.298859,58.943493,55.48933,125.40519,132.98085
76.906715,77.698074,28.049181,58.726734,55.275875,125.87912,133.3866
75.60187,75.96692,28.581179,59.4037,56.212166,125.16191,132.86143
76.27659,76.95608,28.396774,58.81367,55.608707,125.36295,132.87596
75.222404,76.320786,28.576254,59.15877,55.684685,125.25889,133.22232
75.97178,76.939735,28.362158,58.745476,54.971695,125.11807,133.19855
77.18915,78.358864,29.018799,58.335285,57.717655,125.763245,132.82799
79.94246,81.994804,28.915792,57.124916,57.110786,126.6558,134.04752
78.35441,80.320175,29.071865,58.048073,57.716064,125.826515,132.85849
77.32685,79.40614,29.1237,57.805645,57.477425,125.55937,132.72704
77.2142,79.266884,29.394455,57.734623,57.303257,125.85922,132.86128
77.87906,79.977776,29.334366,57.474773,57.264942,126.2619,133.31047
77.83533,80.04837,29.306318,58.205585,58.02457,126.390854,133.2073
50.94018,56.649464,29.566477,65.22743,61.906685,119.9732,130.33678
53.798046,60.024483,29.337843,63.82776,61.669945,121.3321,132.48291
54.289013,60.24533,29.145943,63.817158,61.986427,121.775795,133.05765
53.794,60.139553,29.069328,64.27338,63.683704,122.2959,134.55002
53.19433,59.932617,29.248411,63.95836,63.27427,121.59065,134.7158
51.690994,58.260895,29.30157,64.46194,63.423344,121.20581,134.40642
52.16424,58.904076,29.30573,64.22147,63.216293,121.33322,134.5744
50.868847,57.649334,29.466452,64.42478,63.241215,120.58083,133.73259
33.711914,41.580418,32.093155,84.17211,79.18363,122.1659,138.49724
34.33801,42.37193,31.963614,83.67799,79.77196,122.225494,137.89096
33.7152,40.717327,31.793764,85.98993,81.991356,124.25955,138.44756
33.693554,40.825157,31.669775,86.76577,82.184074,124.45366,139.19821
34.703754,41.707676,32.14046,85.34175,79.01795,123.54382,136.88864
35.996357,43.23477,31.894533,83.887535,78.25003,123.89944,137.19781
39.007927,46.58057,31.74668,80.09997,74.41182,124.26859,137.59148
53.933723,59.185333,29.105251,62.42866,61.63375,126.759155,142.18051
51.1316,55.51977,29.490005,65.57971,64.8691,127.02413,141.44559
56.195473,61.81226,29.089514,62.029945,60.907394,127.58394,142.97783
45.921707,50.366066,29.606602,70.58719,70.30918,126.688774,140.84477
46.67819,50.85933,29.720156,69.75562,69.26331,126.747894,140.7812
53.701553,57.836323,29.31588,64.82143,63.406513,128.27019,142.49
45.365513,50.528572,30.348291,74.25872,73.59822,128.82803,143.33821
51.58399,58.047348,31.945425,70.87674,74.24111,139.34537,144.56233
53.600864,61.27608,31.453518,67.827515,71.05797,143.81465,146.96751
52.40348,58.97893,31.248438,70.0992,72.66956,140.28313,145.89713
52.19302,60.732357,31.648329,72.38039,74.85198,138.2852,147.31528
52.19302,60.732357,31.648329,72.38039,74.85198,138.2852,147.31528
52.19458,60.608444,31.577055,71.988396,74.45241,138.03123,147.3372
52.19458,60.608444,31.577055,71.988396,74.45241,138.03123,147.3372
63.230827,72.79284,31.288357,67.41876,64.75524,124.66935,137.67896
63.499786,72.769226,31.336899,67.47781,64.69016,125.09831,138.04741
63.337914,72.91813,31.231234,67.25868,64.55937,124.280396,138.10103
63.263462,72.93319,31.23224,67.45682,64.4716,124.27411,137.5944
63.433403,73.11015,31.283958,67.38416,64.44194,124.24563,137.71164
63.433403,73.11015,31.283958,67.38416,64.44194,124.24563,137.71164
63.433403,73.11015,31.283958,67.38416,64.44194,124.24563,137.71164
63.433403,73.11015,31.283958,67.38416,64.44194,124.24563,137.71164
66.97019,75.85966,33.823135,71.25301,68.01057,125.24349,137.71571
65.43448,74.46458,34.835915,72.10536,69.11662,125.15301,136.8229
64.766205,75.3983,34.751102,71.09719,69.03037,124.24052,138.79991
64.02162,74.852684,34.980495,71.32671,69.27307,123.78831,138.54555
64.43697,74.28065,40.248184,74.85648,73.303375,124.42656,136.93684
64.122154,73.86433,40.446228,74.98618,73.81232,124.5244,136.85182
64.01479,73.797035,40.43474,75.37464,73.75388,124.26538,136.74399
63.59638,69.25952,59.710495,115.73266,138.79178,123.678986,131.61584
59.519302,64.27177,57.382446,115.98133,135.4481,123.90596,131.15584
58.03721,62.854534,54.9592,118.88021,134.84155,123.75394,130.69319
60.26568,65.09539,56.788776,115.51259,134.86972,124.412766,131.34178
58.027138,62.22673,52.85513,116.67382,131.39139,124.40753,130.50987
61.526634,68.82164,61.14318,114.82579,141.10123,122.36575,132.97546
58.119175,62.499752,53.0499,116.746735,131.93507,123.768486,130.54248
45.018578,56.960663,43.648132,138.33112,149.2164,115.40655,124.56767
45.081734,57.08488,43.10391,138.30183,149.17654,115.40698,124.69438
43.605537,55.971214,43.053627,138.38687,148.95781,114.81725,124.083176
44.129417,56.51742,43.35973,138.47273,149.08748,114.61305,123.77555
44.34417,56.727985,43.38917,138.58727,149.13542,114.59319,123.765205
44.347916,56.928455,44.123684,138.70557,149.69385,114.317566,123.67546
44.286858,56.776814,44.02283,138.6209,149.57002,114.29083,123.58092
43.983425,56.53333,44.02096,138.59502,149.49318,114.31348,123.65826
66.63214,75.344475,41.975983,144.89597,154.40349,123.02156,125.88435
67.00626,75.63198,42.151833,144.63081,154.28825,123.206154,125.97744
67.22911,75.74537,42.204254,144.55508,154.14525,123.448135,126.030945
68.41418,76.397964,42.15459,144.71957,154.07898,124.42265,126.477585
68.47739,76.59529,42.113853,144.77017,154.11865,124.39055,126.515205
65.86223,74.800095,41.511612,144.55745,153.41446,122.88108,125.991394
66.87589,75.19924,42.11003,144.73602,154.18692,123.5634,126.02067
68.141594,76.48501,41.09864,141.73062,149.58182,126.31699,128.33966
67.942566,76.26473,41.31939,142.19751,150.80144,126.018486,127.9055
67.08601,76.16365,40.845905,141.66031,148.30244,126.2486,128.46065
66.23406,75.784996,40.46201,141.96767,148.25475,126.11004,128.48509
66.54429,75.89822,40.62542,142.22943,148.8713,126.11367,128.36124
66.54538,75.84357,40.528652,142.68779,149.46198,126.08272,128.24945
66.195564,75.55105,40.44818,142.39157,149.01189,126.088875,128.28737
64.87377,73.45649,44.105003,140.37027,151.66481,125.58752,128.0329
65.24878,73.947,42.21277,140.91084,150.75418,125.59619,127.83187
64.15866,73.00373,42.565617,141.64723,151.13882,125.09551,127.64713
64.357605,73.28671,42.213337,143.09909,151.74695,124.87507,127.481705
64.51818,73.327,42.921467,140.6933,150.94994,125.41433,127.89389
64.19399,73.07939,42.749622,141.47934,151.09052,125.200226,127.725266
66.30847,75.41212,42.491222,141.80478,151.48694,124.77135,128.34048
65.79843,74.87818,42.007793,139.45943,149.60022,124.399734,127.58615
63.754158,73.07771,42.232525,139.0085,149.0349,124.02794,127.12396
63.958645,73.35766,42.34803,140.15924,149.84009,123.83732,127.14978
64.166336,73.38205,43.076637,141.18327,150.87608,123.89121,127.19115
63.955837,73.36868,42.657005,141.31482,150.57281,123.70809,127.137054
64.12464,72.44463,42.189854,141.01152,149.61276,124.238556,126.80259
65.43471,74.2156,43.901405,142.26118,152.21944,124.179306,127.74292
70.004196,77.99131,44.361214,140.53894,152.09244,124.93164,128.27556
70.88014,78.65489,44.300747,140.4454,152.04863,125.04528,128.28119
69.68675,77.76339,44.239563,140.83763,152.06233,124.75121,127.893906
69.890976,77.94985,44.198414,140.86475,152.12361,124.808945,127.99443
69.77726,77.83303,44.28678,140.76073,152.0894,124.77976,127.98454
69.81491,77.83611,44.30428,140.89339,152.14967,124.77546,127.97087
69.75618,77.7732,44.340027,140.7699,152.09416,124.777756,127.9552
70.872574,78.67258,44.87661,139.26828,151.74608,125.03066,128.00748
69.833664,77.345726,44.14125,135.69699,148.34091,124.895164,127.558586
71.70841,79.36832,46.735535,132.12369,149.64558,125.28889,128.07161
71.102135,79.007904,46.716053,131.84589,149.63695,125.31096,128.05077
71.88205,79.74168,49.339184,127.53715,148.87608,125.9109,129.02913
70.91746,79.012245,47.808002,129.54344,148.51442,125.664246,128.9933
68.80193,77.02274,45.222248,133.17032,148.64519,124.96909,128.60033
71.606636,79.572655,49.154026,126.77363,147.72815,126.177086,129.48387
71.527824,77.31762,53.26641,108.71721,133.27258,127.81087,129.34473
70.611755,76.22866,53.25172,108.79923,133.29681,127.70029,129.2627
71.7411,77.70344,53.702206,107.24119,132.67044,127.60697,129.25589
71.34019,77.75915,53.15825,107.37069,131.90363,127.582,129.51408
71.44703,77.71783,53.150883,107.17303,131.61644,127.73475,129.52907
71.11198,77.37523,53.707706,106.68448,132.28395,127.368256,129.3992
70.753784,77.08154,53.675343,106.86077,132.4154,127.34331,129.47858
61.397816,69.670456,48.805313,84.04184,101.97075,121.38747,124.87545
59.88892,67.84428,48.51027,81.87174,100.61738,121.25723,124.46098
60.377823,68.71551,48.81002,83.407776,102.01058,121.09736,124.62625
61.202427,69.44818,49.108143,83.75671,102.80352,121.32869,124.81677
60.04925,68.246346,49.25844,82.76391,102.43464,121.2629,124.613075
59.97836,68.289795,49.172764,83.40222,102.57746,121.21256,124.71591
59.99207,68.24585,48.737064,83.048195,101.90501,121.173584,124.6781
61.14535,66.93026,41.352543,69.49404,79.013084,121.26833,127.05468
61.020634,66.81332,41.240677,69.348236,78.65336,121.455864,127.04946
62.535404,68.27894,40.98817,69.49305,78.31125,122.04687,127.25455
61.112396,66.71824,40.67476,68.94384,76.23413,121.857956,126.95399
61.245388,66.93744,41.273895,69.09755,77.17479,121.66083,127.084076
61.551025,67.58334,40.73643,68.77512,76.33441,121.959465,127.268684
65.22906,70.915955,39.208405,68.390884,74.22646,122.564186,127.82701
62.816727,68.28979,34.518597,65.06013,65.66855,121.632,126.803764
62.75499,68.33713,34.084827,65.33341,65.84754,121.55041,126.84752
62.803448,68.26684,34.64417,65.22054,66.05835,121.66175,126.947784
62.375034,67.97742,35.179688,65.267715,66.3744,121.38625,126.83576
62.012344,67.72663,35.39704,65.16797,66.7808,121.46119,126.945694
62.525326,68.09784,35.470757,65.1145,66.72732,121.66664,126.95697
61.920906,68.24483,35.81665,66.07586,68.21038,121.48215,127.1773
60.999985,67.10377,35.51076,65.32347,66.71257,121.370804,127.12193
57.83898,62.263763,35.47522,62.248238,61.550026,117.99448,127.67508
57.97488,62.496494,35.29902,62.120533,61.514088,118.105675,127.616585
57.72769,62.306854,35.068684,61.941597,61.586018,117.752594,127.92185
58.09174,62.78073,34.875053,61.662548,61.566544,117.90247,127.76072
58.17156,62.863037,34.590748,61.588966,61.415035,117.99327,127.81469
58.1553,62.66858,34.829353,61.449543,61.39303,117.885124,127.64962
58.11343,62.698307,34.81393,61.62192,61.431244,117.91193,127.69801
62.108833,69.04172,33.600834,60.901337,57.04442,120.92888,132.45361
61.875233,68.2793,33.58834,61.518787,56.848503,120.742195,132.24768
62.176723,68.708084,32.816917,61.38219,56.519604,121.316475,132.29285
133.09369,114.96572,60.199966,62.944042,60.99125,144.70349,127.712616
132.95935,114.27615,73.27834,60.18392,50.872692,144.0383,125.115974
133.66563,115.36259,78.01069,60.905407,52.106983,146.47983,130.9823
130.93048,114.937775,83.48607,65.299644,56.867893,145.31485,134.24237
128.38466,111.815735,77.534706,60.388206,45.177887,143.05138,134.47235
127.55814,113.11128,80.1528,63.660175,47.054043,144.10826,139.86456
131.3901,114.34725,90.62338,74.18538,55.830727,146.64244,134.06148
118.037926,93.11031,70.5301,81.841835,88.24532,145.33842,131.76874
105.13681,74.84099,74.74323,84.44197,99.35397,142.91898,138.39279
90.44394,57.96865,69.99487,119.20037,159.06052,138.14429,133.2277
78.918396,57.03112,66.934654,120.59322,161.49861,136.80759,135.96439
83.84236,60.00743,66.039986,119.58675,159.87276,138.0846,137.10011
71.59612,58.302616,57.331055,132.64699,161.59048,136.16763,137.27264
85.0671,65.60496,57.847797,126.11058,157.97527,137.1596,138.91788
88.344765,66.73681,54.618217,119.55766,154.02556,138.73984,137.28532
83.58121,62.264904,54.519276,121.46145,160.08873,137.43634,141.1318
83.73308,67.5792,57.222336,128.00677,160.23938,138.49739,139.31966
70.976715,57.96573,54.43734,142.6501,169.35132,136.71007,138.42784
62.697937,53.97637,51.045216,146.86894,173.22014,137.57298,141.77977
67.8061,55.88993,51.010513,143.46223,171.81413,138.56549,140.04697
75.50882,57.81369,55.45345,135.67062,164.99011,137.02882,139.79358
74.928665,58.05431,51.641033,142.28644,167.09125,136.31027,134.09999
77.541306,59.919205,57.216827,131.70456,163.06876,138.41002,137.75638
80.904434,62.756042,64.93866,117.21612,165.664,140.3479,135.13431
82.22691,65.63278,59.804882,120.67337,159.25143,140.19327,136.43274
85.79124,64.08874,60.863403,122.16935,159.32092,145.21912,137.42224
76.515915,59.911186,59.774944,124.74034,162.56111,140.06288,137.22607
87.03,63.82569,59.40739,120.11228,162.98668,144.41866,137.5149
86.33027,64.619514,61.425133,118.25008,163.96762,142.9592,137.85
82.56912,62.479973,62.398182,123.39752,164.56386,140.53548,135.91934
81.09504,62.087845,61.59607,127.54271,168.59401,140.15674,136.42307
80.381676,61.44244,54.970352,125.64568,164.86916,142.01201,136.92061
83.83649,62.612373,57.132816,121.22606,162.39938,141.52245,137.3851
81.743645,61.32804,58.09661,124.631615,161.51578,141.04477,135.83762
86.06164,64.99383,58.827137,120.701706,159.74922,143.00284,136.42064
80.88989,59.848164,57.5516,125.46484,162.10608,142.07977,137.2422
85.34424,62.326614,57.48978,125.41689,163.37209,142.13551,136.46053
83.8391,63.174984,56.837425,125.47945,161.72037,142.00047,137.06816
85.88955,62.801163,56.294773,123.7439,164.42375,142.72702,137.9781
81.55045,60.581604,55.601967,128.26765,163.73969,145.33107,142.89319
75.13416,56.37882,56.78201,131.16902,167.10522,143.92792,139.94495
86.2978,64.164276,54.858315,121.10242,154.1018,142.98346,134.50502
88.37468,64.722725,55.684826,120.317245,153.73357,143.48544,133.85577
84.58729,64.236916,56.925995,122.43693,154.06915,144.3168,135.8088
88.52136,65.86822,54.923378,120.86537,151.6578,144.22987,138.346
83.00994,57.582603,54.334274,119.72762,155.04816,145.44987,134.43584
79.13125,55.83821,52.305336,126.81296,158.05513,146.44415,135.74913
82.12863,55.40831,53.487225,120.56969,155.09875,147.26106,135.44551
86.691925,58.715862,53.19348,119.084206,152.18071,145.97968,134.11302
83.99226,58.870846,52.974197,122.195946,154.74614,146.0809,135.93254
86.88092,64.813354,55.67342,122.16574,156.75548,146.74191,140.4011
81.25017,58.944202,53.7388,131.26714,161.02376,142.83441,137.23454
77.11171,55.05081,54.33894,135.68869,163.04936,136.50485,135.6434
83.19511,61.498432,59.015575,129.092,163.02118,138.19313,134.80101
82.86819,63.750973,64.55284,126.62725,162.79944,138.34625,136.09222
67.14992,58.879833,64.86747,131.23405,163.58664,132.93968,136.40472
88.461044,63.241447,69.41849,118.10563,158.6646,138.27977,133.83539
85.51077,57.5371,72.24553,129.13881,158.5268,141.60117,131.56743
103.69553,72.08869,74.33567,101.223595,129.54213,145.80025,136.70445
102.75201,69.21217,77.13148,101.65936,136.26767,143.47795,139.51367
121.40661,93.902084,79.35457,79.528,92.55666,147.79002,147.56856
118.151955,88.68676,68.92278,71.0075,91.41711,142.11533,140.47832
106.696396,78.73068,62.650787,74.342026,87.142654,140.23627,141.24364
113.83263,88.77033,64.939224,74.90824,91.75913,139.69833,138.00085
119.97642,83.086555,63.654785,70.52156,77.14011,137.91379,120.226265
118.91627,83.83169,67.152405,75.88217,82.97014,134.42833,123.647156
118.421104,80.84532,65.15709,55.575756,52.948196,129.23366,101.51359
122.36269,93.348434,61.424988,52.60643,49.231407,132.73813,114.733345
128.95319,92.18511,66.37348,52.67347,47.41975,136.16483,108.91175
129.66473,97.28037,61.635475,52.071335,49.63664,138.07605,110.79409
130.06778,101.15139,65.45371,41.244755,32.812626,136.16684,109.01447
131.42325,103.67362,78.60155,46.307514,36.977753,136.35701,109.212685
133.52965,106.74368,83.954155,47.853657,31.034859,137.74089,113.429436
134.03362,107.22383,79.25207,43.705265,32.848713,138.40305,117.93653
131.31082,102.63757,71.19574,39.324047,34.186176,136.8438,109.46737
135.73349,110.82653,80.99526,42.72104,50.601444,139.93275,112.91738
135.17911,109.658325,71.53953,36.998287,40.499294,140.21298,114.24138
133.68687,112.44122,70.090065,36.44782,43.095516,136.26945,114.922966
132.72046,110.49643,60.589622,35.366753,46.675854,137.6862,114.674194
131.27469,110.85162,56.924084,37.250652,39.62722,137.27205,119.9421
129.23062,114.65349,54.089428,32.293377,30.938,135.7177,126.66009
123.788376,118.66162,62.16033,34.69112,37.796303,129.29904,122.86838
124.86443,112.90774,52.640617,35.142662,33.498596,132.57945,119.732254
130.0034,107.02988,51.95407,28.077332,22.244495,137.08385,114.53401
130.42319,110.761444,56.655178,31.48153,30.893295,139.00053,118.70904
129.25102,110.30948,57.372684,33.833416,36.17404,134.8698,113.92132
131.39343,109.43551,63.186966,39.3624,48.543804,135.45605,108.835304
131.13719,113.004745,70.13007,52.487106,78.75505,133.79195,108.74376
128.50264,107.688705,69.77403,39.475594,39.346283,133.5693,109.69975
130.40546,104.00148,69.26107,42.86986,52.217945,134.29544,107.210365
123.96679,113.088936,74.94948,57.88508,93.93755,125.4257,111.10716
124.19073,116.866646,80.70382,48.880795,53.766415,126.76037,119.97889
125.751396,113.1713,74.54649,45.24439,42.430016,129.38467,117.3226
124.26984,116.78966,63.91979,48.447346,46.015694,126.82497,122.917755
129.85175,112.4814,70.07186,51.220795,63.948044,133.05382,116.1496
125.489624,112.33574,75.14888,54.868336,49.91878,126.20428,115.27679
129.45769,115.47189,64.617905,56.253662,72.918785,132.25143,124.387054
125.82487,112.45275,54.441994,49.222084,55.36569,134.54973,123.990715
122.20011,109.38589,56.226215,58.05958,68.429474,132.8268,130.7097
126.3203,115.471596,59.495136,51.75731,52.916824,137.40532,137.31053
124.19726,94.69596,64.223465,51.74102,49.401073,133.54704,109.09959
127.79516,111.60148,65.7963,59.97524,77.152336,134.45981,125.363304
126.69297,107.024635,62.4258,72.06222,81.309044,133.9511,120.68586
129.25658,92.52201,63.02405,71.16825,84.51521,136.96988,102.735565
129.92834,96.09051,69.161125,69.950615,76.73033,134.53876,100.54306
127.89154,102.626595,62.972565,70.04065,82.05863,136.74458,114.94418
127.48599,105.56112,70.461136,77.58709,88.86161,134.27426,118.86019
129.0973,106.193344,73.91408,67.08826,71.267395,135.49475,120.2926
119.687546,94.31622,58.77189,83.70535,91.667625,135.54155,122.38507
118.5307,91.87276,58.306007,66.95011,71.607056,134.70065,120.676704
110.53906,78.316345,58.121532,65.20574,67.186104,133.37181,122.27516
119.09627,96.19858,72.41125,65.32082,64.88375,136.69543,127.65282
126.29997,108.57515,88.97483,74.77288,63.93617,142.69669,133.5829
113.64081,82.68574,82.753586,86.30354,95.20176,145.5624,140.4716
86.70353,62.15768,68.968025,89.81383,106.254295,139.86606,141.0532
81.29398,57.40011,76.644775,107.88672,132.7156,141.48643,140.0151
67.224846,53.414505,63.802643,131.36565,152.64914,135.40948,140.0733
75.6585,57.37388,69.67458,121.47636,160.43668,136.4422,141.3493
77.8136,58.69289,65.68542,122.201096,161.61174,134.14064,140.78656
74.76377,60.83813,62.838932,123.88686,162.83286,137.43118,142.28915
68.32226,55.748142,68.13097,121.903625,163.26315,137.38089,141.37978
73.76521,58.57163,58.832447,122.51919,157.40512,139.53719,140.59886
65.80376,64.10629,62.932568,144.15663,167.82649,137.78778,147.53929
69.93361,65.41898,65.273384,134.81389,165.42581,139.43106,145.20786
76.91738,60.16384,62.021706,126.618904,165.30684,139.67487,135.77173
70.84872,60.958466,64.61125,128.03772,167.90256,130.51265,141.03209
71.40308,56.230953,60.282433,123.599205,168.19936,136.84166,144.79558
69.55901,55.743046,58.264866,130.65207,165.75491,137.13107,142.66696
71.37355,58.283566,60.303654,128.15117,163.59955,135.78897,136.3306
69.717064,54.655857,60.241917,129.59311,163.46213,140.18898,138.2718
66.121635,56.82951,60.933117,134.07793,163.47542,140.7026,142.00511
62.628624,52.35396,66.39545,135.17116,170.80838,142.76363,142.5287
65.57948,52.625027,65.92543,129.76247,166.07411,141.95665,142.10773
62.89346,49.60336,59.1132,135.83734,168.06242,142.04918,141.90514
66.67329,48.693417,65.55753,132.63924,168.44199,141.43364,141.63637
65.69184,54.018684,59.263588,130.44669,160.94681,140.12135,142.48048
63.014748,52.860218,60.596416,134.37407,167.88646,141.37175,142.20244
64.34687,55.498,64.75416,127.15563,167.51796,138.56155,139.97734
62.42852,57.954502,68.825966,132.53107,168.42519,137.8027,142.87076
69.58675,57.91487,67.32548,130.73587,165.94438,141.58232,140.41165
66.035095,54.798203,61.247177,135.63405,165.02882,142.4472,141.30968
60.332287,52.635555,63.056427,136.76176,168.1135,139.6527,143.0053
62.438156,54.9354,70.26253,127.96255,169.19954,138.6689,142.33107
55.844093,53.04243,56.762325,140.64578,168.81961,136.728,144.66556
58.036884,54.613636,64.85611,138.99939,168.79938,138.26013,146.84964
60.958588,57.37221,69.85099,129.423,167.40028,138.6199,145.24625
65.62061,54.353622,69.42463,128.5719,167.84688,140.32771,140.76942
62.95061,56.891403,69.66694,129.85934,168.0581,139.48396,142.46323
68.96184,59.216957,68.30242,126.63304,163.52641,140.21642,140.64122
65.4705,53.5281,64.74236,129.07838,169.15523,141.06282,139.68056
69.07885,53.670097,60.99627,123.763374,163.49863,139.98477,138.6285
72.081604,54.523945,71.23705,122.72213,167.61684,143.42067,142.1673
69.51571,50.24844,64.017944,130.1128,169.0062,144.94312,138.3794
70.11551,51.507587,62.62644,129.78255,164.96805,144.34737,139.77849
76.55455,49.659023,55.964172,126.857025,165.92624,145.87502,139.94638
70.5072,54.11312,61.984306,131.27434,163.22594,143.72516,142.07002
59.65189,52.335808,66.90535,137.11128,164.82788,141.6655,144.9466
54.280113,55.80824,68.60042,142.81079,163.74028,137.73807,151.33575
67.90799,59.368896,70.29914,116.74619,156.95396,134.64026,138.96774
72.23982,55.70444,77.97932,124.16237,152.14658,145.24644,143.47212
66.21978,51.575935,68.29873,134.88315,153.51718,141.17213,141.10658
79.805534,53.107964,76.06071,97.06179,124.94759,145.95906,142.58122
98.51286,67.614555,75.24415,76.214615,94.102905,147.90327,143.6431
101.74017,75.34139,75.51151,68.0061,83.1805,148.63881,145.48004
107.44726,72.83724,90.87033,80.069855,104.49262,147.65448,146.67511
110.49455,82.48416,70.332466,73.20584,107.48621,146.91887,145.50693
109.42785,80.67093,64.24357,67.81152,74.64561,143.07507,139.6073
116.45494,90.025566,68.61594,58.992245,60.510952,138.0924,126.12632
127.3104,99.231155,74.20056,64.49074,72.78768,141.62303,124.656586
131.98634,101.24675,64.551346,73.900734,87.44876,143.87413,124.73582
128.38132,108.31607,68.935326,55.368603,56.32812,141.44617,132.35202
132.0651,103.8395,73.85281,59.454975,68.954796,142.40527,129.28947
134.38547,107.601456,80.64462,59.369164,60.089638,140.5834,116.388466
132.44446,113.5166,74.73628,61.084713,83.76135,138.25945,123.07898
132.13191,108.729546,70.44162,52.14394,65.332184,137.95638,115.079895
130.02686,113.02655,74.71366,49.623615,62.96318,136.23885,124.472885
131.06213,118.166695,73.48057,47.697285,63.925186,137.6224,131.29852
125.93568,117.74954,72.237686,42.125984,65.16926,132.45901,131.81413
130.8348,116.20992,69.93311,40.402752,54.55153,136.45453,124.12106
132.77234,104.56814,65.367615,35.785862,30.01697,140.0863,118.09355
131.20143,108.74573,54.17338,54.087437,60.939503,137.77838,118.89401
129.37848,105.30153,56.241886,43.052273,45.15479,138.04227,115.264
131.0173,101.90387,56.12068,31.586248,28.646236,137.83394,104.83098
130.45299,100.46089,57.118126,29.320372,24.753677,138.41241,110.08402
128.76994,106.02861,54.93337,29.243896,25.681137,136.88876,112.475945
130.98402,104.55628,54.311413,31.583445,30.259277,137.73929,110.72752
130.73192,105.01667,54.307465,31.599592,29.513628,138.62833,112.72412
130.51616,99.391884,54.165787,29.468374,25.174206,137.93105,102.91566
127.85696,102.26067,51.101284,33.756252,29.751244,135.02217,105.57583
130.15361,102.51794,60.190506,34.75734,32.179955,137.99722,118.07197
122.68804,110.79219,63.075237,35.518593,26.819344,128.01208,123.45116
126.97463,100.92045,53.51576,34.64246,35.272423,131.80084,106.32738
127.33215,110.73905,62.072727,44.249287,57.44625,132.40308,113.33473
121.335175,115.8736,62.52049,65.00669,86.645996,123.227394,114.55171
128.32663,107.194695,59.60671,47.187843,48.279984,131.43764,109.46823
128.85196,114.82161,68.81157,51.196632,62.23175,131.51012,121.29147
128.33133,112.57066,72.68953,49.928787,51.981113,132.84506,115.64489
125.73065,103.53541,64.413795,46.61166,42.86458,130.83487,103.97082
127.620544,105.28441,58.995197,50.746986,51.298717,134.2617,106.96167
127.30973,111.41164,75.81125,60.998386,104.61155,131.99986,116.73246
127.02245,107.81084,75.84018,62.0225,85.70645,129.16824,106.99987
133.08704,112.703636,70.06294,56.504135,78.02505,138.61916,128.35657
132.56487,111.41651,71.70481,67.83943,110.10239,138.35678,122.68311
126.906235,106.33999,70.67113,54.397396,59.208523,132.38821,124.566635
121.80369,120.079445,75.74959,66.97867,90.83725,125.55294,130.05649
127.20392,113.852104,65.83251,54.159515,59.47763,135.26282,134.0428
130.78639,105.14256,68.37926,60.065937,76.14048,137.76205,121.32333
130.8387,109.39795,59.497208,77.3669,102.99109,140.33482,120.535126
127.252335,104.91292,61.386124,62.626514,82.85321,138.05592,128.79974
127.33136,106.07723,58.89409,64.2415,74.17253,140.2199,132.08322
128.51929,111.970795,53.94373,72.99097,93.778305,139.97862,136.72423
135.59056,110.002365,64.17295,76.37196,95.53479,143.76573,130.68338
124.610664,111.81358,57.890015,75.53764,69.69091,136.84766,136.38783
126.70047,100.82637,63.546825,66.837135,63.84321,141.32198,123.5972
119.88552,100.24522,71.02389,55.02298,43.817955,138.40361,128.18332
128.4988,104.18544,64.949905,57.911915,58.737362,146.19415,132.31577
109.97218,81.76246,53.074318,80.66047,86.42113,143.30968,130.42867
111.36695,88.144356,68.42759,71.95865,75.77317,144.39311,138.77953
95.17252,56.50484,69.60242,76.72127,90.67843,144.64828,141.85306
80.48227,50.50789,61.710648,104.37807,116.87516,144.71234,144.91446
70.32283,50.42388,62.194073,125.221375,142.14787,142.79753,149.80904
69.68279,43.365826,55.599464,147.33397,160.01035,143.88872,141.47018
64.83707,43.72697,51.411636,148.60217,165.33952,140.82741,141.62741
69.82155,46.20967,50.54015,145.82492,164.39566,143.08028,143.19417
68.44243,44.518463,65.91623,134.19643,173.43779,142.6638,140.03563
70.2059,48.411076,54.612186,136.31454,160.78076,140.40666,137.29971
65.20624,45.30817,56.033146,141.21208,164.17694,140.73569,138.35376
57.238518,47.914265,48.962147,150.19185,169.6162,140.03308,142.53934
58.84508,43.192455,48.55658,147.27853,168.28404,139.94865,143.40689
68.2804,49.868073,49.958355,139.5643,164.03354,140.81781,139.23047
64.20599,50.616245,57.26304,134.42726,166.33264,139.86063,143.0608
62.891735,51.32882,54.484524,140.03339,162.08115,133.93048,141.95267
73.44325,47.764683,61.818535,133.05797,152.82352,144.73236,136.47588
74.86517,50.145134,57.443897,131.28725,155.50504,140.80893,135.19142
58.02914,49.075333,82.82473,147.48033,161.48077,133.9056,150.71535
89.91186,72.99397,127.45105,145.94434,100.281525,159.99966,87.84597
104.771225,98.37502,127.95442,108.46353,107.89342,169.21123,137.32343
108.433914,95.58294,121.75415,54.431828,105.48017,168.26558,119.18114
91.53984,97.78897,130.25612,111.108086,113.10773,165.61746,138.31918
75.92894,71.85875,128.95503,136.26599,109.02905,154.54207,152.01845
67.63868,67.4907,128.23825,147.26778,107.47484,160.57854,156.23743
62.51053,76.36552,129.82478,152.94049,126.907425,144.79248,166.35677
75.19079,77.79988,138.72382,153.0057,143.39435,148.58011,166.29756
69.41227,86.82938,122.99094,149.5168,145.04425,144.74034,164.68117
83.38156,87.331024,129.23676,156.2624,157.17831,150.16702,167.06752
81.81518,79.15153,126.93337,158.15697,161.23639,143.93549,162.3227
66.130424,73.4908,101.861824,178.54787,159.95581,143.71013,162.94373
67.5131,74.488075,100.88258,174.22144,159.72769,148.85487,159.18431
71.06456,71.115875,113.131134,178.27727,162.90363,145.17296,165.98444
81.085785,65.6887,115.152954,164.1956,158.10284,144.98088,167.86844
80.82852,59.305553,114.40403,160.0392,156.45697,150.30313,170.22623
72.28299,75.52563,124.01571,164.88124,164.99525,143.79703,160.534
71.60692,77.10583,112.022995,163.25883,158.50148,148.38385,166.54167
81.84286,58.449253,116.90568,162.28783,156.19968,160.92651,154.1154
76.753426,68.4451,116.69582,160.43906,157.50688,147.87761,166.89047
71.50758,69.10804,116.860405,163.03577,160.50296,153.91478,172.56169
77.009,65.36204,117.06012,159.57246,155.4578,149.52692,169.22563
82.41966,60.999527,123.430504,157.93321,150.5113,150.66615,167.75513
73.30115,86.076775,123.215065,159.36147,147.91566,141.22333,161.29478
77.204865,86.052155,134.33089,152.5173,140.93317,154.20113,162.74663
75.85984,82.5185,139.03575,136.2039,136.38199,146.27295,160.76363
74.788956,81.77166,133.14832,106.28213,132.49309,142.08232,162.70969
65.96126,81.59838,132.55956,143.91658,120.0337,154.76839,165.74133
61.998116,79.05556,100.94711,135.26447,108.79672,153.02226,163.89925
79.72188,83.05679,130.63869,131.63976,107.44506,155.37476,159.89484
91.34722,92.5964,125.97599,93.47875,103.97297,165.6548,157.65224
86.79587,102.00253,117.254715,79.08479,91.29559,162.11299,148.392
92.263054,96.40508,120.420654,89.2148,90.55146,167.22229,62.30128
91.57256,104.48025,119.60536,98.22424,82.3614,166.80528,161.22433
92.59742,93.66459,109.927284,101.61611,78.68469,167.71613,55.383503
113.077255,99.54125,112.76428,100.038246,77.79173,168.20854,165.29839
91.98305,71.52058,108.51776,111.337654,75.39449,166.45644,130.72652
111.61633,97.69921,111.16201,102.27182,77.23711,167.42593,76.76585
86.69242,91.075645,110.93156,135.10359,76.22283,165.14476,56.423676
78.10727,68.370514,106.04856,139.04607,77.87435,165.81163,116.27776
101.753586,80.98733,111.569305,130.95314,78.69723,166.66081,105.03117
115.05755,78.883896,114.30814,129.78627,81.24174,165.52042,146.27382
96.52139,92.192604,116.22938,136.73857,80.987175,164.30794,138.02437
90.52689,55.85593,96.34831,113.11384,81.09898,158.85837,121.953674
85.00059,81.1007,117.14603,140.86667,81.09109,164.5441,49.561497
100.95789,94.36494,115.587395,139.53392,78.26452,164.27673,147.03166
102.54993,99.8264,112.2902,134.968,72.69957,162.59189,159.60393
119.82023,78.66504,107.47639,101.59735,71.12169,164.34009,146.67125
111.77799,100.17087,111.694885,115.20575,74.18468,163.42668,154.01813
106.60127,95.31309,115.09503,136.5537,78.55898,165.92998,155.32466
95.09795,96.28993,105.377686,135.90057,79.34295,163.44589,150.83528
102.369705,83.570786,101.810524,120.64453,80.40619,166.02194,119.4821
86.55903,70.37556,112.488846,125.235504,83.72029,162.38899,153.44235
100.35683,69.12807,99.30564,126.051926,84.25693,160.87146,45.447464
113.894264,73.02295,87.1471,117.858025,94.42143,159.77335,132.14087
102.16562,93.80243,104.489395,112.91092,81.49902,166.71756,147.09666
99.696884,99.675995,99.30369,120.63739,90.68658,167.39424,66.34307
80.823074,86.55381,118.67901,133.89624,86.03688,156.70624,152.30681
102.63696,101.2756,108.88132,87.75868,80.58455,169.1609,146.50687
109.70623,87.54435,115.46185,71.16152,86.292465,168.84332,161.86316
107.08541,107.122475,125.74558,127.014244,93.42069,168.58867,146.08896
116.62407,105.699455,136.74799,129.0413,112.37954,168.15402,170.1239
96.23668,113.36178,129.5327,128.4401,103.18194,165.05861,152.46404
89.931305,101.415405,129.99573,135.54639,105.11112,162.60149,92.03288
99.31891,89.714226,133.95148,123.82848,115.8933,165.90836,57.830746
79.20246,98.59826,134.2118,147.99391,120.42812,163.4863,54.239994
102.903015,109.593155,137.59816,131.55507,134.97475,171.32446,170.93295
99.42242,109.992485,136.80502,136.09102,136.01834,169.20207,154.93379
85.35483,70.05149,146.16563,168.0118,153.29471,155.67065,157.34575
71.334885,80.42214,123.229225,147.8294,152.2576,140.12915,160.56561
76.736946,82.87826,119.05096,166.74878,155.8578,146.19087,159.40466
89.95587,77.299934,123.99616,175.98477,161.4366,150.44559,157.84721
81.249,60.14876,114.05217,165.56647,153.13406,142.65486,160.48608
82.248695,77.77173,122.734436,169.49323,162.80664,153.64046,163.19728
78.143845,77.22881,125.32741,173.1776,162.95071,146.87572,160.24715
76.441284,69.407166,125.703285,167.483,161.22687,153.93365,153.39255
74.8092,73.81378,133.224,165.18092,159.14711,151.97382,159.23547
77.79098,77.070366,123.80542,164.10933,152.39218,157.1487,154.80702
71.25544,69.00247,120.87085,161.89133,159.39937,169.49974,160.62837
73.54959,65.8672,123.713486,166.55905,157.05699,153.39073,154.86874
76.20759,64.30249,121.95739,163.57138,157.38196,136.68535,158.91393
80.48948,81.27745,117.50997,166.53487,153.69614,143.33528,155.84528
88.53517,83.06844,127.03588,163.38849,156.2672,153.67993,138.23677
96.92025,99.17935,122.112495,162.41205,152.23567,171.17891,68.56499
72.698555,79.59552,130.8901,156.91809,152.20036,150.88052,166.43893
78.199455,92.660065,144.65813,157.9189,149.85843,169.62718,141.64227
61.468967,77.038506,137.5873,162.40031,129.78204,146.2763,170.13028
76.03172,81.56584,138.98415,147.04501,126.24388,150.54707,157.39665
112.97535,104.63536,142.68369,128.53128,133.69269,169.84596,172.27086
84.702065,100.469315,135.53195,145.65742,123.27804,167.83038,135.97379
86.394135,93.98494,136.78732,139.62221,113.587845,165.46819,163.81046
111.88447,96.696495,136.53145,109.69126,119.93205,168.4771,156.88943
116.98445,99.31058,135.41087,113.217705,114.71423,165.01753,173.663
117.083626,99.78883,134.42653,104.85201,111.75971,164.60388,172.7062
107.260284,126.7748,128.88002,132.68372,97.60783,166.31485,77.503876
115.30744,100.5187,130.15501,124.77143,98.35186,165.64812,74.39447
100.34361,96.55992,122.75587,146.23518,86.96573,166.95418,116.18225
119.72052,80.38936,125.65702,121.04175,91.89681,150.7792,75.63431
97.017555,107.564255,121.888176,148.19885,87.724365,169.0803,107.245636
76.89097,91.289696,113.439445,127.57412,78.27985,159.12656,161.4419
90.65453,105.22432,124.192924,144.94937,86.47328,168.30492,85.73723
78.90765,80.85767,117.625946,132.14166,83.686035,158.6742,159.89348
98.53024,90.83466,117.227295,142.91563,83.3164,164.30789,133.29977
86.59245,98.44922,118.82857,138.54004,86.17215,163.5566,133.80968
82.033066,78.94017,116.82933,143.73906,82.62448,166.2274,132.83679
76.96332,46.628536,113.43736,148.3566,83.731064,164.00063,134.51363
97.52237,100.74773,119.666084,138.766,81.34249,167.0185,147.8391
95.68253,87.07362,112.08438,137.5503,82.23396,165.70714,54.734665
98.79341,87.87397,122.16491,143.79709,85.83184,164.70299,118.0302
78.94276,99.042175,114.39127,139.00604,81.956795,164.88734,73.149895
92.86284,88.16195,119.10493,143.5807,85.14393,166.80553,50.984814
90.41406,91.85101,116.57296,147.88806,82.13734,167.13077,53.06551
107.2342,94.56668,109.7621,130.21893,81.45904,168.42696,163.04276
109.87834,89.23601,123.41024,144.2566,90.84727,167.7002,152.50652
104.98566,91.40803,120.544716,144.8507,85.13252,166.38919,148.48222
108.136665,97.62107,123.95443,142.42606,91.307846,168.93312,132.46634
88.48119,102.84049,125.830246,140.69711,93.12956,167.02066,146.39452
100.30265,128.6049,128.57637,141.82591,96.069725,162.04924,98.60955
114.73308,99.85005,131.60495,137.82701,92.70771,167.41159,167.1057
111.51409,105.938545,127.890396,128.16176,94.07097,170.6298,171.63638
84.94082,105.95017,121.69589,153.61731,86.926315,162.96078,81.63843
116.24493,93.136444,126.50064,95.8727,97.36533,163.30528,165.28343
97.60581,106.76218,130.24615,127.08812,103.82663,168.46295,149.0563
99.41029,99.36313,129.77861,113.75892,107.33425,164.12901,166.04836
81.9545,109.72678,135.81308,123.05011,111.58231,162.11263,56.090656
103.94389,114.74116,136.41844,129.68184,116.43726,172.16647,173.53844
77.30126,112.60049,134.00342,143.26717,115.87718,164.33932,67.47806
94.16621,105.96142,137.22932,146.54305,124.27744,166.36497,166.51985
75.8918,92.93057,141.68971,149.73772,131.99878,152.722,128.40056
73.91168,78.63016,138.45511,157.65784,144.32625,147.92305,150.98157
78.07148,91.214745,130.62547,152.42383,147.90593,147.16829,154.65866
80.553856,75.15927,129.46065,158.9356,158.97491,152.58409,160.20448
79.86718,67.77065,123.02574,158.61407,157.03827,149.47336,161.37631
82.63409,66.20403,125.89769,155.07422,159.63672,158.72893,163.03404
79.48136,65.972694,122.09945,156.9376,154.21353,156.97682,163.24298
68.63114,76.03937,116.99026,165.87688,158.38422,142.60078,167.37427
62.3998,55.623867,112.675804,177.17957,159.4602,170.39369,150.79132
88.31781,72.914536,132.22174,163.9651,162.57726,156.98174,161.90402
77.34564,62.58658,125.91655,175.06001,157.41856,169.34761,155.98674
71.131935,53.81407,121.36035,169.30278,154.32202,170.12491,154.735
74.463234,59.492153,127.47362,172.50179,157.1962,170.89583,155.92598
81.31439,57.60431,128.27762,169.686,157.28008,169.64012,163.06137
73.52347,70.55442,132.74487,164.35522,160.76273,148.27023,169.71634
76.71837,70.530464,129.75558,165.34836,155.74284,144.40475,162.36722
77.43814,67.56538,127.12451,160.18936,147.13365,162.0365,160.17178
81.00215,81.478836,140.7321,163.73871,152.91182,139.57532,150.8641
80.39073,76.18464,150.20332,161.93614,147.37376,145.01367,163.98975
81.11782,67.09446,142.63391,160.00099,143.18985,162.47183,104.255295
75.74293,96.95462,146.66788,156.86203,142.91762,140.3664,156.57527
90.55566,98.8384,139.94502,146.92448,134.33527,157.62895,138.49554
72.87094,86.1121,131.59734,139.36086,114.80363,167.33487,147.85297
80.441765,94.18319,136.6075,139.81555,112.489876,165.22261,164.8301
82.21605,87.269806,132.34985,137.28284,104.47536,168.5194,156.58723
90.18402,97.79941,131.36716,120.561874,103.13567,168.50652,150.97775
107.616486,107.52141,131.61913,88.67154,106.571396,165.33131,113.26133
111.549446,113.56703,137.29271,128.38339,108.16638,170.08415,174.72372
100.20767,116.46689,121.25459,122.05363,83.01893,166.99428,171.69218
93.037155,105.72873,107.55378,142.68591,76.89764,170.02931,128.80458
102.77317,98.77092,118.59927,125.37675,82.815544,158.7014,61.562637
123.31559,77.55625,120.17568,107.907074,88.23965,164.92337,157.97552
105.44863,102.48476,112.72968,124.193565,74.21219,167.17485,88.05283
116.35107,98.370605,119.675125,121.2131,83.51757,170.02127,168.55582
118.34974,92.547646,119.655525,132.83919,82.87695,170.22505,161.19858
119.68783,95.90714,117.56667,127.16582,83.197845,170.09512,172.16698
120.71113,81.829315,122.52641,134.37627,80.1987,169.19997,129.24197
115.21933,72.050316,122.22273,139.7202,81.15238,166.57205,109.16313
103.93463,44.456577,121.28271,144.19252,80.52457,165.7562,60.221214
98.534325,94.89804,118.70593,142.72029,77.70713,164.06514,100.70476
99.57812,78.27505,119.14023,152.12741,77.05671,160.20636,107.65611
105.72819,96.103485,113.18915,137.32553,72.49783,163.39317,154.10722
106.333755,97.09688,106.706604,133.18854,67.691284,164.10297,158.15158
104.28464,90.431885,121.55198,147.57327,77.72466,161.9729,157.11858
107.79832,79.62644,118.11719,146.87845,76.85642,158.4688,142.7432
106.50037,80.88815,121.81273,154.6493,78.39949,158.58466,140.34422
110.39335,83.45048,125.17886,153.83563,84.8432,159.02048,147.35027
102.222115,87.37528,114.60244,159.98256,71.27283,158.05182,144.80731
106.55708,96.45421,126.595566,163.8877,82.777565,166.01639,160.48346
102.16748,87.29656,122.9651,154.74123,80.83171,161.51274,143.74733
113.97631,77.39415,122.03777,135.32652,84.34692,161.8483,75.569
115.91161,122.29453,120.67527,132.9547,81.232,165.50726,77.65486
107.99124,100.07568,125.526535,149.14964,85.88028,167.05684,124.855415
118.637924,89.666794,129.39885,146.84322,96.686005,160.87238,57.898376
113.25356,77.248924,124.80624,122.45881,91.25633,155.11249,156.00275
107.54397,98.715965,125.4895,140.5811,87.46664,167.82986,146.21515
115.48233,97.159256,127.93407,113.86061,88.5259,158.68803,63.60336
104.93921,106.4137,135.06757,141.19733,103.63082,168.61449,170.70107
108.60622,109.150505,132.76683,133.31912,102.70202,167.76022,154.5837
108.1831,95.22286,130.87292,123.602974,102.63868,165.80292,144.15364
80.34051,81.4257,120.63425,102.87063,96.93298,156.4606,164.28426
73.21505,75.706924,129.08588,139.6587,98.98898,160.92424,153.67787
80.72138,125.50509,134.75262,145.93257,114.06342,166.69536,56.744984
64.98044,87.47057,118.59224,122.596695,122.88706,148.54214,151.8522
67.78735,78.731,132.64711,153.98373,137.72078,154.08003,154.9427
80.07411,100.18145,144.57864,163.56271,151.84738,170.32835,83.77074
77.296425,69.03643,124.59591,163.44511,152.23941,149.56088,159.80334
75.17919,70.83752,107.73659,167.35452,160.18175,150.96735,159.89406
72.55089,60.16798,99.51742,160.54523,161.95587,148.71721,154.5054
77.60395,75.791695,126.98172,167.375,156.74292,139.11963,155.17845
80.106636,65.9978,106.620125,167.65349,157.76927,146.10692,158.86288
73.669785,68.89631,83.796715,171.92656,160.51437,146.4114,163.81929
77.25508,66.329185,102.3384,169.06891,157.3703,150.07237,161.29123
74.790375,63.476387,92.8023,170.56512,157.98387,146.34996,162.04298
73.95641,67.785515,115.82951,173.30676,154.8328,141.85797,165.5646
72.265976,59.770496,120.92043,176.40646,153.51259,155.5296,155.90573
73.97334,67.291,124.42533,169.75206,160.28606,151.25606,168.00102
67.03616,73.76351,121.730934,173.34877,156.58328,142.01913,165.17448
74.676,76.32592,126.12827,172.69223,157.08035,145.74088,169.75185
74.77776,84.087616,128.21167,174.09418,152.98808,146.7939,165.9695
72.53652,67.28491,119.3452,163.22269,146.9615,156.2221,164.15276
63.652634,78.306984,120.52548,147.27359,135.08545,148.72835,167.07736
71.60338,77.9071,128.83392,139.00388,135.5178,143.02214,161.75401
61.670456,90.98554,136.86815,156.8123,135.01149,141.83452,160.18343
67.17571,78.26747,139.1484,152.46837,128.28801,151.35216,151.97882
91.83196,102.26809,132.44093,122.24442,118.436676,169.03206,100.698265
96.49128,111.77771,133.41351,127.65256,106.00363,166.49661,170.02563
104.35058,91.11647,129.94263,83.6534,104.25891,170.5895,171.8548
105.992065,124.84218,132.38777,71.41181,115.15494,167.5696,91.61926
109.07663,107.95746,129.44237,85.45214,102.80559,166.6014,171.30031
121.92563,107.15596,131.81242,106.58514,103.87719,168.88809,173.65651
129.24896,88.87435,128.72015,99.69508,101.710045,166.09685,170.9734
124.61813,95.729744,124.22453,98.32911,92.65486,165.61021,171.39279
116.17546,106.49132,116.51033,98.79306,90.01617,168.85095,167.08022
118.28809,94.66524,116.401085,107.491745,82.56497,165.88641,158.79979
106.15515,105.84663,123.63831,136.32254,87.3809,167.13377,74.461754
127.80237,70.99451,121.61075,114.29399,92.40442,164.14546,157.43396
121.04242,73.72257,123.59568,133.15082,90.48937,165.32744,108.12267
120.32659,87.309364,118.09756,118.9087,84.22415,168.77777,168.64345
103.28125,70.77132,120.75648,143.85889,82.99387,158.18663,66.63798
113.463165,81.32392,121.02707,138.89413,82.966896,165.45091,80.874405
94.523636,77.49429,117.405136,147.9603,78.60726,163.40236,49.975246
104.47193,91.591896,116.2516,145.05215,78.748535,168.2523,105.48033
99.84648,99.817245,110.97945,141.03923,75.89045,165.29501,81.66212
94.01444,70.05082,112.993645,136.97023,77.4706,165.20297,76.59601
97.73275,100.220436,110.180565,137.19237,76.98404,165.21848,123.4006
109.963844,107.05612,116.80213,130.02144,77.910034,164.93655,158.06645
102.47012,81.35287,117.97994,141.37183,82.05406,164.2952,50.402966
102.54316,88.28199,119.968864,142.96408,83.3921,162.26755,136.1995
107.56732,95.32862,115.07969,128.61678,78.54904,164.17451,161.03003
108.92949,84.83808,107.21986,121.232956,84.08466,161.83134,104.67608
120.895706,84.507095,111.924034,92.77027,78.32558,166.61885,163.42867
115.28958,85.292725,103.369,90.82064,70.53384,165.62328,53.85992
114.704865,131.67508,115.61377,107.46464,84.5388,165.67369,83.83267
119.09397,100.84335,117.142586,97.71632,87.48847,167.9461,54.12159
121.14626,95.15365,123.73966,117.23803,90.839226,169.11588,160.4164
118.95683,94.846054,122.57713,115.93873,91.374725,167.43445,72.418816
113.40161,106.67183,125.396255,112.14211,94.81948,169.73326,174.57787
107.465164,93.85017,120.12753,94.91856,91.20532,164.57541,145.58594
109.01128,106.79345,136.87483,137.57843,108.63131,170.88347,175.0433
111.68547,99.39213,133.1028,105.606636,105.169685,170.19556,172.9505
98.74951,95.55585,135.26796,147.55956,94.93977,157.30774,55.17421
116.1442,99.66143,104.79392,95.07679,68.018776,161.11603,164.85226
122.3034,128.65504,93.15203,87.38065,60.87926,155.35075,168.28055
111.92209,108.01488,106.64621,112.14381,79.23103,155.11209,169.61992
83.56221,77.9344,107.33144,140.98509,124.11471,147.37244,172.69382
70.55142,67.413826,116.685104,134.08778,126.93024,142.74063,161.04399
77.96446,71.67525,120.987724,150.14725,139.95842,143.62495,154.19818
78.20697,75.769646,116.13017,157.20801,157.26846,143.38382,155.44873
80.79015,68.01925,112.12397,159.67561,160.5631,161.21582,142.59006
86.11036,68.15661,101.79049,158.7517,160.65327,162.57774,160.29243
76.00969,65.94184,107.81314,158.11989,156.7775,149.36676,153.06343
84.288795,63.593742,116.33947,163.50629,158.50233,163.72787,157.88608
87.05252,73.061104,115.78002,154.37334,157.39737,155.84007,154.97243
92.21805,75.311874,105.214485,156.9034,160.7812,156.55562,151.94205
98.26073,74.39105,131.7571,147.1641,154.1582,165.90898,146.58948
82.42776,73.91313,102.51419,147.26642,154.98087,159.09413,144.30202
80.43195,66.24075,107.87,152.99016,157.35356,164.79988,153.98402
75.01153,58.204746,113.39596,143.80298,150.92702,165.5561,157.5795
79.94035,57.346687,96.92303,153.72334,155.82278,168.74992,142.80717
90.33267,64.77846,85.15859,152.47954,159.12248,171.17279,151.0525
77.03233,56.082043,96.871284,156.1231,154.53888,162.6645,152.01364
72.16144,58.76908,103.14206,161.098,139.19449,169.0205,159.72752
85.780556,80.39392,106.86068,157.9948,138.85957,166.32106,42.713108
59.29384,50.834335,102.89073,153.02187,133.17694,157.65874,142.85799
45.13789,39.92972,104.094955,161.31189,122.44056,153.11832,136.35855
11.247732,30.572527,107.5751,142.0848,110.61819,170.74573,132.23398
46.47953,57.687794,76.35065,93.37096,100.105675,157.62029,157.3552
57.578636,8.325131,111.643936,126.43417,96.32602,139.09377,91.54405
32.02494,31.836292,74.43934,131.83327,118.55735,134.80688,160.3404
65.37844,78.21987,98.48616,79.20409,72.44033,169.1818,165.10606
48.626286,61.593872,99.18299,97.75687,83.11742,160.72002,162.91031
28.431805,34.45144,97.87454,144.26875,108.36738,152.94514,138.61244
84.9541,97.48052,60.910122,34.96131,33.569168,170.04732,161.16638
98.11429,96.546265,97.69845,66.168045,66.081085,164.71739,161.58836
112.38272,99.81461,71.84193,42.577568,37.817135,168.64578,156.98308
112.78347,90.29026,78.63117,41.903866,42.41369,168.27397,150.64795
128.85353,100.88219,70.11992,92.23638,76.30301,166.4759,143.51648
128.47832,101.18837,53.49894,73.52441,90.641525,165.93466,114.20246
115.72941,63.204216,115.32577,116.85494,79.821396,162.55049,133.16212
63.92053,86.04604,55.102966,165.95949,169.58134,139.95497,95.54495
32.195442,50.601788,65.79689,163.7455,166.80803,126.767105,117.61947
68.86201,75.72594,70.32084,164.8291,172.81465,143.69104,98.90264
49.964916,81.24599,39.15284,166.59113,172.73161,134.15276,97.64164
69.8036,75.776825,75.36896,164.79045,164.39948,123.917984,94.50144
51.9409,75.31999,37.24381,165.52794,168.3507,145.59987,99.97247
56.857918,79.79784,39.46778,166.83737,178.48262,140.73975,100.06724
59.366165,88.6723,33.576687,166.65688,176.5599,149.47018,94.340996
67.224365,82.30957,38.290337,166.30951,178.11871,143.38454,99.51625
66.725105,65.59449,60.141644,159.9527,161.04903,136.47263,112.138885
82.886475,54.582977,61.980755,160.89415,175.92175,135.48827,109.90638
88.59121,62.873405,56.84863,159.63396,178.83987,146.0041,98.944954
72.83372,70.12222,42.781048,167.56973,178.89748,156.95068,100.54722
65.34291,90.80267,78.786865,143.84656,120.59578,156.05464,111.635185
80.26328,106.80342,65.53516,144.90437,133.85503,97.127464,108.75794
77.56449,105.23068,73.7804,147.01482,132.09447,95.36008,109.65914
78.33877,108.082466,83.66605,141.35698,122.506676,96.17034,105.752975
81.19428,106.396454,96.766205,139.6209,107.75127,100.284645,107.06096
74.0827,91.51562,82.73708,145.37862,123.72652,133.69766,110.03474
67.14196,87.06891,84.71299,145.46286,127.74469,130.91573,108.259155
66.6137,99.046364,63.21643,154.80826,142.08253,134.00067,103.381516
80.255104,106.78417,69.012,147.71214,140.0397,107.583755,98.4265
78.30308,105.50105,67.15786,155.1809,142.8576,110.5478,107.13743
72.14207,93.74998,69.07718,164.30382,142.25374,102.77005,104.685715
68.44357,93.75859,94.42993,162.55925,123.93424,106.971725,120.75811
63.23613,92.93288,102.42669,173.01404,130.39024,102.31089,121.48042
68.29171,81.738754,87.43307,165.20168,133.79251,100.97624,127.889
64.19864,86.33037,89.0664,173.97409,140.25484,134.27151,134.85753
50.360836,78.430504,95.99996,174.75587,146.19963,125.53528,140.04364
48.90769,72.666855,89.2657,164.38649,146.87012,109.003784,147.3996
41.58404,68.75725,97.20845,170.51884,151.8274,102.38407,140.61848
27.357397,54.988556,112.06774,171.24673,152.90439,108.94502,138.9487
19.392517,55.363304,106.76313,173.51163,158.75443,108.97765,141.94563
15.332065,54.538795,109.23985,156.90707,152.33469,114.81901,144.06395
12.955474,50.823776,111.20686,165.50629,155.03479,112.58637,145.82986
10.113262,46.66705,103.095535,167.0958,146.03627,118.57802,146.38033
9.681457,47.14106,101.12607,170.7483,144.53925,118.18268,146.53737
10.425565,45.198,102.75526,172.62476,156.10017,120.3447,151.00676
10.841045,45.26303,94.496704,171.86386,164.1049,118.562325,156.05402
10.122167,47.238075,94.12073,169.73221,158.84372,118.03265,153.47453
10.87949,47.348286,89.781364,170.90358,162.98727,115.604385,154.0051
10.572518,48.59277,63.681202,169.99573,134.21564,118.25407,147.3341
9.307404,44.779266,78.65999,168.99309,163.25603,123.54771,155.03444
9.213944,43.40335,90.51539,171.25262,160.62201,118.76138,156.83498
10.209702,42.031536,91.73155,170.36015,161.99568,120.3609,156.74529
9.53139,43.951714,84.411964,167.90367,161.94585,121.488075,157.29758
8.498585,46.66662,95.00185,168.87518,162.65753,124.6575,156.82092
8.09997,45.77223,84.676155,167.1358,162.76624,124.17132,156.44914
9.462881,42.49,93.7746,169.7746,161.89456,116.75387,156.43553
9.919268,45.038986,88.22562,171.9431,163.28503,118.20299,156.4876
9.692517,45.05644,89.98397,170.00375,163.145,118.78202,155.86089
10.261706,43.856228,90.995445,170.21443,162.6667,122.59071,156.43147
8.864103,48.581814,100.918724,167.04121,163.65729,118.36776,158.15392
8.520763,47.594505,88.18806,168.10487,158.44273,123.15251,160.38957
9.569428,47.736202,99.158195,169.51941,160.44998,125.338295,157.61412
14.34531,43.708157,98.36875,166.14746,158.24835,124.79934,157.77853
12.1219015,44.088108,102.85498,158.46098,159.86647,120.519554,156.4623
12.597953,51.853737,73.47341,149.86584,145.02354,126.923004,155.93275
18.3236,45.68225,93.192764,159.2744,57.148994,122.69243,154.02824
19.783024,48.703922,100.1986,153.56505,37.040253,124.726814,150.43906
18.965536,51.945984,92.71676,146.36105,86.24591,122.825905,151.45375
21.6349,58.022312,78.53891,79.48381,151.83456,119.68879,152.2083
26.789507,51.342754,86.56536,149.27487,58.885414,126.13743,149.69258
58.995872,67.11662,75.06423,126.433556,72.715416,142.99413,147.7991
66.582405,77.41978,68.60873,114.21994,70.5758,149.9873,145.78079
74.85618,82.24926,74.171196,134.96901,90.14332,154.1621,142.11777
81.190506,90.35533,84.95875,142.86711,90.85138,160.73032,150.69864
86.51905,94.72742,67.155014,131.9261,107.66809,164.1277,145.88293
89.927986,103.09502,39.789837,83.33557,94.192116,165.30585,144.3965
98.91979,113.39753,40.67822,88.07629,118.10262,165.106,145.54475
102.20421,116.678696,39.54929,93.118515,127.877335,164.88237,154.44429
102.216835,115.92133,47.54267,84.84333,105.618,167.06448,151.74417
101.31372,117.561646,36.415752,77.59143,103.76658,168.76271,144.19742
106.80388,119.083755,47.10705,88.107864,109.003746,166.68282,141.5771
106.20237,121.13843,32.172966,68.1754,102.646225,166.95836,140.05115
114.04467,125.634026,34.15817,63.39657,104.28752,171.45317,140.01405
112.52438,127.417435,36.78722,62.774857,102.42104,170.02708,146.54582
112.504196,124.82428,28.108103,55.00515,85.68639,169.9672,139.83815
114.429214,124.19636,50.434883,73.04794,101.69075,168.7002,140.25278
116.026,124.3521,67.159546,93.53157,103.02143,168.52243,143.3367
111.47197,117.1829,26.922836,56.29455,87.69144,165.97041,151.04897
108.76506,116.141594,35.602665,63.131054,94.125046,162.85237,150.89363
109.399,111.54343,43.65361,77.23666,106.00327,164.87225,152.75854
99.39013,102.163536,45.185875,136.90744,145.52576,154.45781,152.25272
86.45752,88.8251,38.391502,129.18462,141.79797,148.59955,145.82924
65.21005,77.810776,74.09803,104.711975,108.12298,135.95381,147.03693
47.17061,83.98455,98.998436,104.56976,86.453285,130.77219,161.16171
49.124016,82.880844,78.82484,91.57476,82.1125,129.668,158.78162
49.619366,82.909164,109.00721,117.52812,64.15986,133.12352,163.79402
48.01059,71.24339,31.47206,88.678474,69.24125,130.63908,165.30414
31.448393,67.6868,74.04384,127.55271,70.00008,119.124954,162.21391
25.57366,59.351685,90.48397,139.15503,43.828747,126.74324,161.63274
22.74982,61.948475,115.15906,136.54807,35.452385,128.96365,162.74884
15.844165,51.92649,36.089226,163.07724,133.56357,129.33853,156.56375
13.111177,55.661804,30.229675,139.17348,131.4972,124.01037,157.24678
11.90289,53.68297,26.694456,157.14804,135.6764,124.74053,161.06064
10.895528,51.711987,82.55435,162.54054,154.45619,123.59101,160.30644
11.611128,42.724693,110.213875,170.447,132.78198,124.94144,159.05229
10.108477,46.34223,108.86871,158.09692,143.09685,123.20334,160.39226
8.788094,49.294735,99.534355,159.58537,160.8089,120.61474,160.5245
9.580967,43.215374,97.52246,164.95216,165.02563,122.086235,158.09752
7.595485,42.27115,99.368164,157.55298,166.75208,124.33755,159.78943
8.276995,42.10332,97.35418,171.79417,160.88448,117.415634,161.13539
10.081824,44.940037,47.80307,165.57932,135.83488,121.46065,156.582
9.46502,43.539276,92.008644,173.78714,160.3024,121.859184,160.10939
10.509122,41.809475,62.3112,159.58734,155.51219,125.5531,157.86813
10.0436325,42.05566,75.86147,167.87862,159.1261,128.44261,162.28355
9.482842,45.97812,78.00445,168.61278,159.86894,126.24806,163.00307
9.54594,47.065495,58.219593,150.48952,156.49855,121.4883,162.97626
10.454776,44.555134,85.94819,170.76974,160.06348,124.90069,161.205
10.35427,47.67692,71.77074,160.88493,158.62755,123.04884,162.19469
9.683021,47.939682,74.3415,162.58794,158.12737,124.15775,161.48415
9.71602,47.20225,83.342705,167.73125,159.212,122.81108,163.40468
8.349178,45.12692,93.67823,171.5137,160.8462,120.77472,161.788
7.8797283,46.89304,91.05871,172.1549,160.27904,123.11474,158.07144
9.29925,49.085495,93.47598,171.57973,160.31068,127.34731,161.03154
10.939614,48.30975,110.39201,165.64961,162.59407,119.64204,157.71503
11.857536,47.4241,112.261086,165.99687,155.0341,120.70315,155.85495
28.299824,47.303623,128.54614,160.80931,139.74577,117.71814,139.50726
24.303398,55.031166,119.79592,172.18196,147.82173,111.79136,144.80035
21.59628,60.831573,102.31178,162.40686,150.09174,111.82635,143.17409
23.047052,63.71521,100.727356,156.8419,156.05397,111.56995,136.45807
22.980383,66.0774,96.03234,177.24052,157.32552,100.87815,143.82724
47.105713,72.5604,78.45462,165.19115,155.08199,111.938034,137.36237
53.59212,85.03904,62.582085,160.28172,156.91853,129.71155,134.97896
52.33874,83.88952,66.90139,155.5859,154.6802,109.88403,126.86845
67.120224,84.52847,78.34673,131.04993,127.19907,108.664505,118.35452
73.94069,89.585556,79.00889,138.34258,136.09761,105.62776,114.11433
76.98067,88.953995,64.48766,153.90396,145.11316,136.08463,105.199715
77.163,99.68296,52.641476,142.38927,141.9749,160.99533,94.472176
81.36987,96.16807,58.864143,136.44168,134.69121,163.44022,98.41423
78.692764,103.6385,58.82354,151.07762,134.97818,164.4933,92.75211
80.360504,106.98541,77.020004,152.03778,127.56536,159.2179,93.59522
85.42312,115.96638,67.0558,148.83336,134.15825,96.9851,106.786865
84.430534,111.70989,59.9301,160.35614,137.89876,119.2825,99.71066
84.11119,121.33476,57.808956,151.60663,137.08272,98.37257,113.7664
80.45712,116.858025,57.91723,149.72038,135.3854,99.62491,116.51664
84.84685,120.56178,67.51666,136.60532,127.76262,99.65767,110.53685
84.400986,115.71714,64.56878,139.89383,131.3316,101.79637,113.21179
80.23806,110.61254,55.554733,143.54178,132.75662,104.23539,109.287834
83.89824,109.77531,58.49759,142.26764,129.81937,95.018166,112.65055
82.266655,111.16824,71.95344,135.18935,123.53514,94.86086,108.26138
87.6872,114.33323,79.27231,140.35522,120.08017,93.66935,111.07886
71.921165,113.661514,58.373238,158.07433,139.7867,132.50275,99.73719
79.24473,109.94372,70.60658,154.99414,135.55026,96.73993,100.41529
77.96779,100.382515,58.0808,154.78265,148.42648,140.9737,101.74662
77.96064,104.064705,71.050316,146.48726,146.00087,101.82246,99.791794
76.21878,97.15257,61.91134,147.03816,149.8779,133.1602,100.82486
73.88958,90.583916,67.78057,144.76761,148.12564,117.56173,108.75263
71.22339,84.67825,73.130646,139.7768,145.73325,118.78234,119.33718
72.63854,84.786934,67.82047,120.64251,135.0407,121.66558,120.91831
64.45224,84.75238,75.50279,144.63156,143.55927,118.50414,129.68695
51.424076,77.55534,67.984245,168.65453,158.65709,114.24326,144.04402
34.283913,71.97233,104.651405,172.67586,152.76964,107.26511,140.18802
34.61214,57.258,104.379196,177.94452,158.2109,115.73968,141.53456
20.896948,60.988277,78.9225,170.45908,164.89378,111.53179,142.91577
20.356213,63.238308,23.298664,104.09627,112.075,113.27002,130.19783
25.03711,60.93659,52.68575,79.67162,137.33315,109.18027,135.75949
11.080274,51.43721,85.79138,125.78782,121.88702,118.74185,147.49855
8.940285,46.215324,113.64112,161.95894,154.29642,116.94237,153.31229
10.983885,52.274807,93.32128,167.29762,154.22261,124.52874,154.9396
11.254769,41.697487,119.02317,168.735,154.21193,124.6542,156.6553
13.378601,43.866005,91.07957,171.45398,164.75066,123.13582,160.05788
13.092134,44.16554,65.94222,166.46426,153.13373,119.569725,156.22932
12.269562,38.270424,101.89841,165.4208,163.1013,117.955574,160.5084
9.981267,45.438427,95.98433,168.69917,155.36267,118.82731,161.20717
36.02964,40.921963,32.587685,139.25671,149.20396,96.986824,93.51818
43.843445,43.821465,28.10635,143.77301,148.99844,89.68004,90.58848
60.586464,61.573433,27.617125,141.96506,147.57336,92.67821,91.613884
62.786423,68.6352,30.573421,144.67845,150.59325,92.35412,81.858284
100.88849,93.25283,28.829208,132.28453,137.12625,149.75822,153.38449
93.23959,89.751686,30.00678,131.61995,138.30067,154.93697,162.26839
94.5063,91.81529,29.761745,136.62321,140.01094,161.61765,158.70879
91.16786,87.88253,29.354692,141.20598,141.60384,165.55348,171.17982
83.574265,83.8603,30.332985,123.60306,131.73016,151.66867,159.56975
67.69659,65.65972,30.9074,120.02543,127.62089,135.11562,138.94107
63.577957,65.40215,30.428446,104.367966,114.52754,133.09483,140.88055
73.00422,74.06268,30.065763,109.034164,117.01484,127.39556,130.11678
79.72702,83.179115,30.100973,95.326775,97.60752,120.45993,125.575806
69.72398,77.29754,27.806925,84.80616,86.28747,120.02817,128.36275
80.480934,83.93957,26.395363,73.40422,66.936005,124.32199,122.714775
81.80739,86.5958,24.456264,66.94268,63.96995,123.54278,123.017654
79.45872,83.073105,24.505531,63.6458,62.777946,126.774994,123.21801
81.40466,84.8718,23.18754,58.194725,57.95855,118.893974,120.14651
77.24313,81.69698,23.503279,60.536297,62.305626,118.55479,120.1223
92.95494,95.6127,21.52622,54.27954,55.08355,127.00195,126.28825
89.40168,91.39058,21.613195,55.510757,55.416412,120.19578,118.98439
94.18019,96.00798,22.045635,57.11434,58.681915,121.77079,121.855064
94.81382,97.61044,20.185476,55.429077,56.230087,123.50777,121.81307
96.199615,97.0565,21.245298,57.725285,59.793644,122.12671,120.9824
95.90688,97.237465,20.02743,53.46994,54.85354,124.81676,121.48894
87.838646,91.69105,21.000566,56.068367,57.70383,120.762985,118.6867
85.509476,88.83472,22.224506,59.166092,63.47465,120.00158,119.27025
84.168884,89.081924,22.125048,63.46672,68.45413,118.67303,122.961044
77.04034,81.6566,25.44735,73.528915,77.44316,118.237015,121.1788
84.17618,87.144806,23.710873,72.03516,78.42265,120.39057,119.19451
70.46244,74.571144,25.899977,92.88632,93.31697,117.47889,118.894615
70.15669,75.17712,27.632347,97.108154,100.172264,120.99726,122.30502
68.982185,73.1443,29.883917,106.76181,113.99058,121.63916,129.8672
62.83431,66.21808,30.401512,108.21469,121.58901,117.91974,117.771034
58.548725,60.31275,29.462097,113.64119,125.22595,119.15874,117.23776
56.714058,59.61677,29.136902,119.26111,130.91301,119.06821,116.63197
60.86056,65.60563,29.16992,114.83898,129.79181,120.044914,117.92316
55.90316,59.76638,27.59026,110.90626,122.3049,120.29801,118.791626
58.119354,61.213703,29.234312,110.93563,125.07867,121.363495,120.167145
60.44892,62.257828,29.102451,105.62135,117.48265,122.54277,120.26701
54.92212,58.42558,29.61196,105.58966,118.537315,121.961685,120.381165
53.730595,56.01098,30.46587,106.95178,119.37319,122.60184,120.4079
54.941044,59.20321,30.235487,105.045044,115.890656,121.64431,122.04941
61.786148,63.792946,30.003695,105.35644,113.535225,124.04751,121.75176
63.044956,65.49587,29.81862,101.30551,104.1992,121.76788,125.29514
74.6937,77.08581,28.347504,92.40222,94.0715,122.14347,123.018585
72.769516,75.27649,27.328274,84.58227,83.16287,122.74531,122.71771
81.57489,85.11701,24.616226,73.68041,71.669106,125.541626,127.167076
86.0642,90.09086,24.382652,67.94889,62.53824,124.23512,126.02825
77.15288,81.127846,23.893492,68.37482,64.23152,124.365974,125.21097
78.49303,82.40073,23.798288,63.365654,58.651993,125.54404,130.50037
84.24922,88.142975,21.930992,59.19907,56.86148,121.95193,124.708786
81.402336,85.47455,21.640965,58.072723,55.096188,123.90703,125.118034
83.57568,87.643135,21.960627,56.65519,54.424477,123.43692,125.7367
80.03158,85.62668,22.802786,56.604336,54.83941,122.77315,125.91456
77.90751,83.74649,22.101107,57.014744,54.891853,119.57325,122.33827
78.39686,85.23758,23.617287,60.995785,58.934544,128.98299,136.74641
74.29351,77.54933,25.736403,69.99353,70.26482,126.06255,122.5716
74.962814,79.804855,24.911282,68.69418,68.79564,123.993515,123.97088
77.316124,80.35382,27.742485,82.141525,79.58441,123.10101,126.212585
73.62687,74.279366,27.433147,91.55024,92.265144,119.07033,122.62951
61.485085,61.137497,32.960148,112.71699,121.39536,122.87929,123.65195
57.64932,57.511345,31.429117,132.53056,141.34106,119.93388,119.42181
56.92761,54.955902,28.753166,136.10574,143.82567,122.24702,120.785934
75.32781,76.318535,28.803532,143.2719,142.5288,132.58034,138.74814
87.58367,86.34794,29.82892,146.68665,146.84807,133.27786,142.13043
109.08556,100.3558,29.974192,136.30795,137.8005,133.36719,144.19379
114.870636,109.61576,32.169945,129.30228,145.23468,155.733,154.46638
145.69058,140.12556,32.952995,129.59293,144.21701,158.10577,158.29254
162.38582,157.89563,33.898567,129.5297,149.52026,163.281,165.9293
157.10371,155.51947,35.05098,127.52252,149.56905,164.65427,166.7094
163.86244,156.69101,36.324894,124.85818,149.32726,164.76598,168.8437
164.55199,158.80861,34.38526,126.26771,147.44,169.21602,169.89449
155.83662,156.25276,36.947525,118.610466,141.0511,170.56277,168.99107
159.94264,159.26912,37.902687,125.69323,148.91565,169.33539,171.51556
164.6283,162.36824,37.887573,123.40979,147.74045,168.13835,172.07701
161.8491,161.22112,35.677273,118.17772,138.77684,170.55217,171.67096
164.09882,168.85396,34.323685,123.47836,140.31093,171.95743,173.03415
160.1175,167.4109,35.871326,112.470184,128.97275,172.77927,173.03964
167.90974,170.07837,37.648197,106.65324,126.35959,168.70691,170.60768
167.89743,173.17409,35.89159,106.24233,118.23699,168.79628,171.20569
160.96964,165.62401,31.209581,96.87075,102.06882,164.2029,174.60594
164.62488,170.07567,29.553055,94.93028,93.495316,158.72528,174.36427
169.12575,172.28421,30.926435,89.82412,87.28244,155.85478,173.35263
168.02046,172.9035,28.07742,84.02833,76.730446,158.21223,172.83727
160.57785,169.61853,26.088829,74.14276,64.543015,162.60081,173.61891
167.78043,171.64626,25.189425,73.607376,66.33386,154.83687,174.14032
167.21829,174.68909,23.89908,67.83712,59.58919,158.7449,174.5785
168.1071,169.01366,26.328806,68.26308,60.61261,158.33015,174.0997
167.87325,169.4317,24.232073,61.279102,54.721203,156.48769,172.27473
168.8121,169.03987,23.361889,56.42435,53.959606,156.80801,171.29535
167.9783,169.61261,25.190155,51.852367,50.152588,158.10394,171.7645
166.93695,170.88765,23.590923,51.843536,48.713192,158.65999,172.49994
166.99171,173.95432,22.237692,52.21239,49.370964,156.66026,172.2557
167.1156,175.37386,22.612297,49.01562,47.06847,157.13812,169.03363
165.41885,176.37247,21.653889,47.981846,45.83497,157.02306,170.10677
167.51363,175.46805,22.503687,46.302425,45.8355,158.09409,169.45811
168.15222,176.21306,22.369505,47.53299,45.721565,157.7916,170.59056
167.24312,176.43344,22.177462,45.691517,44.759727,156.3223,171.38358
168.30988,174.61641,23.300554,44.614635,45.660957,155.6673,169.88547
166.75726,174.51059,23.569078,47.1452,44.849155,155.22954,172.038
161.83368,174.16934,27.247461,53.36092,48.41691,157.11867,171.35281
162.49547,175.24913,27.70293,54.189156,47.946342,162.81172,173.23586
163.96458,174.28542,27.334799,57.908825,53.741955,160.66496,172.0226
161.35956,171.8904,26.752756,59.761147,56.73792,159.84235,172.066
165.77336,173.10225,23.912952,61.84098,59.2296,156.3843,173.15773
161.99326,175.91188,24.826681,67.45767,59.6227,156.60928,173.88483
163.01848,175.9066,26.368235,79.82096,73.77282,159.34782,173.29509
159.65392,174.19815,29.446918,88.23419,88.33921,163.66255,173.4678
161.62381,175.1979,29.78578,93.35868,96.643684,165.3212,170.54677
159.21754,165.82887,29.302547,97.736565,103.6273,164.63252,173.97217
161.65623,169.64534,30.369862,103.063614,113.700584,167.01372,174.04424
170.11908,175.88814,36.380157,112.53479,131.52013,172.05849,173.49677
171.76257,176.61497,37.296726,118.40176,140.55266,173.934,174.49867
171.76706,178.08286,34.599617,126.323685,144.87988,172.56497,175.96007
171.5184,174.80392,35.52618,113.74071,135.00505,172.55466,175.17195
172.31369,176.06288,34.0097,118.07931,138.1545,175.08633,175.20735
170.11877,174.02866,34.359074,122.48266,141.34335,173.11546,176.14342
168.82796,170.32481,32.38813,124.67877,140.78448,172.84395,173.44739
169.49876,175.18442,34.4197,121.951546,140.23175,170.75838,175.3898
169.67809,170.48558,32.858887,124.6088,142.5448,168.58145,175.45557
169.20096,172.62276,32.736805,121.32183,139.92073,168.87447,173.33911
166.95538,173.24997,33.51565,129.56134,144.3672,164.49284,171.66623
166.39513,171.00253,33.363514,131.89485,147.04848,163.68468,170.71652
159.78896,161.96419,32.476433,130.97787,145.9604,159.38899,165.48825
139.43314,141.2434,31.80543,131.72919,142.89915,154.09865,164.11395
117.02559,116.33197,31.295156,128.80872,142.20227,150.40106,157.68576
106.612076,106.234146,30.92269,137.15903,144.98517,137.89937,153.76454
106.23641,111.207054,29.7766,138.93468,144.25742,118.42698,140.93758
84.978424,109.74996,29.743462,143.35614,145.01712,101.53152,113.957245
67.55014,86.55636,28.951267,142.95488,139.28888,85.22572,98.995384
58.049953,74.376686,29.07946,144.53963,140.75908,84.312096,115.56356
46.835243,55.47206,28.617039,141.99577,149.19812,113.238625,125.70033
45.616333,53.021572,29.189745,142.49632,148.94472,113.10798,121.43466
49.453846,56.90944,29.022135,140.64491,145.51387,111.08154,116.231316
71.04545,77.24218,28.886805,129.46361,134.35939,122.15935,127.93192
63.890133,72.38363,28.5604,119.910194,124.54716,120.93792,134.19164
66.1044,71.15971,29.133621,124.658844,127.795715,121.80898,126.87401
66.090645,70.74231,29.305355,125.41552,130.11441,123.18491,127.46881
51.471203,57.571846,29.031946,123.456604,128.01503,123.01897,130.421
65.11415,60.674698,29.954275,127.936554,137.36803,139.07684,131.80681
75.4046,76.09143,29.402893,134.05182,138.56374,159.22568,171.80775
70.71454,76.189766,29.01261,136.09848,141.15709,137.57338,152.35114
72.28641,74.37492,29.859362,126.74598,133.98416,140.25769,146.62743
85.3012,82.62894,29.286657,132.28752,137.28584,149.3528,147.21452
74.239525,74.13261,29.414751,132.6247,136.14484,139.28064,144.51176
47.320946,47.90961,30.333162,139.31644,149.35355,114.77162,119.338264
36.027767,35.336845,34.325577,133.05067,149.01509,93.47642,96.25438
37.050663,38.29919,30.788656,140.06723,149.67065,93.52611,90.57848
33.28865,33.794697,30.43928,142.18915,150.4598,97.54369,97.263504
31.287945,31.447514,30.222893,143.96437,151.73257,102.95058,102.614136
31.470686,31.334211,32.12366,137.85414,149.65785,102.8174,103.835
31.06914,30.956352,32.759907,136.97905,149.18222,104.84989,106.500435
31.293064,29.928684,31.24877,135.7855,146.22473,103.51009,106.1757
26.974997,28.939705,29.941208,137.2557,141.4742,109.12251,106.508095
25.040579,25.056934,31.108795,138.22763,145.62418,110.16589,108.687744
23.15812,21.461115,31.211828,141.79535,148.33391,111.116806,112.31457
20.63226,18.61289,30.335682,138.92493,145.34239,109.330376,112.50336
16.653683,15.642947,30.326181,140.90727,145.30344,113.54491,113.373116
14.911593,14.5298,29.870827,142.19945,144.4813,111.04314,113.798515
15.215103,14.35738,29.357552,140.83978,138.1855,112.910614,113.27311
16.485117,13.881693,30.616556,137.97957,138.19257,115.81701,114.93983
17.343885,19.208527,31.021044,117.88637,122.91766,113.69114,117.12086
22.201227,28.001842,31.125126,112.22252,111.86189,113.83625,121.27227
18.864569,25.236052,28.71644,102.20151,106.91082,119.540405,125.610886
30.210478,28.974388,26.372278,94.03249,94.88367,125.59291,125.88232
29.844542,32.488262,23.927937,89.51381,86.841644,129.402,128.74089
38.47982,37.92169,18.474762,80.80058,82.22633,131.2233,129.77806
35.706722,38.86694,20.756325,77.43627,76.82578,134.894,132.81998
46.148815,52.13981,18.979328,76.759155,78.41517,137.97913,137.89932
58.882484,60.526688,17.479128,75.67646,77.82374,141.68745,141.36232
58.703888,58.310154,17.184465,75.3373,76.98356,140.22516,138.96574
62.619473,63.97133,17.075647,71.57866,74.679085,141.77963,139.60744
68.894554,68.455864,17.01915,71.437836,72.9108,144.32509,142.28755
71.01722,67.57681,16.984978,72.8991,74.0372,144.15114,142.09552
68.84563,63.80186,17.569227,72.56234,74.23619,143.05803,140.03247
67.67281,64.7583,17.685518,70.81998,70.44435,141.78653,141.78008
55.8167,60.17947,17.138933,72.31057,73.63818,139.69879,141.47539
53.75812,59.179447,17.011156,72.57514,72.55588,140.62105,142.88022
31.43091,39.203625,23.815268,89.77568,83.31577,130.84247,133.21426
33.849007,39.98414,27.414877,103.31272,98.18973,128.0923,131.12132
21.369799,28.103907,32.453766,126.1216,128.18922,116.94788,120.11575
18.887642,22.161243,31.505608,131.31822,136.27028,111.48898,114.57904
24.354694,24.447428,31.410912,140.597,145.07329,109.11692,105.32326
36.6428,41.098747,31.685259,142.957,153.22566,99.01316,95.4431
45.516636,51.28859,32.36034,140.27922,150.61586,93.2069,93.1043
47.91726,59.588512,31.348196,139.77126,150.52017,87.22964,81.13035
60.382366,65.973755,31.565947,145.38524,149.976,89.132164,77.07562
99.3271,93.880424,28.529354,130.40009,127.330345,138.40845,139.68304
108.918205,105.51385,28.669878,125.9865,118.21825,157.61716,169.22368
103.23871,99.20043,30.78823,131.55956,133.0144,155.04762,158.93132
99.98688,97.30179,30.180555,138.06145,133.1553,162.18346,167.03598
95.83205,92.94892,30.968985,139.70331,138.70757,168.9533,172.19685
91.754135,83.01844,31.08166,144.65262,142.51028,164.41797,168.97122
74.30479,72.85925,30.849617,120.03833,108.012695,141.29636,136.42323
67.81192,64.37034,29.723215,109.32248,105.06686,136.64581,129.85526
70.919365,74.46251,31.49436,97.866035,97.280525,121.937256,125.23035
67.17431,71.84552,29.716587,94.16268,90.76712,119.698456,123.64445
69.64616,71.31122,28.163311,87.66895,75.500824,123.65009,118.27507
72.812294,76.11906,24.996181,74.75967,68.354645,120.36938,115.27886
68.53635,71.26557,23.957506,68.000595,65.17741,119.79407,119.16423
69.85382,70.263695,22.892895,60.678352,60.865303,116.84309,114.85911
77.35816,82.18135,23.34241,62.781567,61.465977,120.34831,119.93833
82.81411,86.248146,21.712399,57.358547,56.985287,123.26133,120.069954
83.78134,85.16567,20.875816,54.986855,55.03815,123.317474,116.35407
89.97773,92.549355,19.656822,52.31095,52.808155,123.8131,118.596054
89.62606,90.37098,19.205421,53.79543,52.532017,123.57467,118.29729
89.87177,90.88482,19.506298,54.083073,52.281044,124.385826,119.08393
91.038185,92.99317,19.565624,53.81897,54.020775,123.967896,119.06541
85.40284,88.51739,20.401922,57.22793,58.299732,121.07944,116.94465
76.09056,83.54085,21.344864,61.856342,61.8613,117.02974,115.62776
77.10367,83.63491,21.929913,67.06725,69.91516,119.53935,118.48527
75.0539,81.171265,22.452738,70.556694,70.88016,119.32418,118.88206
83.88609,86.372284,23.805796,79.607,78.78637,126.62435,124.26555
72.116234,75.758415,25.640097,89.64525,85.08101,121.72797,117.69153
71.644,76.147675,28.759514,102.74071,99.80376,121.38816,126.085556
69.77179,70.23854,31.84702,114.57107,112.01423,125.640625,122.68707
61.44276,61.958683,31.228928,118.55163,121.67036,119.88857,121.09105
59.403526,62.92392,32.647354,116.39502,133.98387,119.12447,120.739746
58.49959,59.69522,30.636703,125.38889,139.3677,122.58793,118.49493
58.803658,60.702408,30.752163,126.008514,142.9457,120.47858,117.638405
59.2271,60.865356,29.519707,124.49046,138.70592,121.22812,118.41076
59.21926,59.972828,28.864435,126.56027,135.07405,121.67395,122.532875
61.179546,62.028645,29.081572,128.46759,138.08658,122.39696,123.37131
57.502254,58.39299,30.086363,131.11021,142.7477,122.015205,122.00149
56.832527,56.544994,29.768507,129.8943,140.19247,123.56948,123.6497
55.372196,54.61622,29.351797,130.21378,137.96489,124.05784,123.73029
54.82105,56.290012,29.261236,127.39354,135.76025,121.1413,120.97625
55.313736,56.90156,29.194464,127.17554,131.96396,122.13402,121.76249
54.771175,55.72953,29.59798,126.845024,135.61389,122.10935,121.14684
59.630527,62.369034,29.73732,123.29377,129.59027,121.57683,121.47346
61.21151,63.994534,29.709904,123.93991,132.78525,121.59444,120.8262
62.325,65.68322,30.94596,120.12327,128.38507,122.17224,122.14943
66.75137,68.677444,31.110222,117.22029,123.75748,122.5037,120.66364
72.25509,74.86407,30.431595,110.99783,113.42639,121.994415,124.18587
73.64739,76.965706,30.74388,107.23081,104.43588,122.1865,124.37767
74.95656,76.28461,31.330687,101.93341,99.491905,121.25984,119.488556
72.09565,76.07563,28.869883,93.41443,89.09532,121.52936,122.54167
68.37586,74.23603,26.37636,80.71563,75.900635,122.30449,121.69774
69.62103,75.29991,25.30358,78.08277,75.67056,123.7678,121.84525
67.57706,72.45917,26.425844,76.34726,73.29019,121.74971,118.88605
67.84526,72.94153,24.877563,68.65396,67.58502,121.41294,122.80489
63.511356,70.64785,25.962133,70.58636,68.06787,119.2741,122.98027
61.0585,70.67904,25.49908,70.35373,67.302025,115.94202,119.05131
64.130714,72.173935,24.925037,68.202515,65.690315,117.025024,120.30897
63.043358,71.990326,24.705774,67.62297,65.31838,117.525696,120.8462
60.507282,67.44898,24.904867,66.21036,64.74005,116.1493,117.07964
60.825195,66.883095,25.58447,69.58395,68.57101,115.55437,116.28191
66.766685,69.689026,26.371778,71.10048,70.11865,119.323616,117.674194
68.827034,73.43017,27.566137,79.75055,75.292336,118.00832,118.316
73.006096,76.35845,28.48874,85.24829,81.35775,125.222946,121.91636
71.966835,76.54759,26.040796,87.34426,85.865746,118.775536,125.36697
62.7755,63.70041,31.81499,114.64303,110.16115,122.194565,120.30209
56.95043,56.163185,31.084616,124.35605,127.38383,123.88107,126.21986
64.72455,65.19381,30.360994,128.81995,133.94505,130.19653,131.74513
74.95806,73.61873,30.326967,131.03209,130.83456,127.04063,127.96318
93.051384,93.16679,30.39981,127.56429,126.63194,131.3617,131.31322
111.93887,107.4943,30.305964,128.43066,127.64876,136.59296,129.28162
115.58394,121.11881,31.206419,131.36215,140.25085,151.98134,152.48047
145.48564,146.7693,31.61731,135.76932,144.57417,157.97205,164.90208
163.51657,164.13522,31.454369,137.49048,147.77768,164.14001,170.53693
168.91638,172.97311,29.692701,141.61504,146.45334,169.58287,173.82939
167.67708,172.04617,31.21341,139.90141,147.49884,165.60797,177.38063
167.26306,169.48878,31.40207,140.13106,150.00374,167.07545,175.93465
168.17473,167.91083,31.507547,136.19225,145.9657,169.06451,175.50098
167.23903,170.21693,30.500185,138.7633,148.16666,171.96869,175.66283
165.94429,164.5052,30.331749,136.87611,147.21768,171.87123,174.5813
166.64487,166.03429,30.034311,139.30226,147.63329,171.3953,175.11372
169.07535,170.33942,31.511919,134.82312,145.7287,172.6381,176.07458
164.1538,165.4042,31.782661,132.16626,140.6146,170.58273,176.37672
166.25194,168.10396,31.839628,134.4621,141.3543,172.2174,175.29584
164.89804,167.50343,33.865547,129.31834,137.60841,173.69334,175.17459
166.11612,172.02734,35.189133,124.81973,133.76927,170.41606,176.31198
166.50636,173.13387,37.081524,115.602776,121.81784,169.321,177.57608
166.08597,173.57054,36.215904,106.091446,101.69784,165.40991,177.45654
167.73775,171.81401,34.094868,91.38282,89.22752,161.37321,175.94081
169.01105,172.78838,32.973167,86.15273,78.96981,159.30843,175.9194
169.29854,170.86241,28.011253,72.745705,64.51068,156.86978,175.29321
168.44885,172.06071,25.540815,62.821754,57.176773,156.52791,175.39265
166.35037,173.8414,25.292974,59.091106,54.75416,158.41109,176.14105
167.31645,171.38818,25.977303,57.981705,53.590336,156.77887,176.46475
165.422,173.03966,26.668825,58.10288,52.85493,159.95918,174.74188
168.50342,170.74426,23.56679,50.653973,48.7074,155.95047,172.46414
169.16798,170.29953,23.880022,48.526768,47.33419,156.86766,173.35793
169.10457,171.10301,26.189821,53.758446,49.363342,159.41644,174.27058
169.04665,169.4824,26.534084,55.14376,49.055912,155.8794,174.80879
168.68663,169.05383,24.516552,52.70668,50.02979,156.59154,173.49126
167.91432,170.8585,23.920433,50.99657,48.553207,154.67227,172.54634
169.92778,169.91649,23.17731,49.907383,48.625187,154.89282,171.63962
169.99635,171.81987,22.149065,49.29231,46.837593,157.7862,171.68924
170.07262,172.0741,21.925323,48.727238,45.251247,157.21248,170.4338
170.75327,174.47997,21.33195,48.3293,45.70017,159.84683,170.60538
170.4921,175.21864,20.791508,47.090443,44.512474,159.46486,169.91704
171.2615,175.48923,21.29807,46.001778,42.873196,161.03444,169.52399
170.88373,175.74641,21.681793,47.363884,43.636055,159.88324,169.85634
170.56209,175.00542,22.169735,46.6909,43.999615,159.15639,169.12514
170.23842,174.27802,22.610725,48.253864,44.782124,156.96562,170.80048
170.62823,175.61943,21.155624,46.469913,44.522007,159.7292,172.8104
170.02608,175.52472,21.470846,47.877163,45.508377,159.03442,171.86986
170.0329,174.22096,22.46898,47.831013,44.809555,157.465,171.88048
11.426598,63.055584,53.02273,153.44957,158.67126,62.69319,96.805
13.193919,71.1747,60.303204,152.0024,157.79607,56.265823,104.60201
31.512194,78.52918,65.58164,150.98734,154.13025,81.643135,106.313614
46.12172,86.05553,69.93216,146.06206,151.01108,95.35802,113.840576
50.061802,88.53341,81.50598,153.03345,149.42488,98.966545,116.50926
55.50957,90.27341,67.11315,128.26399,142.29498,99.06803,113.52507
72.95281,93.7447,58.024113,109.83777,127.66246,112.27741,105.319
72.472404,90.20254,73.67391,117.10815,127.251564,115.03823,105.0023
74.46135,88.22475,78.42049,111.7073,116.18964,118.4399,101.92934
80.02801,85.99339,69.940865,98.5709,103.492294,121.84764,90.73259
73.78437,82.40545,60.73591,88.119095,95.668915,116.92054,83.76893
69.89547,77.42728,59.011894,88.11406,94.7203,113.40282,69.99134
69.52555,80.989746,63.289608,90.3576,98.07385,112.83574,77.894936
69.605576,80.52015,62.153576,89.5696,98.2287,114.10101,76.98665
72.18633,82.75338,64.06164,88.31774,94.10719,115.036964,85.82562
76.94448,84.42445,75.93983,104.16004,106.59668,119.84722,89.69715
74.15074,89.84926,84.24079,123.948074,123.707344,117.63946,108.273636
72.19652,87.49321,81.44572,138.75748,139.34401,115.07162,108.52144
55.12905,90.82926,76.18436,134.88495,143.5119,91.74857,111.25321
45.767803,88.85228,71.518425,145.25148,151.40895,75.19576,110.99369
54.294853,93.02689,62.44269,153.1598,157.79153,51.311928,122.74748
88.40354,104.60851,59.90691,162.93645,164.34091,130.15782,145.83144
102.96126,111.36382,61.765724,166.02084,168.55399,106.16941,159.1345
116.22958,120.581024,60.868336,168.17253,170.99707,108.07257,166.62817
141.36775,130.03128,54.412292,160.88121,164.53027,124.25179,157.38293
156.35583,149.88098,47.49377,156.9589,160.49374,136.21902,140.30423
162.04457,144.83014,46.70073,155.78502,159.21611,138.69362,159.01549
166.49155,143.25516,46.73034,156.80962,160.58463,142.989,157.29329
161.92555,139.74596,50.600998,161.5893,164.54312,143.91989,140.17929
162.51227,143.67406,52.465572,161.13638,166.85533,144.86363,138.41367
163.36255,144.08319,51.864334,160.67482,165.41158,148.00447,135.33511
164.31187,136.25082,49.863213,160.52327,165.28653,145.88857,143.57846
166.15242,141.43912,48.882717,158.89653,164.22923,143.2723,143.13153
166.33447,141.33603,47.848316,159.52296,164.92813,142.32703,141.32693
167.35126,141.1441,48.502876,158.84492,164.27516,143.37708,142.3227
168.55531,141.93979,47.552998,158.3994,163.57031,148.34169,141.74089
168.91629,140.68481,47.597202,157.8605,163.01093,148.20764,142.09955
168.67992,136.5547,47.31311,158.24629,163.55405,147.56726,140.03871
166.83627,141.2631,46.327133,160.13974,164.79851,144.38953,142.92084
164.30489,138.77629,46.985497,160.04453,164.1437,147.77113,136.53825
166.2306,142.8725,46.252422,159.17747,163.23047,142.40346,140.31767
167.76949,143.20457,48.15036,159.25386,161.79083,146.15744,143.88286
167.28915,144.61981,47.220703,158.19998,160.41013,143.94101,142.10399
165.8357,146.93549,48.997307,158.40369,160.2219,137.92058,139.55997
163.84035,141.51001,47.842136,156.82639,160.58916,138.15034,151.22751
160.91971,141.3212,51.36082,158.53505,158.87509,136.62679,168.32056
154.37843,135.17004,44.741707,153.1612,155.78801,136.0656,168.34616
148.11516,126.119095,60.78068,164.13351,163.25645,120.36155,161.85146
138.75346,125.05928,59.38729,163.3896,163.2152,117.36981,159.93114
119.20858,118.102135,59.419567,166.74464,167.317,125.267494,161.69243
108.438156,116.30216,54.50549,165.3636,165.41309,118.416374,161.62492
101.97969,108.5251,61.307816,165.3848,169.16621,138.64844,157.0288
93.85965,103.590126,60.726948,165.38843,165.715,128.92342,148.42456
86.68845,95.33914,51.947884,160.04776,163.84714,121.341774,134.51208
81.077995,82.97668,52.07004,162.69652,164.71771,99.96176,115.91882
74.72579,75.41363,54.64902,161.08844,161.35231,78.149124,108.55999
51.80759,76.228966,50.651196,161.75032,162.66226,31.612013,105.869225
35.14299,70.84107,51.418503,159.04083,159.09477,74.88037,99.68245
44.149593,69.477,59.595165,158.0532,156.32954,104.92818,106.64153
53.37638,63.326855,59.14409,157.39835,154.23993,118.68554,99.64355
48.606724,62.914425,60.13753,160.92651,158.07895,113.59998,96.52961
44.11091,59.49275,60.168118,160.87773,157.91612,110.80529,90.52424
49.235397,58.13425,63.07669,160.14687,155.95154,114.48005,97.11665
49.920567,58.7573,61.776505,161.52719,156.933,112.90986,92.48898
50.93669,58.433624,59.486874,160.39261,156.42328,113.66385,91.40952
45.06553,57.360157,57.81435,158.48286,155.97786,111.98467,95.61273
44.58879,58.3758,61.35164,161.41258,158.17534,111.485466,89.27991
45.71484,60.745228,64.48118,160.38501,156.36177,113.28874,96.7021
47.87278,59.692898,61.124847,161.79652,158.3138,112.71998,86.44183
47.047897,60.724957,61.891933,159.49957,155.6493,113.48301,92.63835
43.36176,62.732647,60.699192,159.38719,156.47757,111.70249,95.93573
44.02215,60.700092,54.68551,158.56674,157.4964,113.55775,93.038025
46.99971,59.79999,55.879627,159.40732,157.3992,114.38274,90.60261
45.290764,59.36398,58.20551,158.99515,158.0549,112.23323,89.78567
45.38021,59.00785,51.66159,155.6088,158.5176,110.8797,88.623955
49.16337,61.280933,48.26617,155.16315,158.75877,111.35658,87.089294
59.20153,69.74146,68.15912,156.94948,154.76456,114.980736,89.31684
68.649734,80.31331,71.31055,154.41876,150.26666,118.223724,98.205986
76.867195,83.68111,82.39904,159.15591,147.91711,122.19215,94.31811
81.97379,91.18275,74.543785,132.59557,139.6519,123.495705,104.32365
81.816055,90.57107,66.02182,116.40203,122.50206,122.10322,100.13376
80.44089,93.256485,61.53748,105.52576,121.239296,119.47641,105.52804
81.69658,90.99396,69.806854,101.41703,109.87935,120.31629,99.0379
82.76449,90.59413,52.383045,85.83878,98.78563,117.44439,91.134125
82.02435,86.486,57.83704,87.88424,101.06568,117.72552,83.21256
75.987305,82.00743,50.624367,82.9809,98.18344,112.56233,76.50331
76.24238,74.785034,42.565155,77.67562,90.13064,116.72364,58.696777
74.35039,72.44884,38.74433,74.43743,89.00884,115.14957,54.269478
72.009026,71.29129,36.457073,72.53911,86.209114,114.7992,54.93269
72.18313,74.03908,37.408566,71.53949,84.32169,114.68107,62.2216
70.30592,76.82932,39.331463,74.21705,88.02765,110.20861,59.082874
75.85102,82.20748,49.290916,77.37479,91.21351,110.6675,67.66551
80.831436,80.88862,53.904312,82.18647,91.29596,118.49947,66.99277
80.330864,86.26162,69.48993,97.40644,108.09016,117.489494,90.86205
79.488205,85.499275,78.243935,114.32636,122.250626,121.38838,98.095055
72.08596,62.011032,56.113743,111.54003,123.56922,120.35834,175.0135
77.12555,82.02162,81.04202,145.11563,143.00053,121.689865,98.09572
74.39135,85.90297,81.619545,149.22878,149.60074,115.39012,99.59124
56.436703,78.45948,62.57494,152.3183,157.35146,75.51503,98.14635
88.3666,96.79443,57.033627,161.28947,163.42215,87.48225,122.382256
102.342735,115.08114,65.63326,168.8161,169.3593,118.263664,145.0404
117.653786,116.45984,62.887154,168.06071,168.32246,126.08685,151.12183
146.82108,122.30453,52.86861,162.25908,165.94215,126.16143,157.38261
157.4278,137.35902,46.89171,155.2416,160.42836,132.77422,147.8977
161.56248,135.14552,46.787598,155.13965,157.25426,142.15384,154.36232
165.29218,140.09923,49.924,157.66635,160.74007,139.6102,147.50388
167.80826,145.23601,48.578712,159.37923,162.40047,140.88916,146.88524
166.66782,143.19803,51.285034,162.14778,165.50179,148.82297,133.54565
168.6647,145.86084,50.82961,160.74129,163.62299,143.0152,142.05264
168.62485,142.37917,50.46391,160.82365,163.76122,140.03607,145.39493
169.61229,142.32379,53.364117,160.98834,160.98167,137.46426,153.042
167.29846,149.79735,53.227287,160.79683,163.87085,140.25533,138.7757
170.0918,143.50346,52.895935,160.75612,164.00775,140.03242,148.19832
169.24268,143.74187,53.62518,161.03479,163.1134,140.91867,146.37859
169.49237,140.59802,53.23297,160.8284,161.64589,141.20815,147.73393
163.39232,133.8404,54.897026,162.05307,164.75732,144.02194,150.81564
165.3921,136.71707,55.442673,161.1653,164.17274,143.16147,151.54556
166.6531,132.91116,57.161232,161.39824,164.3474,142.49341,155.4003
167.90334,134.02344,56.823524,160.4682,162.44933,144.19615,148.64426
164.12198,123.643394,57.653473,160.62488,162.58118,147.20212,153.74521
163.26205,132.02765,57.639465,160.23921,162.80898,146.85373,144.56053
165.97815,136.21062,57.34393,159.27054,161.0273,143.37495,140.77144
165.66872,144.8208,55.715332,159.14314,161.06993,138.66118,142.17227
163.67285,136.25078,53.439957,156.34848,157.5263,141.68169,147.99655
162.4756,136.43336,51.301,155.81395,157.43549,137.7269,153.32536
153.2343,132.91176,52.953182,156.74295,154.9177,140.44278,143.75215
150.58102,121.36975,52.64144,159.08331,159.40315,130.21571,151.07182
134.77374,126.11006,55.106995,163.64732,164.71472,124.176315,144.20071
117.33221,116.98581,57.083366,166.3783,168.73282,117.07476,146.70891
106.11672,109.46699,61.467575,168.07733,169.64531,122.57905,142.39203
95.6389,103.1089,57.525436,165.00882,164.18199,115.26125,141.86757
89.15752,88.4106,55.024933,163.139,163.5963,105.18574,119.49421
86.823044,74.418594,56.4508,163.08784,163.59843,103.200195,108.53057
58.42584,71.61908,63.793972,160.46216,160.2715,33.523533,106.69437
46.06673,68.058,51.546783,158.85063,159.40707,101.66317,102.867065
49.872875,62.768116,59.71977,159.6655,156.87428,114.03945,94.94485
45.76236,61.69245,45.713253,155.45851,156.09222,112.35613,95.20831
43.843437,62.333935,55.076866,157.66933,156.50479,111.29581,98.66734
27.62029,60.078896,59.443726,157.27802,155.33342,89.00713,97.31351
13.502357,62.32108,56.752808,155.76723,153.69708,64.38353,99.85302
41.04292,61.50753,59.03636,156.57668,154.83711,108.843956,98.24049
39.62546,60.15497,58.036297,155.23715,153.36665,109.810135,102.3147
42.704124,60.472004,63.57365,158.2948,154.76512,112.84154,101.53414
43.37874,61.46786,64.4325,158.31398,154.24898,113.390045,105.203415
41.964046,58.774956,61.882015,158.05371,154.15288,112.74722,94.37619
40.529625,57.191143,58.80397,159.42853,155.33601,110.74596,90.6756
40.098022,59.206726,57.859833,158.71773,156.05858,107.70488,93.655495
43.650665,59.334198,52.746452,159.79398,158.96713,111.20645,93.703575
44.2472,56.809673,43.085495,155.54213,157.42865,110.66967,90.612305
49.768524,59.845287,44.870033,154.40598,157.05054,113.28244,91.2929
59.620487,77.16439,61.885376,147.3496,152.39299,114.822464,103.93409
70.40059,80.64469,76.449,156.33084,151.77008,121.17327,100.98816
80.02651,91.41018,75.31493,136.4165,141.54033,123.936874,109.45954
78.63194,92.039925,62.226353,119.37979,135.96045,121.74905,108.28919
80.44082,91.960526,59.142754,105.9428,122.46261,119.953255,102.0423
82.05336,92.537834,63.570568,103.03321,119.29433,121.01879,103.91727
82.94502,92.78946,57.862423,92.087685,103.37569,117.33342,99.9297
80.66189,87.044846,58.363377,88.5944,97.79471,118.0021,90.3741
74.3301,81.373535,53.397926,84.17181,94.981476,114.115074,80.36312
75.42686,81.50789,57.11996,81.982216,92.875336,115.28963,82.24177
71.51058,77.77415,46.82976,75.31464,88.30971,113.63625,75.01848
76.51494,85.62151,51.38816,78.81504,96.37425,111.57272,81.08445
70.50346,90.68832,43.152424,72.522865,89.402084,93.40963,91.67617
72.627075,87.1009,48.65536,74.987495,88.39188,105.01414,93.70456
78.25808,85.42172,59.416245,83.44862,93.013405,118.12548,92.4131
76.90315,84.716705,69.63345,94.596214,102.56576,119.088005,94.70352
76.58464,84.08112,76.890015,105.139854,111.79501,117.241875,94.684
81.77127,83.71517,77.955734,126.83803,135.24947,124.24053,98.40482
82.64445,85.63503,73.17244,140.15044,145.65251,131.5787,91.783966
69.76851,98.153786,54.123436,128.09088,150.4345,94.35397,118.09283
86.17235,105.27845,63.41792,149.51988,158.5759,84.10767,130.8596
109.25528,112.75351,55.82401,158.93156,166.39539,99.230255,145.31
130.74449,127.89961,53.739227,160.14626,165.89117,123.60202,126.51623
148.67688,136.1323,51.702946,159.22246,163.4249,126.173615,142.30312
157.91954,139.06856,43.949627,155.82281,161.77168,132.65834,151.27362
161.13176,138.97617,47.629913,159.59406,163.95981,130.01366,152.25124
159.59262,133.07979,53.916912,162.9875,165.74109,134.4163,156.71657
165.14764,132.30696,51.12813,165.11157,167.28009,142.17526,159.01826
117.41503,53.466717,124.66377,86.25954,129.65701,133.64731,79.829216
116.49537,48.920322,130.3294,74.873856,141.03952,135.12509,77.62034
114.25376,55.28176,130.34142,65.734436,129.12892,134.91896,85.62437
109.062996,57.650536,122.952576,75.49591,127.07509,135.39227,75.47172
107.43388,51.532925,109.0963,121.11621,127.26423,119.39666,79.801704
111.40041,52.60974,111.17465,119.87085,129.7915,124.471176,170.27753
117.740105,45.10661,119.901024,102.63828,121.13627,138.41124,75.64449
112.159775,30.977678,73.46584,152.70514,156.60718,114.63882,78.47483
109.70303,57.787346,119.47328,99.21867,138.1864,131.70732,69.96774
101.95352,46.549366,122.94594,62.602356,89.49588,126.67744,77.5981
114.149666,53.839348,74.61959,141.89835,140.07104,134.2014,163.45308
118.79417,54.855198,123.62083,118.364265,150.5157,141.4637,165.3867
117.75246,67.46318,111.23756,142.69878,145.8317,146.4985,165.4855
116.376976,65.44911,100.216995,153.75821,132.76,140.99594,165.34622
104.155235,86.35219,118.03082,86.96635,65.333534,144.71712,164.86032
116.397484,80.68314,146.89284,76.07039,154.93538,143.73442,165.27786
107.52841,59.4759,103.130424,145.22533,135.15334,134.9014,132.10098
115.73987,55.857296,126.224945,89.586624,136.36353,123.61724,161.29655
101.074326,74.21331,109.109055,108.508545,122.97215,138.11125,152.5677
105.26191,70.284836,124.50896,81.69202,140.10155,145.48985,150.73763
103.42086,22.956467,110.3263,112.14225,142.53963,123.82992,61.66617
104.49367,66.74779,114.63137,99.442154,122.14787,147.5753,151.62814
114.11907,82.43484,127.27409,87.35653,123.02009,154.1277,161.42574
109.10307,88.41458,121.950424,96.905945,127.53937,158.54239,157.71727
92.738716,57.93313,101.54991,84.056435,71.834724,136.25063,92.02372
90.42272,61.356667,104.61805,99.82629,76.62754,114.88443,144.9985
100.697975,101.707664,113.48884,139.00786,125.57597,162.6666,166.98679
107.16619,88.02824,106.0576,134.70389,130.35046,156.08618,166.10526
104.68387,94.58545,109.986496,157.38715,157.53004,157.22014,163.25665
122.096985,98.2977,140.37976,70.07917,137.88347,148.41962,168.14566
101.341125,79.26025,102.92972,100.54419,114.3418,118.59821,147.15022
104.969,80.87973,123.787285,74.201096,99.34465,110.43767,151.99796
117.11006,74.85716,119.53333,98.259514,122.028046,149.21985,155.18681
117.72175,78.28306,128.62717,79.69344,121.94738,162.55763,157.96465
96.86905,57.690697,115.15617,105.99549,139.18936,124.052345,89.6801
104.263985,58.740417,119.88675,107.43226,152.61296,119.95772,171.80026
102.269455,51.186268,118.74042,97.48108,135.99918,107.66409,88.35516
102.97615,58.144066,102.83805,113.21345,152.96397,70.56431,152.62514
105.052185,63.164303,100.14012,133.63078,151.96552,112.12114,163.27255
108.09428,65.0264,83.69085,141.0191,169.6965,106.45788,160.22693
99.94914,56.45896,122.8009,115.31618,162.57631,97.95184,108.46778
94.47782,64.97952,126.65115,113.66904,159.57222,92.30804,160.16165
106.59775,43.952633,106.3814,126.09598,165.23376,83.66334,89.2553
103.0935,100.290245,104.37061,123.34198,103.053246,161.8061,157.45193
87.57255,78.286476,107.40876,87.72953,139.14635,121.960495,174.21611
88.61924,71.58589,111.43535,90.34473,149.37161,116.02056,125.86657
97.303535,63.574852,92.53454,121.8334,139.7923,111.46658,93.744316
108.47305,70.96949,134.20525,51.57786,146.13658,147.57549,172.5351
108.19671,90.15356,114.28664,81.947105,118.045494,148.48032,160.89853
117.88212,45.340637,127.01804,47.63681,92.21148,144.52005,66.795616
114.7887,40.100365,90.92905,34.749912,54.414623,143.70966,62.584583
132.64705,76.162865,66.417984,157.66133,149.55188,155.89162,170.07278
121.78538,71.76248,67.43319,145.70547,154.30893,159.03912,160.0989
116.517204,73.16455,101.79814,114.49128,140.7043,149.1603,160.20142
117.21639,81.00812,115.80662,104.95198,133.18352,154.42282,165.5302
115.857254,78.78616,104.24121,116.790085,140.8253,162.18613,160.87009
135.53006,64.32804,134.49925,122.49083,157.61382,159.29532,169.80972
113.99611,53.57175,83.18061,151.29521,161.13704,96.76174,159.16118
102.47272,43.131813,134.84886,29.486872,98.83051,122.76703,65.94085
106.80271,39.853443,137.82549,26.92132,101.80227,144.59067,69.094986
109.04029,45.538742,136.59406,23.990353,100.7416,146.25398,65.41409
120.106026,39.0682,75.86869,155.01723,158.5853,149.42429,141.4199
81.05224,52.235157,136.42046,30.931698,104.564224,53.20502,72.83168
128.43451,48.03696,131.42831,126.18831,149.69447,147.31364,169.8019
117.77587,56.777622,119.059204,135.40265,154.42168,152.36313,124.96907
101.71429,63.03534,99.8345,143.61116,139.05426,141.93129,75.52617
104.29268,40.08673,131.34018,64.04211,122.39627,142.19164,65.510216
104.869026,44.666183,129.6022,54.39539,115.948906,140.86095,61.00043
107.02595,51.549694,122.15962,119.119286,162.83167,118.09797,73.83058
104.938095,76.635056,114.67908,126.17728,154.67934,151.34343,140.58446
104.68199,71.883545,115.5313,124.19852,153.85228,151.18866,130.22078
124.50915,89.5638,143.38431,108.56032,157.99556,162.66776,167.84294
113.327774,80.71138,124.071365,91.305786,123.14361,139.68774,163.35213
108.6615,99.427795,130.90045,56.26843,115.372025,158.172,159.66563
96.72812,81.64936,105.46549,99.15893,119.39678,141.92719,149.12048
101.03099,82.16441,110.54567,113.48007,130.61392,148.11821,151.18893
98.32197,97.94653,119.12817,68.847145,105.822044,138.51953,165.54283
114.23872,73.13584,49.066166,146.70865,154.4879,131.31317,160.27419
98.33953,80.62488,105.46984,141.55858,171.452,133.14958,160.64804
102.10447,83.72851,86.38483,153.43341,172.50473,135.46164,163.81003
102.24623,74.25007,106.69928,115.79955,124.07289,133.4071,160.7651
88.667175,89.690895,103.4045,144.40523,82.33056,162.09877,160.47571
107.31186,40.35042,105.82316,126.20801,149.99196,144.81555,95.45185
96.06568,64.13776,100.9942,127.212265,116.233765,147.72752,79.01972
102.23702,60.77853,104.34309,126.915,107.49411,147.62706,76.76135
100.13013,51.224064,119.647995,93.615074,117.14628,151.67894,88.42922
99.627556,92.35399,115.07002,108.450134,118.07749,162.51639,175.43484
82.55219,88.433,102.6552,96.09748,91.1536,130.42148,149.46175
90.02505,50.32813,122.80365,85.557655,132.91252,136.02943,86.61877
85.87715,97.49903,104.44507,96.44556,138.19788,131.854,159.51234
90.088036,101.93071,105.15886,66.47796,90.37292,154.83344,168.64615
103.467766,89.995735,106.005,112.51799,124.92212,137.34857,165.13097
104.345924,97.11812,126.71392,70.19809,105.02305,146.40208,166.10362
129.99036,64.63027,140.39516,76.95886,144.62228,158.72649,169.54233
117.27698,89.3331,128.97751,66.872025,118.074295,161.3036,168.90434
121.71803,83.9961,144.49648,67.58465,139.93433,154.14742,170.32549
108.8332,80.56238,92.07458,124.91564,121.12124,150.77188,169.1662
111.45435,88.48558,121.831085,127.19614,150.83144,150.02045,165.63528
113.079475,91.86777,140.17435,48.813087,135.71307,155.56552,159.44771
111.04779,92.54169,130.30652,85.40161,130.66205,154.97224,163.17021
115.95748,78.77557,128.56464,112.12022,140.64198,148.20212,167.53963
68.51696,86.072685,117.37199,91.6654,90.50458,18.408,155.99002
107.01883,64.97425,124.42921,128.6841,147.05229,140.47726,166.42752
101.90879,51.594513,103.71879,121.346825,104.49128,146.41373,76.37732
104.47272,55.917137,103.77876,121.92022,106.67564,148.00421,70.98742
101.77451,78.59296,102.267166,133.66498,125.95722,151.43053,143.69579
103.07635,71.66286,91.67648,152.05206,158.11452,145.28711,162.82724
106.333786,87.03899,106.44005,113.00312,100.18147,144.41815,159.80695
91.450645,73.56794,126.35584,72.689766,77.79667,130.1698,85.006996
92.91071,79.36533,124.22646,81.22988,81.243904,131.02632,143.35316
100.18687,74.91545,124.365524,96.77216,144.16066,139.76578,119.62532
109.36069,68.22633,108.99656,145.28804,153.03998,148.72617,70.67858
115.45579,70.46012,130.80391,99.43375,156.20929,151.67552,163.99573
122.721375,79.006935,132.23386,115.72796,152.18373,159.89517,166.13351
124.71777,79.42316,133.59015,117.304214,150.06206,160.61757,168.78146
124.04549,74.35961,146.28958,70.831,97.443375,150.04466,161.72781
128.60263,78.38398,122.501335,136.9317,151.89827,161.99388,167.6723
84.06432,64.416725,108.332115,83.27911,104.1504,135.95416,81.13707
97.06192,73.609245,131.18219,39.83432,113.67881,143.97926,80.250244
98.19597,67.59983,129.98332,41.979362,114.98837,141.22356,74.68067
83.233345,62.142426,122.39649,51.07245,106.95494,116.233315,76.54795
97.592926,66.55441,123.47262,99.21654,120.07068,136.18071,173.0024
92.29341,72.71484,116.36195,113.249664,124.72691,120.151764,148.71603
113.38802,35.646004,87.21607,147.2637,162.39905,132.42189,76.01942
111.39217,36.470802,81.30501,148.32509,162.28975,131.37192,74.35114
118.892166,33.03032,117.51856,112.13522,142.1522,142.93785,83.33481
104.503654,74.32135,113.56699,130.31285,115.004166,141.55469,94.07965
102.66185,39.972797,117.75527,114.78171,113.47559,143.35435,80.51495
119.555595,33.837013,112.99916,136.09424,146.67839,131.82426,77.37497
90.0243,76.25252,124.73195,47.37689,116.12061,114.94563,94.67497
114.18297,117.70388,17.053503,67.01187,63.827965,125.84051,127.501595
119.374596,122.80608,16.89738,63.160267,59.407898,129.1883,128.67458
120.590004,123.36362,16.629318,61.489697,57.303024,128.50694,129.17958
118.71061,122.00996,16.646185,64.10524,61.55241,126.9643,128.45161
124.657555,127.820206,16.434011,61.679317,58.731285,129.62447,130.09589
125.157104,128.74397,16.039799,59.08938,55.43706,128.8347,129.41139
125.46573,128.2814,15.730617,58.250385,55.798477,129.3791,129.05191
126.88409,130.53989,15.142139,58.35565,56.014305,128.35944,129.90877
126.64144,129.14647,14.84673,54.40383,53.534904,129.03824,127.941536
128.40599,129.52013,15.07654,53.8968,52.0522,129.49835,126.42502
127.2428,129.49382,14.220686,54.11465,51.81431,128.04706,128.11932
127.960556,130.30937,14.130097,52.687378,50.76259,128.48915,127.839554
128.62259,130.4648,14.11246,53.315903,50.104904,129.44897,128.25584
127.653595,130.49254,14.555287,51.702824,47.95271,127.54928,127.93875
128.03697,130.18257,14.211731,50.901264,47.180626,127.35666,127.67411
128.03546,130.40773,14.117698,52.064606,50.125935,128.77138,127.36861
128.70766,130.08057,14.02347,52.962643,49.92784,129.14664,127.581345
129.49216,130.92824,14.115485,51.439453,47.897602,128.94179,127.40612
128.7192,130.23242,14.601284,55.55412,52.040295,128.77612,127.040855
128.01387,131.03531,14.250711,53.937878,51.501415,129.28154,129.4109
126.63757,129.50113,14.586807,55.427547,53.02344,128.97163,129.20142
127.030594,129.81763,14.558264,57.985115,56.94726,129.29497,129.37576
124.617355,126.15342,16.741543,63.42807,62.100693,127.58473,127.17399
120.20679,121.667816,16.955046,64.53283,61.02846,125.85667,125.65509
119.2636,121.13321,17.38357,68.91863,66.16688,124.79331,126.49803
117.85282,120.85597,17.82538,70.19982,67.53293,124.93781,126.825134
112.48588,115.216515,16.780397,69.04898,67.212074,125.00072,125.421005
111.588425,114.70381,17.827175,70.7253,68.20823,123.29783,126.137726
109.907684,113.56961,18.409279,75.89091,73.70819,124.53778,127.641365
114.85685,117.21541,20.218605,81.41932,78.61175,124.8719,128.802
108.789185,113.61975,18.864376,81.41884,76.384346,124.04303,127.14556
109.180466,112.36143,21.119068,89.87689,85.04062,123.67398,125.55597
108.74592,111.23121,21.454916,90.19519,83.732,125.4701,126.44879
103.23352,105.69313,21.882845,93.005066,84.14606,124.66909,125.10898
100.19529,103.907646,24.402441,98.36327,88.18252,123.73864,124.93949
101.61062,104.10845,26.83417,105.2801,90.96677,125.29076,125.231
99.10762,102.21653,29.882366,109.636,91.30194,124.79326,124.70056
97.669655,100.32841,28.885654,114.81079,96.92113,123.63295,123.76436
97.83658,99.27745,33.095257,122.29232,98.511444,125.56865,124.77088
103.74748,103.37643,29.854902,123.67258,105.400444,127.963684,126.61349
104.37547,102.111015,26.023155,134.70763,128.57393,125.87276,123.94302
102.36012,101.3583,25.128117,136.5509,132.14491,125.73411,126.28254
102.25911,102.17832,24.48629,136.74724,134.59647,126.07758,126.02293
98.22374,96.74031,24.434412,140.4195,138.96257,124.79075,124.57852
93.65743,92.709045,24.35798,142.62343,144.1874,124.20611,123.81605
95.24423,92.915215,24.131077,143.53462,144.54497,124.54023,122.91402
97.49255,97.53139,23.577087,139.55672,138.56154,126.136345,125.06275
96.42698,95.77398,23.639212,140.0594,140.26404,126.87207,125.60205
97.14738,96.90793,23.903784,140.04732,141.3712,127.36354,126.02939
96.084785,95.57795,23.867315,140.28593,141.35712,126.92824,126.06571
94.97048,94.57192,23.819668,140.626,142.2342,126.51317,125.696686
95.92167,95.00255,23.874454,141.32887,143.14401,126.941025,126.000946
96.38858,95.467064,23.781712,140.08757,140.68521,127.04322,126.06253
96.40687,96.30901,23.840815,139.49785,139.6733,127.50315,126.836494
96.36598,96.2773,24.049576,139.0384,137.9714,127.25246,127.20369
96.821846,96.6538,23.764303,138.73367,137.61702,127.370316,127.59296
96.59928,96.46878,23.909,139.14238,137.13812,127.289116,127.44001
93.942696,94.13688,24.037691,140.04324,139.85524,126.84966,127.340225
94.65154,94.83304,23.830261,139.65175,138.64064,127.12541,127.54356
94.94069,94.615555,23.589832,139.08388,138.147,127.30383,127.13588
95.79819,96.360214,23.784744,139.15334,137.2235,127.020096,127.45105
96.05403,96.495544,23.763582,139.55794,138.43784,126.98312,127.22659
95.23421,94.82412,23.6604,140.5548,140.66634,126.50014,126.63069
96.37396,96.25737,23.552607,140.01149,139.55504,126.576004,127.116684
95.8908,96.38952,23.697409,138.78735,137.327,126.90952,127.09175
94.829605,95.02839,23.799889,141.00758,142.202,126.64697,126.862045
96.25623,95.98693,23.984262,140.73686,139.61452,127.24843,127.55323
94.45067,94.51659,23.94063,141.28708,140.6876,126.400536,126.64656
96.23367,96.60556,23.691025,140.24168,138.85735,127.18772,127.14189
95.45912,95.708755,23.947556,140.01767,138.13887,126.46768,126.87783
95.80418,96.72109,23.945032,141.03337,139.62846,126.07567,126.88114
94.334564,94.201,24.181799,140.23984,138.74353,125.702576,126.642654
95.75845,95.582146,24.267742,140.56796,138.38368,126.13543,127.78726
95.87508,96.25375,24.252125,139.54292,136.54698,125.01929,127.40608
96.86385,97.336235,24.223957,139.83594,138.40042,124.81396,127.22464
102.523285,103.93304,24.452742,136.29861,133.47997,126.29664,129.77118
102.6815,104.81846,24.802847,133.81854,127.71703,126.28043,129.90306
104.84037,105.16388,24.611897,131.07565,125.54769,126.80468,129.29137
101.41888,100.17917,24.925661,134.19589,127.36371,126.19204,127.73468
104.01386,102.52592,26.089226,129.94885,121.13523,125.89614,126.74703
108.9786,107.3606,25.705084,129.54788,125.15165,128.4762,127.30311
108.77672,109.02465,30.810774,126.52437,110.726845,127.70487,127.15633
111.386086,112.245575,28.113401,117.26841,104.18442,127.72421,127.48649
103.398155,105.35976,29.33059,111.21987,92.8902,125.54672,124.50112
106.76137,108.39466,29.749594,119.449524,103.32641,123.74165,123.295975
107.4672,108.83575,25.162651,101.25901,91.0141,125.80929,125.00681
110.539055,112.87886,24.545746,96.49751,89.65479,126.47981,126.36423
111.48895,114.538025,26.625315,99.38187,89.20584,125.04328,126.55303
107.17917,111.45,23.21152,85.67136,77.35294,123.82406,126.354256
107.12243,112.367294,18.89317,75.1166,70.55589,125.68811,129.49797
106.70823,109.44148,19.731844,75.71471,70.85121,123.492065,126.99957
107.31,109.42314,19.711653,73.759796,68.34759,123.35871,126.53695
103.58873,105.706215,20.316336,73.66356,68.47027,121.52422,122.82058
104.42179,106.570274,20.949993,70.54164,64.48738,122.50833,123.50803
108.8098,110.395935,19.557312,67.733376,60.643394,123.588684,123.11491
112.830795,113.25539,18.207087,62.17837,56.68501,125.46882,123.915306
113.86885,115.48924,18.003763,61.34265,56.508995,125.254845,124.59913
111.87629,114.475105,17.73737,60.95748,57.001892,123.92491,123.43386
115.76241,118.81782,17.069576,55.900665,52.422707,125.24123,125.317986
117.54958,120.53207,16.030018,54.775303,51.348675,126.70685,126.771675
118.56435,120.50516,15.867678,52.259987,48.49356,124.785484,124.94884
121.23823,122.729836,15.134935,52.60746,49.69315,126.031654,124.95789
121.377594,122.18055,15.230047,52.071476,48.332462,125.41169,123.35261
122.81735,125.83061,14.928903,50.031013,46.180923,125.560684,126.73144
123.49844,125.85041,14.977303,48.2519,43.892536,126.85312,127.507164
121.09455,124.07978,14.483856,48.759468,45.242188,125.10606,125.365135
123.13188,124.99816,14.495307,45.62021,41.70876,126.71186,125.415886
122.09788,123.70574,14.570161,47.09232,43.417908,126.951584,124.60226
121.46699,123.702095,14.67136,47.79471,44.4121,126.54788,125.21496
123.10694,125.740005,14.566941,46.865208,42.982857,126.45854,126.14808
124.38845,127.18411,14.425711,48.35216,44.808258,126.768234,126.25741
123.49272,125.11086,15.500002,50.332466,46.775032,126.55087,125.34308
125.43072,126.712135,14.954558,49.62229,46.093098,127.36488,125.90408
120.78856,122.476326,16.226206,51.822594,48.040314,124.729385,123.1339
117.701614,118.84224,15.975463,52.896553,49.00202,124.63401,121.856575
122.79499,125.10794,15.358197,56.299095,52.68923,127.231995,126.04474
120.76354,122.94792,15.845666,57.81795,54.316196,126.18979,124.8826
117.413994,119.2666,16.843578,61.91946,57.96298,124.75904,123.80574
114.57352,116.084984,17.066946,65.95508,62.279396,124.73333,123.49447
108.661285,110.44648,18.941425,66.68153,60.856075,122.23347,120.89582
107.77878,109.42208,19.838625,70.15381,62.46455,121.86278,121.05241
102.45325,105.31231,19.429014,70.79435,65.433075,120.92767,121.80898
101.62717,106.07269,18.81552,70.30853,64.891594,121.94778,124.6998
103.34354,105.9583,18.427296,70.904854,68.00354,123.93205,126.06162
100.755196,107.49728,18.600933,76.07167,72.36999,122.60787,126.38457
99.6545,105.78579,21.307095,81.9253,74.36862,122.37463,124.20452
105.414154,109.29129,23.906784,92.55031,85.01845,124.624405,124.57678
105.2947,107.67296,24.717718,92.57823,82.79081,125.70666,124.46926
102.570435,104.86009,24.162542,92.27271,80.75701,125.74555,124.185165
103.5499,103.8452,27.301155,103.79212,90.12095,125.69744,123.9405
102.21874,101.17161,30.757727,109.324326,91.42579,125.52603,122.326385
102.50102,103.66929,31.146563,118.06581,99.55736,125.67441,124.16614
101.31552,100.497116,29.548927,117.14621,99.19661,125.724144,123.892494
97.803055,98.04925,28.679737,126.44809,113.53464,125.02852,123.772804
101.97768,100.7653,26.440828,130.36763,123.39947,125.46211,123.84167
100.6308,98.96443,27.082941,133.25446,122.99633,125.24776,124.372765
99.45946,97.945274,26.132433,134.735,124.55084,125.35919,125.211296
98.50883,97.07069,26.446718,136.235,124.13057,123.93367,125.1378
97.253334,95.75635,25.116919,136.1576,128.49254,124.30969,124.91566
95.75778,94.85256,24.744566,139.76904,137.14738,124.27848,123.94406
95.7201,95.52031,24.564037,139.26564,136.24088,124.63674,125.461235
96.57331,96.26036,24.029104,139.32507,135.76009,124.52949,125.558975
97.31464,97.08366,23.170673,139.44205,137.90895,125.249245,125.0857
95.71482,95.51803,23.283176,139.35722,136.83221,124.188255,125.375015
96.98077,96.59419,23.17548,138.92267,137.15173,125.36128,126.01157
96.85444,96.25378,23.478302,137.45123,134.26945,126.53942,125.66393
97.09149,95.99943,23.735634,138.42953,135.05278,127.51435,126.17073
97.54909,96.45489,23.35194,139.65324,138.45665,126.93365,126.04909
97.76522,96.59415,22.943249,138.16576,136.23111,127.55454,126.0788
95.646515,94.34706,23.121264,139.78873,138.74985,126.67604,125.38848
95.44713,94.76628,23.268476,141.98637,143.49277,126.651306,125.82235
95.591675,95.441284,23.271296,142.17413,144.09105,126.57389,125.88815
94.14231,93.837685,22.962524,141.7866,142.81523,125.99498,125.75231
95.05575,94.915565,23.457653,142.2883,143.3064,126.5925,126.181206
95.3126,95.26919,23.462088,141.13339,142.42963,126.91701,126.07956
95.53986,95.6586,23.4015,140.51913,140.71794,127.03926,126.75517
94.04665,93.243835,23.736355,140.52856,140.59433,127.00681,127.70445
94.5101,93.85549,23.839827,141.1446,142.24138,126.55329,127.379005
94.70309,94.114204,23.57153,140.55615,140.15543,126.71025,127.25856
95.73382,95.32923,23.6473,140.34975,140.104,127.18219,127.44324
96.70902,96.80102,23.212471,139.05475,138.85307,128.1184,128.13211
96.91825,96.913025,23.075708,139.14868,139.18962,128.03781,128.59573
97.60137,97.57892,23.26493,139.47197,138.76706,128.11755,128.4438
96.7673,96.17842,23.427393,138.62457,136.88637,127.35282,127.66881
97.110054,97.91887,24.054312,139.30928,136.14296,127.443344,128.05531
97.55967,97.647545,24.33679,136.51967,129.50146,127.02342,128.68433
93.810936,93.77649,24.010849,138.70686,134.11609,125.30857,127.89859
96.49226,96.94272,24.051186,138.2401,133.08148,125.80134,128.35353
96.84164,96.279076,24.040995,138.31496,132.78703,125.94447,127.7985
96.27502,95.35865,23.900599,139.66725,135.74332,125.55382,127.61918
97.997055,97.04064,24.078228,139.99936,134.43234,125.10383,128.12398
104.963036,104.8753,25.041603,132.28215,125.07812,127.6871,129.85944
105.31151,105.08483,24.51196,134.48357,132.80524,127.62452,129.36365
104.78589,104.99391,24.585627,136.84314,134.47876,125.89026,127.30499
102.89402,101.590576,27.253231,132.62389,120.61037,126.37095,127.7321
103.47552,102.23712,26.358114,129.86018,121.428856,125.15923,124.7549
101.80564,101.43183,28.096453,130.55717,120.17371,124.0643,122.95083
102.24518,104.05785,31.74933,126.10468,108.085335,123.00091,122.906654
108.40886,110.28067,28.979204,112.40434,96.6995,126.36429,126.11498
103.60077,105.251274,29.060534,116.08302,99.60209,123.04065,122.5337
106.77929,109.98986,24.006182,99.968636,92.90253,124.30233,125.29394
109.69703,112.88066,25.570866,104.34131,94.183525,122.8915,124.708374
107.84653,112.4372,23.16615,91.427536,87.31783,122.66399,125.74512
109.12699,115.16901,19.305758,82.07731,79.71403,123.60064,128.70769
112.42355,117.67105,19.41555,79.34987,74.56146,124.74513,130.47961
114.55873,118.24718,18.600227,74.41464,71.681,125.20441,130.05756
114.59608,118.81428,18.108019,72.43175,68.79957,124.39927,128.26231
111.64245,115.20627,18.827406,70.48327,65.191345,124.44585,126.525925
112.40098,116.392784,18.937449,69.03433,64.14009,124.526855,126.99097
114.47002,118.061356,18.357744,69.04288,62.958023,124.59012,126.74202
112.1593,116.09075,17.826763,65.21022,60.191208,125.43527,125.71047
114.533195,117.65799,17.767153,65.843376,60.973217,124.92689,125.9508
119.20619,121.556435,17.263628,62.761486,59.602726,127.12761,126.43018
120.23347,123.02448,17.0501,59.71035,55.569366,125.799,126.59997
119.604744,123.51735,15.924261,53.81806,50.46811,125.46417,126.50754
120.82593,125.389114,15.116283,53.413654,49.7315,127.78999,128.68594
120.1866,122.6566,15.096339,51.60379,48.08226,126.78451,125.08446
123.40886,125.37536,14.738373,49.838947,46.788876,126.338615,124.49236
123.987076,125.292435,15.52776,53.226265,50.071796,126.20474,125.37205
123.11529,125.745255,14.881091,51.43849,47.93831,126.475784,125.788666
128.38159,131.07571,14.075928,49.10885,45.076317,128.71527,128.86212
128.08705,131.0181,14.163912,49.59269,45.318325,129.37335,129.9016
127.66637,130.45969,13.914422,49.511204,45.289764,129.22812,129.18068
128.52737,131.72067,14.120064,48.29652,44.22269,129.30653,129.86035
127.444984,131.31715,14.036556,49.17518,45.03199,129.30725,130.09654
127.222565,131.39886,14.114435,50.12269,45.59722,129.48146,130.19249
127.93116,130.06313,13.594503,51.033833,48.146187,129.44823,128.10876
125.669876,128.01234,14.346703,51.74882,49.170017,127.77062,127.000725
125.10305,127.86185,14.713856,52.309475,49.202705,127.82764,127.247536
124.91713,128.52962,14.826832,56.524,53.348984,127.70589,127.56063
124.809296,127.753845,15.401862,59.798317,56.81051,127.98973,128.28346
118.9663,122.18525,16.26979,58.550606,54.323994,125.247696,126.26966
122.05511,124.91628,16.638386,63.54219,60.10584,127.45326,128.22948
120.21539,123.770996,16.775501,66.5131,64.904175,126.682846,128.72345
116.501366,120.0436,16.685993,68.46209,65.799835,123.82676,125.93304
113.99893,117.06102,16.838795,70.853546,70.20892,123.56093,125.91695
112.57093,116.3662,17.918,73.64204,72.8442,123.60516,127.990036
111.64601,116.86428,17.444473,73.66509,71.56666,123.2613,128.81459
111.8079,117.52185,18.316776,77.21261,76.29908,123.99048,129.30782
109.00739,113.39967,19.778624,79.04403,75.64372,124.27221,126.91866
110.80097,114.85168,23.64072,90.24607,87.12117,124.091225,124.66906
104.79967,108.67252,20.108763,85.49489,81.84533,125.40628,126.59979
105.37614,106.911194,22.563004,94.94883,88.11598,125.79005,125.64235
102.991135,105.18006,26.195608,107.13985,93.385506,123.94428,124.216385
102.32872,104.503075,25.524708,104.67841,91.43298,125.24332,124.53066
99.95451,102.13784,27.326593,112.07855,98.81095,124.627396,124.83437
93.228806,95.54445,27.4526,113.20814,101.54082,122.178856,121.79519
100.7982,100.44665,30.369461,123.10661,105.83195,124.896255,124.39972
106.0321,104.98461,27.341528,124.001175,110.42545,126.576775,126.52637
101.40417,101.4731,27.472986,122.63433,108.73952,125.564,126.12466
100.22065,99.554214,26.093855,136.47388,127.90588,123.37231,123.34837
100.67326,100.33615,26.950624,134.76057,124.66402,124.1271,125.34557
101.77772,100.5487,25.564947,135.14401,127.999695,125.20441,125.87956
101.68844,100.244095,24.836374,135.2283,125.94236,126.381714,126.65845
97.69629,96.43834,23.151936,140.43958,139.89514,125.01393,124.369545
95.17108,93.123436,22.665743,139.72276,137.69832,123.52678,124.47855
95.93291,94.38775,22.46857,139.59772,138.12112,124.38443,125.66236
93.92876,93.14188,22.596054,138.13644,139.07132,124.41377,125.5133
92.874275,92.15039,22.611372,140.25235,141.67563,123.864944,126.096855
94.77573,94.081985,22.554672,141.87306,143.14893,124.79621,125.81691
94.15609,93.97104,22.849451,139.20895,139.42323,124.694275,125.39866
93.95819,95.068115,22.88341,139.3834,139.97855,123.92409,125.89237
93.441765,94.15066,22.626656,140.01733,141.18468,123.869545,124.679535
92.48896,93.984955,23.088158,142.58595,146.14536,122.42777,125.01409
95.43449,95.58242,22.832859,141.23361,140.91908,124.372154,126.39823
93.8867,94.862854,23.11888,140.83691,142.93253,122.8632,124.24273
94.3149,94.613434,23.16635,141.00879,142.65448,123.762924,125.33498
96.75786,97.08143,23.318281,136.59068,134.3831,126.19157,124.63315
94.72372,94.93968,23.844355,140.81358,141.6824,124.36469,123.710594
96.247765,97.107315,24.559864,141.29988,139.0712,123.72458,124.99292
94.418335,94.42207,23.920929,139.63351,137.57512,123.179436,123.91162
94.70455,93.85671,23.965933,140.0944,138.35567,123.11418,122.2309
95.14298,93.83474,23.909676,137.5266,134.57288,124.72398,124.20272
94.52838,94.60874,23.859709,136.67612,135.76338,124.78543,126.297485
89.77623,92.09458,27.19895,128.7257,118.01286,123.051796,123.30089
118.63038,99.20576,47.46257,63.120228,84.70408,104.06249,172.51268
76.69864,69.989105,77.36883,41.54134,49.167606,167.31343,166.76907
78.59489,57.1935,60.231678,74.07202,95.52809,171.12326,145.62146
60.60973,58.64075,67.13636,55.944576,41.325462,160.26506,160.63838
53.478436,60.906544,85.50358,52.892868,51.1532,144.28856,171.01314
19.780924,44.45632,44.353786,127.6569,133.48393,85.9375,94.480835
50.269917,40.54109,47.098038,127.4097,139.03813,113.235306,129.35417
35.103,46.905888,40.032787,119.54149,133.12883,93.9615,85.85829
38.063625,38.575417,34.455143,108.6041,132.259,93.76792,88.671814
93.67468,65.88071,150.98439,20.819227,60.037777,157.8851,84.146034
43.814335,26.223553,31.840748,107.290276,140.87141,111.17288,55.060078
3.7064967,15.93215,31.553263,93.10541,135.79451,83.11492,85.52171
41.038715,73.557785,32.695625,82.2147,127.27366,118.42386,114.357254
15.205679,33.48488,35.818302,69.240364,113.51206,107.299904,43.402317
15.943293,26.352804,37.91491,72.26976,111.979355,105.170715,145.45874
4.4560604,22.556461,28.898716,63.37704,87.74832,103.14831,142.79637
5.991226,25.104156,31.347504,68.974556,103.36011,86.080055,137.06479
1.6273851,22.113646,31.535337,69.55926,103.25563,94.29029,141.67876
12.76679,31.427656,32.739437,71.8547,108.90878,100.01252,134.03152
16.20467,66.89743,37.20738,63.986855,109.39742,106.55204,113.41865
57.885582,68.57147,32.570683,67.255516,102.18468,117.40596,117.482704
25.295141,67.66144,26.223114,61.417126,74.55679,77.04701,98.35466
34.99566,66.916405,47.765205,59.01542,108.424866,103.97292,114.90399
20.698324,66.84157,37.95979,56.134796,90.16918,80.254196,110.57187
4.056275,34.99651,46.836998,54.740116,95.794624,82.41312,131.92305
4.5934606,33.846645,42.463795,55.360786,87.16359,78.41115,81.935356
4.336844,28.295343,26.258966,54.83231,44.495758,105.1846,83.477875
4.666316,31.988956,27.24852,50.89141,46.909885,104.30107,115.06565
8.837157,30.949833,27.090975,52.380833,40.906536,118.61601,116.277176
1.626904,37.66095,30.651777,52.600243,41.157707,103.27513,112.93367
0.5609284,35.461224,30.650732,52.03928,36.997032,115.81196,109.46585
37.93284,38.336506,31.733795,49.295662,44.416313,95.77062,111.55015
52.573322,41.482193,34.045856,54.118782,43.19334,100.27207,114.86647
55.774685,62.15383,27.871403,49.10679,42.834846,108.948006,96.29175
58.256195,74.60931,25.424545,43.17852,39.11841,97.141785,100.21385
58.231724,71.92738,26.96484,43.863995,39.081635,103.00255,102.3838
50.379787,66.51662,25.220339,43.984276,34.25802,103.357925,91.77353
46.186592,65.26595,27.317099,40.112106,32.860905,93.34339,98.87514
63.340973,68.832375,22.549969,42.61266,39.112904,109.28026,93.28123
11.370923,19.172808,29.363924,40.92151,33.687786,111.61314,71.053795
19.504253,16.83785,28.769987,39.02206,35.78717,111.58778,59.05203
21.856588,15.902077,26.757044,39.74819,38.609913,110.60506,48.48216
13.861893,14.167442,29.38294,41.774166,43.344406,111.59718,54.887665
23.504845,63.730892,28.662085,40.39655,42.569366,88.07525,90.97403
9.936876,65.138,34.069695,42.67622,32.70713,28.345482,91.23686
11.203964,24.368105,30.376024,41.77978,39.315434,106.79168,21.141653
39.48124,38.05409,32.618248,43.032307,31.494482,108.04517,33.491146
36.95397,39.819347,32.545265,43.901558,40.992104,96.55714,55.829105
32.027752,43.482956,24.325998,48.159843,40.414658,118.51817,88.50793
8.823051,29.473894,30.667456,47.64753,37.70283,63.639103,66.06968
44.301155,59.68236,28.0854,44.229317,34.102367,93.44506,69.06292
52.78095,63.385853,27.757492,44.86622,38.43019,95.69543,86.845184
53.881844,60.60973,27.792997,46.385868,43.43423,94.547295,102.55359
34.525753,59.251354,31.188612,45.64466,40.36322,73.56975,112.34595
48.597015,60.41489,33.989063,38.601486,42.26427,93.83372,103.547356
22.761042,45.65138,25.201345,48.2892,41.89419,82.848434,97.750565
43.490402,60.42131,22.730032,52.66521,51.451515,88.925026,114.54889
8.022575,68.64305,20.418266,49.729813,44.14628,47.93261,102.90443
13.300863,52.330215,19.665157,52.695858,48.229908,70.90419,107.08133
18.178143,62.97079,20.58422,51.211304,50.420692,23.090405,111.261566
8.906754,83.84402,54.728657,50.14981,85.62398,17.23057,126.66476
2.714763,45.390797,36.86406,54.9529,65.802155,91.19306,120.523026
15.8729725,50.433735,55.93915,52.194885,93.84855,58.215572,126.35738
5.3213024,45.045834,24.24598,53.54033,73.62065,83.385895,123.37325
3.6267684,42.310837,31.022741,54.927334,67.79184,90.71947,125.09552
6.4738717,44.114315,39.468357,56.412148,78.288704,96.93079,125.07312
11.2107115,45.63697,19.822569,56.64889,66.6922,90.8717,124.49148
51.254696,51.02096,45.00491,60.757782,96.961716,105.14713,133.73071
23.057648,49.858467,24.08392,60.072666,80.59474,97.30719,127.3625
15.097715,51.540188,27.26268,66.69564,97.25065,81.23421,129.36183
14.858814,49.48311,26.587156,68.399734,99.25541,91.85691,125.940346
35.081436,69.955246,28.563122,69.081184,106.45933,151.5065,136.68536
31.594612,70.347694,42.79538,71.09487,121.078445,116.04331,134.92252
20.339556,66.56513,33.472168,76.56628,123.92258,71.32337,134.82603
3.171817,45.521904,29.848095,83.86034,128.09715,100.57223,137.14209
5.4716363,42.144527,32.91497,88.326195,129.16394,99.511635,138.34625
22.257528,43.84752,27.92319,98.17373,136.06032,108.09939,128.72963
15.2830515,67.77529,30.986269,88.840324,130.54118,110.39574,138.01079
7.0927367,51.75541,26.820488,90.83752,125.5719,91.417175,129.59087
7.351057,69.66324,37.637066,134.98412,151.73512,85.30165,125.79048
11.523177,59.39087,38.045753,128.68185,141.18214,94.28473,110.46323
105.36744,114.67122,21.987751,146.54996,140.6536,151.2238,153.27348
71.053375,50.904217,23.853485,148.67982,149.70555,146.51616,167.80077
143.61542,145.78311,29.69038,147.9534,138.11107,144.25487,159.85999
120.05681,138.39752,39.764896,146.11946,138.28078,150.07605,151.6265
56.86763,66.2737,17.473373,174.73045,168.06735,157.7395,160.15936
149.70616,140.80627,29.823845,140.71214,131.26741,132.52664,155.28123
132.39134,122.33707,29.851019,131.21965,153.23294,117.54509,119.03138
40.24306,47.366425,48.064987,156.39279,145.78174,113.29966,120.38454
40.373116,43.56187,55.46869,163.98405,153.69885,126.502174,67.073
44.940083,44.029945,55.196518,165.79869,152.99028,119.83323,80.72637
42.07122,72.56387,52.880573,159.90509,146.33401,111.64485,108.89475
46.685165,52.923443,58.734097,166.53212,153.738,121.113464,64.06057
37.92336,45.426247,50.928528,163.67033,151.00354,124.09081,90.23551
38.060684,49.066017,53.651485,164.93744,152.65517,122.35465,100.35662
51.837337,63.82455,9.966419,169.91972,174.9026,150.85422,158.47162
34.192528,61.535328,45.803013,149.75577,149.81168,104.02832,90.1889
52.547943,67.291435,37.919525,126.729355,134.06882,74.412506,118.18671
58.858135,58.796036,40.618526,131.56175,143.04077,127.708984,112.370804
20.588068,56.683556,40.954613,120.61519,136.9816,90.722885,116.45448
18.592281,68.13627,29.956785,91.752464,127.94736,73.742645,119.24608
104.45749,93.13672,47.2566,32.046665,34.333332,148.84827,142.0509
19.352743,49.85021,27.480469,85.094955,125.441734,69.487946,115.56331
12.561827,37.854683,33.722485,84.03691,125.49446,86.259926,104.70718
13.668319,52.817608,30.416672,73.82504,113.11523,77.58005,144.35782
8.801741,34.121315,44.93052,72.98232,122.314926,91.18658,144.10622
4.4004173,43.10432,32.605892,64.90201,98.21053,96.87157,111.629684
5.184969,21.092228,34.502438,67.81498,105.57243,100.77027,156.14383
6.862042,30.188707,28.029085,63.92618,83.52805,110.9276,129.10281
1.4379022,31.4337,28.911024,60.902157,79.845436,102.61696,124.63244
4.1828704,61.999023,32.683678,61.910374,81.101944,102.156166,108.60189
22.637197,63.13832,35.142914,62.405384,84.642265,86.50434,104.81281
32.57531,61.59994,28.57387,58.860107,65.25037,94.97071,111.09706
9.965276,69.57517,37.673817,59.640923,87.725685,60.233017,109.12502
20.434608,62.12799,39.449924,59.84559,83.95498,73.44152,108.317375
6.729543,28.763182,30.44468,53.089783,47.24499,94.563156,73.29212
3.2677646,34.74955,40.096664,52.44106,73.87608,99.749275,72.10234
1.6267837,27.693527,31.110052,51.871113,51.669636,109.33238,101.61014
5.740473,39.40746,32.7686,48.31871,48.063026,81.0451,77.87026
45.412605,72.91794,26.094973,47.541763,46.284813,92.59709,105.5104
2.4106216,34.63351,27.968771,47.59822,41.680416,107.31942,91.054344
5.6120276,27.347958,31.661463,45.026077,33.915966,125.35971,100.950386
28.30256,75.969376,24.411276,41.279736,34.790554,102.109055,104.579605
23.077618,66.56047,25.353943,43.765633,37.081333,107.67394,104.345955
3.752072,48.658264,29.464981,45.89031,35.3908,75.58569,68.80175
4.849614,20.272066,30.608309,50.274998,33.166306,105.17514,82.23091
6.1317487,13.987331,32.735943,45.081295,33.439743,103.42315,87.4086
9.512976,20.54139,35.61499,45.666138,34.284172,104.66279,69.20238
16.261707,23.248592,38.058548,45.835197,31.506811,103.732574,76.47334
10.959176,21.72398,41.938904,50.934994,31.574497,112.39259,91.403984
9.840889,24.972935,41.341774,53.18307,33.014236,104.62475,99.26673
9.753929,14.104754,41.79039,50.29147,39.52727,106.2327,107.015015
5.421734,15.2944355,44.54246,44.72379,24.833536,108.713715,87.24796
8.843735,14.283554,44.621487,43.887085,29.799059,106.203865,83.44112
1.2927091,10.718967,41.178547,47.91517,30.235846,99.78257,83.01675
2.6691716,19.825388,36.984455,52.094223,38.487934,103.12497,67.0402
3.6604087,13.323036,40.3419,46.063858,28.909222,102.03229,87.44409
5.6886835,21.439196,37.1943,45.868073,32.959286,100.72726,70.458885
9.010116,21.666824,32.190487,43.11807,34.026382,89.9953,74.47415
19.4642,26.633924,31.33196,43.716568,31.01967,100.48331,58.34755
20.840048,42.961674,27.368113,43.885815,36.31622,99.289246,40.35724
34.578663,51.860767,24.41316,47.018185,39.186043,96.40011,46.065964
23.941977,60.596813,24.131845,47.68599,42.42235,61.323067,85.26537
11.646944,49.27853,23.739315,48.828506,47.189,72.5556,91.06157
6.3479824,47.040768,20.942417,50.343716,39.514626,86.00571,91.65302
8.721207,35.551353,38.148598,48.022434,49.354885,48.923252,149.65466
18.17693,73.425896,20.36798,48.888424,51.92517,20.891153,110.004684
82.15791,83.8063,98.39108,140.96368,149.92445,108.810234,92.325836
75.23504,79.93926,102.128746,139.37665,149.91025,112.31773,88.80505
66.846245,83.029564,103.88906,137.42554,148.49593,107.926765,87.5015
60.656597,82.16374,92.16198,139.83298,155.20848,113.242676,95.22789
57.98725,71.57226,88.5592,142.69655,154.56631,106.845604,92.81024
56.22678,75.014496,92.855034,139.11613,147.8124,110.04785,98.614296
46.624836,69.208244,96.221436,144.48997,153.60632,116.0132,94.39671
45.869987,51.775608,98.943115,144.20203,154.40094,109.16186,95.511955
24.394802,53.682217,91.70819,153.20348,161.61378,115.44035,108.46669
29.380829,34.45637,97.92015,153.42076,162.00307,114.51084,112.77871
28.195707,38.983418,98.0652,156.75046,166.07204,113.87153,108.224525
31.66387,36.03952,85.00341,160.54382,162.06535,128.0828,119.64931
18.401112,28.456127,85.315254,160.78926,163.81154,114.689445,124.97456
31.907402,26.291801,73.81064,168.42749,166.23663,124.37985,125.59317
39.103275,26.853523,66.74746,170.56203,165.74332,129.67297,125.070854
54.66474,31.480753,66.12208,170.58693,162.96239,154.03104,124.45623
45.48993,27.016617,64.27254,170.12373,161.78867,145.62714,125.25963
43.962715,31.932209,61.6054,167.77036,160.97324,149.64012,126.23107
45.19173,28.247784,61.757793,168.77348,161.00945,153.67188,127.713165
48.875507,18.754963,61.664856,169.21901,161.64551,155.32521,130.64233
48.711903,14.231373,63.58722,170.18591,163.34488,156.87082,132.34093
48.483025,14.41493,62.80711,169.97684,162.78001,158.83849,133.56046
48.06437,14.885772,61.430164,170.10124,162.87367,159.41959,134.2109
49.355247,14.936072,61.987755,168.73448,162.53917,160.73033,131.54814
48.867542,15.605795,62.759403,170.84232,163.86479,158.61931,131.59415
49.1524,14.977805,64.75578,171.22487,164.3942,155.62218,132.18208
48.332638,16.06313,62.326927,170.91978,164.61874,152.8995,130.28113
49.495754,18.814968,61.767727,170.16756,164.0117,150.51178,124.340675
46.354496,19.050205,62.609642,169.99013,166.34103,147.60095,122.471375
39.542213,19.319946,63.7206,170.66922,167.49138,137.14247,123.465385
41.201385,31.96097,66.03872,172.1375,166.09204,139.06308,115.69564
40.6301,28.43811,68.59831,172.69128,170.55571,139.66681,113.43988
44.137936,25.86416,74.0172,170.68915,171.58496,146.29788,110.71793
48.93204,29.332792,75.55603,175.31804,174.10202,145.40793,116.094955
46.492092,29.140436,74.80173,174.59459,172.65257,139.46144,115.107285
53.874554,29.322514,78.743546,175.18748,173.5658,148.03162,113.39675
46.71078,27.54185,74.42929,174.86568,172.52621,142.57124,102.23579
45.29375,25.826487,75.55686,175.64958,173.88983,139.25986,104.30839
41.162384,33.179512,74.218216,175.85185,170.71207,142.40198,118.95253
42.646713,26.579588,73.00419,175.66653,169.6634,142.6761,121.30419
42.872154,25.432753,77.71534,176.3442,171.13225,143.36809,115.71672
45.44276,17.15979,74.948235,176.1342,170.56117,146.64555,122.93523
38.84151,19.084932,83.92646,175.9576,171.3836,141.52837,122.60836
45.05152,17.127247,69.85216,175.73717,166.24559,152.32716,128.8457
37.57504,15.080452,80.12615,176.6731,170.79044,148.58234,131.37944
39.88073,18.487099,77.4173,175.7261,169.1528,151.78699,126.85652
40.402218,19.329802,80.76322,175.36371,170.62726,149.2355,127.24622
40.23959,18.893372,83.11452,175.0971,171.51543,148.15689,126.764206
39.943287,18.539682,83.4007,175.7547,171.05463,152.07825,127.414894
38.556343,19.865194,83.2299,175.42966,170.87442,151.07265,125.87179
46.527485,12.240296,70.8178,174.56447,168.25703,152.97398,130.40048
47.383705,13.036295,70.9237,175.19066,167.7035,152.24437,130.26984
47.017387,11.588114,67.82277,174.04533,166.9249,152.6424,131.0617
45.281784,15.479684,69.03675,174.65825,166.17632,150.2577,129.95059
45.824017,15.888486,66.24462,174.24525,166.32617,149.44835,130.51607
45.89782,17.930119,62.527557,173.18481,164.45561,148.29659,129.59468
45.44569,16.888462,65.26733,173.8739,166.31578,149.00552,128.4937
47.391727,13.960262,60.25607,172.07101,167.22337,144.6295,126.973236
42.35866,16.533836,64.392845,172.99101,168.08664,141.71254,126.943214
43.19112,25.36344,69.08712,174.15282,168.89062,144.91418,123.935036
42.18675,25.419151,69.73403,173.87492,169.64214,142.73788,122.13039
39.67137,27.257826,65.69842,171.83405,168.5862,138.92226,119.66802
39.028656,23.327623,64.95575,173.2226,171.66498,140.8064,120.938286
44.56079,21.6961,64.287476,172.30777,172.09964,140.12547,118.20435
41.86152,25.556858,64.74746,172.57968,170.32672,138.96635,116.32668
40.371887,24.208347,69.56919,172.00098,170.77835,136.97472,122.56147
32.600506,33.044052,74.09328,175.10097,171.17615,129.20605,108.21928
19.670645,37.189262,69.90692,176.449,172.73535,108.179695,109.50099
36.55108,46.424973,62.744595,174.82167,168.79234,109.843796,101.41504
56.57469,67.526695,66.05008,175.37912,168.94919,130.73875,137.62335
75.696976,32.238365,69.90225,174.07047,165.91733,143.7368,128.07147
88.5477,32.25257,71.70701,175.15802,167.28976,156.66325,140.79262
99.06223,49.784916,77.678696,177.04216,170.12332,168.37697,165.99971
103.9721,34.053852,69.47244,177.61058,170.92848,170.11331,159.7828
113.77342,55.546314,64.457115,175.95357,167.96022,168.79828,160.87448
120.21895,79.981705,60.679638,173.13309,167.03355,168.99017,170.10799
121.98568,89.30473,62.27976,174.76883,168.68729,172.49657,172.15773
125.03614,129.97073,61.505318,173.91275,167.82358,158.61736,134.45998
129.53775,125.00587,68.485855,173.48079,170.147,152.14468,137.39697
148.79266,139.3958,66.64611,168.64192,165.22911,134.20505,96.430435
150.17108,140.61899,66.44763,167.4664,164.63539,133.36699,97.19775
148.15479,143.47104,68.17237,167.31644,166.68684,132.39633,99.02337
149.61014,147.79349,68.39309,166.95691,166.42004,132.92378,102.82371
147.93852,145.14867,73.44641,168.28961,168.91313,134.72575,101.88491
150.51059,146.68611,76.64636,168.286,169.82787,137.09377,102.25253
143.24861,143.87715,65.998634,167.12645,166.18686,143.17322,101.97652
149.60907,142.55186,68.933525,167.68483,167.10568,135.9015,100.155045
149.45221,142.66599,72.93586,168.16481,168.28935,136.08278,101.010826
149.05228,142.90076,69.82473,167.48863,168.07332,138.93199,106.910995
148.51738,147.13588,68.708916,167.83607,165.3836,133.19437,102.92485
150.52266,146.72748,71.94394,167.72049,167.5044,137.36922,103.24295
149.71893,146.51167,67.12875,167.90941,166.00014,133.70108,101.15428
150.20001,146.02979,68.15752,166.6574,165.6431,133.33105,99.95099
149.86902,144.27547,66.674706,167.07095,164.51958,134.30945,99.924995
147.70377,144.4203,66.129425,168.42044,167.1092,136.05458,100.14699
148.15746,146.22226,65.81882,166.33456,164.78757,133.76962,100.897606
147.92108,147.13797,65.271935,167.30142,164.54013,132.00569,99.44063
148.91655,147.33348,70.7494,167.35443,165.29477,136.04692,101.03381
147.06073,146.79904,64.51686,169.27803,166.14697,134.04654,103.70039
148.27327,148.5899,66.27204,168.10362,165.93637,133.13434,102.2358
149.00392,147.1325,67.914795,168.18867,165.5935,135.95093,99.46418
145.599,147.93126,64.26327,168.02022,165.38641,130.09244,96.28148
148.50339,145.62253,65.13807,167.56442,165.0546,133.56958,97.552864
147.63388,148.58392,70.54769,168.2997,165.8059,131.41727,97.71536
147.38753,146.34142,68.106445,166.1912,163.39272,130.11206,94.71361
147.23662,147.22418,71.97747,165.50728,164.47389,134.41353,95.78404
147.76305,147.35468,70.78226,164.27678,162.51753,127.6551,94.71376
146.88408,144.89984,69.89362,161.57564,160.79527,126.041214,95.19079
147.98541,144.18376,71.88032,158.13736,160.28915,127.00026,96.03409
147.14536,142.84291,76.45958,155.32727,159.85384,124.426575,90.989975
147.20352,145.62212,79.01506,150.07626,156.70973,120.77514,93.31754
146.6316,147.1604,78.63715,148.8537,154.16327,119.07292,91.53081
147.70418,144.78282,81.40854,147.44687,153.96591,121.67689,88.7339
148.24329,142.93585,79.324104,146.06273,153.17647,124.716034,89.58592
147.89005,140.06139,78.927795,146.27986,151.81908,129.34436,90.765976
147.99947,143.38837,79.20174,142.23138,148.79286,123.7037,94.47117
143.24646,145.41379,84.988625,138.40329,150.35086,117.13092,90.56427
142.99947,146.79294,89.81744,132.5477,148.11096,117.420906,93.94023
141.23132,153.9157,85.090836,138.36282,152.75777,113.14529,103.0053
139.43839,152.994,86.03592,136.05515,148.86736,110.18874,101.71354
135.72423,153.69833,90.55453,128.83553,144.74872,118.46837,106.53197
147.40904,149.08562,87.9627,130.35915,146.0837,102.90446,110.96109
140.36159,146.71658,84.993835,130.24814,145.74617,105.71738,98.520874
141.33575,144.29475,79.83891,129.97646,139.96422,102.21428,87.09138
141.50171,144.90007,88.56954,126.281364,137.0372,98.71499,101.997635
147.30249,136.25269,81.0399,131.59952,138.4211,94.91444,82.26065
141.97266,133.28557,105.42073,112.6833,132.82823,101.93542,76.042336
155.20068,143.3262,98.15027,112.28239,122.15041,104.60656,95.86567
148.98793,147.89468,116.80787,92.90439,122.19263,97.823524,87.66183
153.40135,141.80371,101.69264,109.8596,118.29052,99.43142,87.02441
151.38416,140.39505,115.10585,98.167465,115.37477,95.69642,82.38712
150.1781,134.81943,111.23001,100.27461,113.55535,96.161446,84.39876
149.99773,141.96455,119.3839,90.61329,120.05259,91.42649,80.39047
144.23825,147.01358,116.15733,93.85816,115.272484,89.26305,86.59941
147.8613,146.02438,122.548256,82.73362,120.78279,90.447014,84.00761
148.80795,142.36201,118.5508,91.54945,117.48112,89.8033,84.624466
138.75844,144.99397,123.35188,79.257034,118.89056,80.55765,81.30037
144.31438,127.7568,117.12971,85.428085,118.621376,92.52405,75.634094
141.33424,136.78049,121.09276,80.38147,125.222275,90.17899,76.57351
137.42044,136.2726,119.25074,82.811386,116.40846,84.67498,75.084915
130.74455,137.58533,123.616104,76.29529,116.20703,84.19011,75.537544
130.35707,138.43755,119.56804,79.16725,113.74244,90.02821,74.584854
135.83531,134.30893,116.986145,79.7699,110.36022,86.70753,88.696686
136.31013,130.70317,113.237595,93.84094,120.696594,88.69249,86.48598
138.50137,128.87312,115.70277,88.7208,114.55594,85.072914,80.23998
138.42079,127.17008,115.185,89.65723,115.17378,85.09424,82.90003
141.5584,128.07759,115.22578,89.18574,116.645325,87.84537,85.23072
135.71799,127.19972,114.170975,92.54882,117.42754,85.958565,75.7293
132.94977,129.38708,114.49795,90.86864,115.38137,90.42623,74.09194
134.74963,129.88522,114.22092,91.888145,115.32689,85.07292,75.649414
133.51457,132.6406,115.20668,89.37106,117.40611,92.64065,76.302086
137.03745,128.91232,114.04087,91.06119,118.7005,89.35728,76.14963
133.89839,133.27438,112.16532,93.12188,117.075966,87.83495,78.29014
131.60693,135.40776,110.1988,99.16837,121.026344,88.36372,81.6195
136.19408,132.2821,105.95239,110.02338,124.98636,84.62057,83.46377
132.05823,130.88098,107.80558,105.66338,124.53691,86.62525,78.66495
132.17334,138.21573,111.628426,100.77325,125.668205,85.705086,81.49545
132.80452,132.16396,107.066315,103.54371,121.708305,89.22774,82.170944
144.55582,131.04613,90.6927,114.440186,122.08355,104.56117,126.53366
142.77321,133.61316,96.758446,115.951935,123.76537,100.65841,125.32893
151.78629,143.22633,104.62623,108.48001,114.20469,124.528275,169.15346
146.26984,140.95592,93.3088,122.70661,130.42409,105.26417,146.15807
131.906,148.5404,98.70042,118.77764,131.61479,87.1948,88.750114
135.80646,143.97194,97.53978,123.84352,137.69833,95.38479,122.61021
135.11974,143.5682,95.79622,122.48815,137.42422,92.201385,102.68542
133.29355,151.59976,95.34913,123.62737,137.17741,94.54139,121.6343
145.47588,152.08157,92.06256,129.67717,144.0203,103.94668,106.84818
146.31271,149.9951,90.40517,134.30649,146.00684,101.83197,106.130585
143.0199,147.69258,84.86106,138.03893,146.16371,96.90121,97.47078
142.81723,144.85072,83.790405,141.47049,148.81973,98.89317,89.20237
141.18564,139.35281,83.19244,143.14319,152.14272,103.77152,87.08629
140.93385,142.93246,78.80865,143.46057,153.4417,98.24713,88.37365
140.1491,141.24,75.39797,145.64334,154.43852,116.354805,88.746826
143.82599,150.25224,78.21102,148.16138,153.45947,108.80427,95.89225
144.13243,141.42972,79.89465,148.35083,153.26793,106.738464,89.30869
147.22934,137.487,76.76042,154.87556,157.05612,115.53846,91.37519
142.617,139.80777,75.217125,161.96347,162.71353,123.90159,86.776085
138.94553,148.8003,72.1312,166.49246,164.21414,119.490685,93.99801
141.01988,144.45302,71.83356,167.04323,164.61705,134.54617,90.64728
141.54433,143.41217,74.398254,167.35432,167.56583,134.87572,95.18966
142.31969,142.40726,70.54905,167.93822,162.08264,134.60266,90.72555
140.33238,138.02109,69.90398,171.14546,166.81897,130.57747,104.71559
143.56732,143.68445,68.20545,169.3383,165.24101,136.48218,96.02124
146.00307,141.77011,70.9114,169.0645,166.39641,139.14476,94.48305
145.89116,139.70676,68.55686,169.65578,166.56183,138.13757,94.70289
146.30176,141.42444,68.180305,168.52869,165.12578,138.31766,98.151215
146.97075,140.024,67.48604,169.12195,166.10661,136.07722,98.84105
144.79184,141.50323,67.305115,169.5977,165.70915,136.70325,104.32885
145.39882,142.5846,68.22177,168.94836,166.22586,139.16891,106.77059
143.72527,135.05684,69.93242,171.48888,168.49968,133.85416,113.55598
144.1957,139.84604,71.213326,170.52753,168.83374,136.59187,102.91115
143.25673,138.34529,69.78565,170.82513,168.03786,132.94542,112.35359
143.21042,132.89807,70.29743,171.2427,168.68535,135.45059,112.24723
143.60133,135.37965,70.93383,170.80849,169.56073,138.94421,99.43958
141.88196,138.02754,71.42184,171.05786,168.58276,135.2755,98.80889
146.07306,131.8052,68.727036,172.33214,166.62651,131.42905,114.362854
145.30188,130.96144,66.73174,174.5227,166.3245,123.84252,139.66759
139.70233,130.38234,65.88473,174.23547,165.99939,137.34035,135.6741
145.2412,128.8127,65.03862,175.19733,165.16212,125.76114,136.72397
142.10747,130.86842,65.58208,174.97878,165.22543,120.70206,134.45203
137.61844,125.09267,67.47979,174.00157,166.50938,136.63646,138.36188
134.58748,127.84462,63.639206,172.55858,161.91434,132.56085,140.91525
137.47821,124.80473,65.17865,170.85135,161.98466,121.32667,139.52798
126.29691,125.9065,65.710754,172.4442,164.03806,157.05124,159.38814
126.6792,120.627815,64.38985,172.91022,162.41148,158.18687,164.77713
129.98215,121.96485,68.62428,173.24994,166.82361,153.99962,155.61455
125.12348,85.43734,67.17652,172.71669,167.02202,159.35965,174.7145
125.84519,69.07449,64.67119,171.05699,164.9029,153.70851,166.75142
127.276924,74.705986,62.972874,171.99956,163.5235,157.15408,175.58708
131.91954,62.4851,64.37499,169.69984,163.11714,157.32347,159.30643
133.96281,76.50023,57.863045,167.88983,160.83531,156.63791,174.35648
135.88606,77.413506,63.02326,169.53821,163.39426,155.1122,175.42148
135.94624,107.98727,61.845024,167.54274,161.31076,147.04968,154.5897
136.45988,71.01294,64.215454,166.00043,163.18117,158.91707,172.16576
132.06598,57.38636,65.00691,166.41423,163.09065,155.83679,154.00943
131.82306,114.12694,65.45831,167.62038,164.71169,162.29822,164.66605
132.11238,110.38096,65.44554,167.41153,163.63667,160.89262,158.65015
133.859,125.30263,60.108646,169.84369,159.25987,149.51482,148.36449
135.46707,131.00417,65.4351,172.92883,162.48137,143.37796,127.65628
136.08405,133.64526,64.12229,172.25632,162.1665,139.5878,127.234795
135.25507,132.97716,61.886024,171.43141,160.88876,140.16467,125.629425
129.63809,135.1721,60.402405,170.65207,160.9697,154.00882,134.8317
128.92294,137.59409,62.814117,171.31989,161.20961,158.96611,135.28323
138.4136,138.72972,62.66813,170.46773,163.22353,134.8696,117.240845
139.61327,135.37753,63.89983,172.42632,165.85793,138.47481,116.320656
136.6941,134.68637,66.09103,171.35625,166.06227,156.28146,122.35248
135.34232,133.6876,67.43326,170.6905,164.89575,154.5879,131.44812
133.17094,134.78902,63.30402,169.73253,160.68616,154.72282,134.33386
138.52158,134.39531,65.205444,168.81444,162.61063,144.79837,130.72173
145.55281,136.87415,65.574524,169.60687,164.86554,123.450966,115.05198
133.18701,134.54704,67.84531,170.64363,167.24292,157.17809,133.01895
137.26204,131.56602,65.74053,168.86221,165.40187,154.01286,135.68079
133.37117,123.59172,64.789925,170.68959,167.2537,166.01413,155.64462
135.85855,142.59424,63.032547,170.59746,166.77971,163.05247,125.86399
138.2323,127.922935,67.43732,169.91545,166.9327,154.74197,143.47647
137.3306,123.13129,66.86001,170.21078,166.76884,159.57129,158.40143
145.39732,134.15433,65.354004,169.51811,166.48883,143.77846,124.99095
145.15768,133.61823,64.945076,169.98932,166.39368,143.83133,123.03279
145.99873,135.63211,66.34673,170.4678,166.47394,135.97705,111.18077
145.15154,137.36856,66.45832,167.58266,164.55971,131.38412,116.30379
145.1436,137.52626,67.32239,167.90196,165.11572,132.4676,115.26113
142.12093,137.39726,67.34482,168.40149,166.1069,141.42952,115.97871
144.24345,136.99496,65.86544,167.52274,164.06361,137.36029,117.9842
146.29698,136.54315,65.30005,169.17018,166.68538,135.73746,110.776955
147.08649,138.27087,66.61185,169.39532,167.14818,135.5352,107.03389
144.89369,139.53809,66.67868,170.4044,167.64362,137.20067,112.124275
143.30374,137.67812,65.301186,169.56671,166.02956,139.20323,112.5172
142.54312,137.10353,64.79241,169.7514,165.96635,139.4607,114.974304
143.58237,139.25272,64.24905,168.59628,164.73181,137.0394,113.749245
145.61641,140.28766,67.71915,168.30402,165.89708,133.94128,105.27322
149.14009,134.57585,66.57558,165.90804,164.07626,133.97215,113.46078
150.01218,131.37042,69.41267,166.54079,165.18956,132.65166,126.2609
149.71257,126.753044,67.31346,168.4494,166.03331,130.72427,144.2751
147.48656,132.42607,69.58216,165.94633,164.62408,133.98143,122.19244
147.08293,129.27443,74.29371,167.8837,169.07803,129.51463,136.8162
147.48888,131.50743,68.30497,167.71797,165.53978,134.68906,126.304
148.38506,135.59126,67.85077,167.94281,165.10297,136.13002,109.34945
146.46533,125.932205,65.23608,169.60338,164.58543,139.22278,131.01373
148.94899,130.51524,67.22891,171.78725,168.58598,129.41405,110.20732
150.05125,135.25648,66.92977,167.83937,163.88602,138.25128,95.74583
145.13966,139.3498,68.678314,168.13791,162.8563,134.82039,90.805084
145.28996,139.88536,68.68558,165.63777,161.19797,127.3182,87.04009
147.73352,135.98769,68.82007,166.77649,166.12692,127.41281,97.09664
146.3533,133.33867,70.678764,165.4137,165.31953,123.21878,91.66884
144.93518,132.53401,74.116035,161.40088,164.27417,128.58612,87.370575
148.57939,129.33208,73.90076,161.54497,164.23668,115.025215,92.68266
147.42886,131.03937,78.010155,158.36076,162.53375,120.47063,84.588615
145.5248,133.4008,81.9156,153.71811,159.38977,113.84602,84.82542
143.66963,137.58508,83.71935,149.32188,155.22786,109.81064,87.48318
147.33662,135.15775,81.273705,147.78558,154.97018,114.31753,89.30888
149.92603,128.94785,86.80022,150.37898,155.05818,119.570335,85.286224
148.8739,127.502426,88.18789,142.23709,151.47766,116.95171,84.32939
134.75674,141.84343,85.15768,137.23785,148.36652,123.704735,91.303535
141.5379,130.28156,92.26625,135.54686,150.09229,114.00697,83.7982
139.49997,131.88829,93.77834,134.19763,148.54572,111.175285,84.409065
139.12053,139.78577,95.78419,128.21088,143.8396,97.64061,85.10449
142.4338,135.12712,100.64552,126.728386,143.60385,92.847046,99.10109
136.45862,127.53241,116.26931,116.49953,145.12555,122.27409,77.83066
136.1658,138.77701,105.00544,122.59804,137.19946,86.65272,92.05944
133.93484,133.44101,104.09773,122.44255,139.00536,89.23942,89.47697
131.0181,131.12819,103.48396,120.84096,134.95615,87.75029,81.9907
133.48306,136.85185,98.42701,123.568596,136.11496,87.92582,84.20012
132.17406,127.299995,112.91484,105.05617,129.73485,97.63112,74.90563
142.87802,119.34157,123.79578,102.588615,142.253,101.79394,77.408714
134.98837,129.27484,120.378746,102.8717,134.2654,98.21398,79.179016
131.8197,139.04375,114.99769,109.47463,132.05403,84.99687,98.875206
126.90185,141.71445,119.886345,96.23884,124.27863,83.67514,92.029434
139.14856,128.90048,116.78328,91.41134,119.735504,99.09227,76.30138
127.312454,140.27368,125.884575,76.94376,118.46031,94.63362,80.974785
133.57048,128.15778,114.90283,95.353134,123.58092,105.21587,74.50248
118.39288,133.84117,121.52984,85.36792,118.40874,93.165245,103.577995
133.72125,129.28825,106.99856,111.35407,127.433075,87.54944,81.98861
129.55943,129.84384,112.07023,104.094604,129.3093,88.48884,76.93164
129.4287,126.61449,117.239136,87.79799,117.784584,88.74985,73.59215
135.31848,124.20635,118.256836,94.31478,122.06047,95.54666,69.92814
132.18599,128.84697,115.16778,90.28527,128.04877,109.527916,73.000854
127.71057,131.43182,117.04882,86.084656,126.09762,92.993,77.6659
129.28421,133.4131,116.71197,88.2423,124.38274,105.70762,76.49481
129.74628,134.96254,117.890915,87.158646,126.44731,109.70597,75.91878
131.51015,133.19533,113.09472,91.0486,125.75241,109.04337,76.23061
137.64954,150.31088,33.432205,130.17136,132.78311,146.36986,163.8672
102.15442,129.87816,17.708887,92.94707,96.07164,125.042206,156.46501
161.70395,160.88461,17.960897,116.41344,123.69992,172.42616,168.70996
154.05641,152.58719,19.036945,117.71194,132.4833,172.089,165.1702
150.24907,148.915,18.728998,113.25658,131.43968,170.40356,164.16527
138.35896,139.30138,16.013266,105.030876,113.0115,166.83578,164.68227
124.428024,123.16418,18.174936,119.47788,126.08777,155.44855,148.22589
93.40752,91.32355,19.880716,128.20044,126.52429,145.50676,139.79291
74.682076,75.21147,20.652805,138.38513,133.02441,132.1772,131.9416
73.25388,76.18259,19.971443,137.36472,134.02322,127.79701,125.669014
78.4509,82.23683,18.9239,135.58215,132.85231,125.72203,125.51841
82.17002,88.21769,19.103548,133.77655,128.85095,123.21204,126.64957
80.75143,87.25531,18.578138,134.56157,131.68114,123.04682,127.25474
124.4756,67.66857,21.333302,150.14696,169.79237,156.94655,154.27888
121.68511,73.607765,35.381096,148.31007,166.23866,161.62442,156.37584
117.47578,68.64568,32.531693,147.4957,164.31282,152.09189,155.41658
121.78218,68.74415,41.10042,147.34962,156.15398,158.56696,162.01628
119.38476,81.97387,45.400494,149.88911,130.22266,163.4474,161.12184
40.58086,24.35321,34.448433,122.86591,140.8797,100.5218,23.32249
31.63432,8.397115,58.054985,48.442852,54.35101,90.5432,24.861372
31.593937,16.020258,57.49989,50.98378,51.089542,102.194374,34.16102
44.12512,25.058937,72.78628,56.016975,47.505054,108.76034,26.420542
32.76598,29.044682,61.46337,64.47737,56.71867,101.336464,41.70871
58.273483,74.24376,33.0056,52.95718,58.331432,106.424995,90.11041
46.936222,26.947844,36.577133,46.898396,53.289017,104.15107,38.904095
40.55189,35.448246,31.400707,62.64779,61.324562,113.26703,52.495457
36.294014,34.977394,35.14419,60.701622,62.645264,107.27307,37.725296
40.50774,38.28153,35.06497,63.72976,67.98968,50.301445,34.468533
52.09286,20.052694,41.95947,57.9642,74.23418,34.05277,119.79475
72.06699,69.86227,41.340134,62.529987,72.04716,102.70809,58.787468
74.20589,68.29667,13.015506,177.33809,161.22986,153.03369,128.90773
49.68768,26.348257,52.36894,49.74191,48.549038,114.9807,27.247444
28.496845,21.030382,74.39126,29.625288,64.49314,104.48259,24.496315
30.064217,27.016596,53.607956,62.813324,60.615208,111.48104,29.853441
104.92266,42.19025,55.373146,69.96416,71.06874,119.003174,123.10742
113.161194,54.114986,57.185997,76.865555,74.54233,138.02391,142.71388
117.042145,55.9002,60.537643,85.32972,78.01816,119.746284,142.7546
114.157524,71.30123,60.543915,92.28175,86.30042,150.62648,168.94856
114.77064,75.53868,52.713894,109.40094,105.3601,153.28516,172.26811
112.265686,78.692894,55.75936,124.067116,119.148735,154.76674,172.13345
119.42172,80.57387,43.733536,139.07974,138.32626,158.80757,173.16624
125.87519,125.73741,10.809097,36.44615,37.55008,122.28417,123.12842
125.227806,126.59199,10.972192,37.391712,39.148026,121.55079,123.178764
126.066185,126.21364,11.210782,39.50625,41.11142,122.91957,122.579185
126.392204,127.28968,11.03651,41.999058,45.899525,121.542336,122.960884
124.49956,128.23418,34.96584,47.24516,35.98404,123.962135,124.88034
82.0395,97.695076,32.73433,138.14482,116.97921,127.10737,151.00812
41.6922,70.0039,83.81562,151.73425,92.631386,86.52322,101.56265
71.57009,94.742905,34.835403,109.939766,74.6398,95.69338,107.85229
91.63766,119.70559,54.038258,134.67606,83.053406,103.85202,128.78607
98.75271,118.32186,57.404152,118.30054,71.83587,115.39577,132.50401
97.22278,116.00237,44.732193,102.995636,72.89772,117.84559,134.17389
89.5146,109.994064,28.390902,110.66808,103.62709,116.09855,132.10208
67.429,95.72931,27.30341,121.23325,88.32059,107.29204,127.15399
85.10731,91.05708,20.23765,139.84904,131.73952,123.88558,118.70043
28.586977,87.35688,28.200045,71.00666,95.43697,133.93707,142.74994
135.41502,109.361694,29.863703,120.244545,100.51945,144.31766,117.415726
142.66962,125.4077,22.945248,147.89165,125.72188,161.41582,143.55542
145.31718,139.22798,17.931948,142.03928,123.29794,166.41025,154.51813
148.29356,152.62743,19.404093,143.0176,127.83963,165.178,160.61494
159.07059,166.77809,17.565662,150.00948,131.51155,161.78242,165.74596
168.43958,172.70068,17.774214,127.53196,112.47814,161.2403,163.55165
109.55579,120.189156,33.732258,99.37775,111.60195,155.90329,163.22069
100.06372,67.44187,7.9361005,138.90381,135.151,135.80505,135.91452
153.53284,146.69182,22.857876,143.715,147.18927,170.03368,163.872
169.49107,163.0973,27.166311,149.59084,145.55072,172.34627,155.01797
163.65591,158.94275,24.466919,145.28242,142.87659,166.71756,157.83574
171.61002,166.85396,26.395649,148.94437,145.2801,166.33244,156.24344
167.63464,161.62524,27.941008,145.18163,141.4763,169.2133,159.78932
163.12999,152.24632,27.187584,141.87195,138.13837,164.49191,161.11568
165.11313,150.38548,29.911938,140.4427,136.89938,156.44887,161.69785
164.61644,152.03569,28.246067,146.01021,144.51694,153.77971,164.8733
147.16309,135.97752,25.102625,136.3825,138.3491,152.53694,163.47903
145.01277,133.43239,26.334272,132.60971,137.6108,144.73955,158.96088
136.80472,132.65501,27.201834,127.35111,124.90683,134.74928,145.55411
123.81343,112.7752,30.481716,125.49325,126.272705,111.37048,138.81052
28.15008,85.25112,19.670605,51.913357,46.454933,170.86952,162.57912
24.036903,85.8605,39.800526,52.112514,57.837254,172.41382,168.41782
22.423105,89.605125,8.37182,54.93128,46.31112,175.80463,165.46011
21.88323,87.49215,53.987274,56.610462,78.54115,176.24016,166.2162
31.183756,80.41405,148.96368,171.44597,68.64034,140.28114,167.55086
47.6842,66.00621,31.833117,143.83028,132.4009,98.73316,136.99364
39.662758,69.51187,53.173347,121.271576,102.59446,112.38521,131.35338
58.557762,50.958134,27.75307,144.23685,122.059425,146.36366,148.63312
45.1261,47.187317,23.313173,85.430984,105.15599,134.64195,151.84647
37.066273,41.614944,26.926796,148.70856,132.44243,127.30998,135.71216
36.312054,42.27832,30.7435,155.77019,137.97287,132.15962,134.88492
39.119987,65.74578,19.835817,164.57454,152.70496,140.44731,139.38326
44.131546,78.46798,30.981705,137.17255,102.32615,130.81412,137.19539
55.147614,68.96443,33.90223,47.422905,40.988644,139.74622,151.42307
110.30543,101.71905,35.54178,84.34857,60.42708,140.05663,147.9261
65.53655,77.50234,35.679504,112.85656,87.59121,148.388,157.52899
81.58718,75.41238,41.73507,116.65863,74.20636,151.8808,140.51666
83.29808,80.36525,33.529537,111.633545,93.485016,154.12273,143.73335
74.94493,71.24219,36.369556,105.38357,65.916336,155.58992,138.43553
61.133842,66.271324,31.314367,83.479836,71.15887,152.57812,145.7282
64.94283,62.849785,29.888233,60.290077,54.44391,163.73026,145.51509
52.79898,61.96712,19.750032,74.84823,68.855354,140.06659,137.3147
63.21518,56.581036,33.353447,75.51992,91.08401,109.44032,119.12222
84.717926,25.156633,46.076107,43.13029,76.97803,158.31296,152.05537
73.63738,114.939896,59.867958,96.11276,86.48348,143.36923,150.47906
85.62894,32.948975,67.03726,108.76247,70.85212,157.18541,168.4996
87.88007,30.254436,65.58393,111.347046,68.52381,161.00018,172.62088
93.82277,38.219353,91.27795,123.149475,59.534424,164.15305,157.9211
92.61607,29.305933,13.549783,72.30805,66.149956,161.56306,172.48254
93.53631,30.163383,78.42239,101.93704,47.88776,158.11264,169.87918
94.118484,34.424683,23.775936,46.168068,40.68761,159.2063,149.85464
94.06079,31.749805,12.459858,67.644356,68.55918,159.76454,159.65749
88.41616,29.22352,12.340631,49.411,74.92625,158.2572,168.78375
90.70692,32.45639,82.82276,118.30801,61.982616,156.9029,158.82294
82.632645,36.188534,77.66633,114.765366,67.2833,150.54485,169.38771
62.644066,32.30201,52.789383,101.28795,73.536674,145.23161,173.01645
57.142212,44.998146,81.946915,120.67963,84.43914,138.71342,67.89485
23.087862,70.02845,16.42545,72.00334,108.10431,127.17663,132.19339
16.698025,70.5437,65.48183,55.33649,128.09875,123.718216,159.98042
97.67648,76.56288,72.82248,154.1125,156.88106,157.254,94.968636
97.916855,76.32659,72.96059,157.03355,157.65184,156.67369,94.03653
94.89463,78.121155,71.07985,151.98546,157.21848,156.75574,97.164856
88.84053,79.80432,80.41521,154.30867,157.60449,146.27728,113.32437
91.49628,79.25216,78.76971,155.3087,157.22995,145.21283,116.042435
73.83181,80.64173,78.57588,153.57722,158.69159,134.31055,144.99171
84.87201,82.49142,82.084656,153.38815,158.84293,137.93216,150.2488
84.44357,83.987114,83.595566,153.52455,159.01065,137.65437,155.94022
80.8048,81.898384,78.59707,155.4514,157.95645,150.30354,139.06868
78.50064,78.863945,80.15486,153.42706,158.21619,145.54399,130.68088
81.832184,82.68801,82.18919,147.65034,155.3428,143.99057,133.7967
81.46408,85.74915,91.09624,150.6619,156.92126,140.581,146.22456
85.3887,80.872116,89.26425,149.66823,156.97455,148.14815,136.23494
91.303406,84.23107,81.39003,149.37085,156.72568,150.16837,139.97156
85.62805,83.07936,83.321815,150.80768,157.96309,147.16415,137.30095
85.72497,86.86977,82.878845,150.69397,154.44308,149.13806,134.96019
86.38568,86.00186,82.576614,151.45285,156.12021,148.95113,129.62718
85.66528,88.59516,81.211136,151.4405,154.69714,149.60172,131.82442
91.33624,86.76516,83.56726,149.77211,153.53218,149.3555,138.52002
91.42148,87.431305,81.953125,149.99355,154.06863,151.63882,138.09155
90.029686,85.13199,82.15665,152.3641,155.62498,150.76082,136.12769
89.265114,84.43566,81.31719,152.96349,156.1793,149.163,136.92412
88.614044,85.52203,83.29255,150.4835,154.6138,144.39124,138.22827
82.25764,84.48608,77.1217,151.58328,158.72728,134.48915,145.36928
82.67242,86.78679,78.72436,153.61922,158.68472,131.50598,145.62358
81.62383,88.05557,82.6944,155.52493,159.86649,134.45152,146.7067
82.11069,87.6447,82.10274,155.2912,160.56706,134.02783,146.28484
81.57191,87.87791,80.03692,154.36974,157.45026,131.48528,147.0799
80.367714,91.85329,80.05721,153.93091,160.77037,129.0147,151.10104
80.101326,91.423965,78.62901,153.35907,161.73485,127.3834,150.63074
81.109,93.86257,78.90567,153.19841,157.93642,125.72763,153.75316
80.73467,93.80021,76.841286,153.21227,159.79425,126.76079,154.14783
82.78451,94.78106,74.62032,153.47278,160.48096,122.65517,153.97162
83.26029,96.87696,81.173515,153.55687,162.2891,122.84505,152.76262
83.4729,97.48845,83.56335,154.29268,163.34474,123.003944,150.24635
83.726425,99.71945,81.32605,155.27301,163.3536,120.77055,150.2058
83.649414,99.14522,82.44601,156.2678,164.84926,121.41814,150.29112
83.61323,99.2517,81.86683,156.8042,165.50807,124.493935,149.41104
87.52714,101.70984,79.21533,157.96161,163.55217,126.26336,148.6134
86.81196,103.521126,79.65916,158.39243,163.484,125.32331,147.8771
81.50965,107.41984,82.08777,161.68651,166.5089,125.24277,148.94868
81.485855,108.22316,81.71106,162.09598,166.81816,124.40513,148.61873
82.60102,108.80429,82.840546,162.63933,166.25575,124.001205,148.24051
78.424934,103.68508,80.636375,166.4572,167.42583,133.30537,156.36221
81.057816,103.47887,82.03763,166.01862,168.68686,130.47816,155.458
79.368225,104.294266,82.86524,165.78311,168.64159,129.17403,154.86848
80.42567,104.366005,85.82203,167.37451,169.99147,127.078255,155.84538
82.09278,102.54139,89.38047,166.55363,169.33975,127.72602,154.94675
74.56078,106.63912,83.18827,166.87119,165.4861,130.65909,156.75146
75.03126,107.58861,81.76715,165.10994,164.59003,129.7156,156.50266
76.13267,107.0716,81.24183,165.55072,164.97212,131.20255,155.73038
71.32301,102.503746,72.72168,167.6317,135.86078,142.20831,145.40291
73.17519,105.277214,76.009155,161.16002,128.96089,139.50385,147.87383
68.74714,99.586494,75.184425,167.40071,160.24052,135.5015,154.15726
67.040474,100.69974,75.314064,168.41254,161.01994,138.23984,153.183
68.12747,99.1303,69.8472,158.83882,158.77795,141.84402,156.7209
63.270874,96.04923,68.641106,158.39818,160.42519,133.55019,158.73933
61.103477,98.424644,61.893124,149.93324,156.43082,128.25258,156.1281
67.05577,100.80566,50.43404,129.16475,149.76535,118.0514,153.55319
69.14438,99.21911,54.075047,135.41628,149.44714,119.37162,156.70773
67.85927,99.1714,54.25586,131.55809,150.47519,121.12198,155.87297
65.98007,92.14416,33.303467,126.543755,154.35608,116.95469,148.34071
63.735626,93.057816,37.526043,122.25237,148.08966,114.721535,146.59268
74.89227,91.81499,26.000053,122.47059,149.62352,140.99171,142.22887
73.173645,91.365555,26.228554,123.030045,149.10661,140.72702,142.7196
75.96434,92.58667,27.771172,121.69268,146.20717,141.51698,144.4111
72.85515,88.690865,28.328703,121.17229,145.7373,146.45627,146.66605
79.21153,89.681595,28.315783,127.07706,147.5842,147.50703,149.36401
61.860878,85.31669,37.8322,112.47413,107.70927,128.58978,164.79526
59.792587,82.97625,37.137985,110.23276,107.2111,131.76099,164.36723
60.132755,83.688644,35.450733,110.99734,108.72495,133.29112,168.74872
60.45112,76.42488,20.613108,108.49442,121.60908,133.3718,157.78375
62.24151,77.105606,24.856499,112.768456,114.04147,130.32364,161.49696
61.773163,104.52344,22.567677,117.20798,126.092445,136.97401,145.17328
61.809635,103.173195,22.528847,115.52812,122.99699,135.57375,147.69907
61.236473,103.8375,20.575933,116.51776,126.1427,137.2835,146.65633
63.605602,108.919266,24.115526,130.5085,135.9455,139.34825,134.02596
62.975674,107.45369,24.313345,131.51584,137.68684,139.91743,135.67815
63.897278,113.066956,21.59113,126.5324,136.79997,138.32526,143.73747
61.422085,118.18646,20.99235,124.10792,135.65176,142.34746,145.2747
63.24141,116.90013,20.516186,126.84325,136.71243,138.89436,141.58842
62.61297,125.25208,25.213501,135.78465,140.3119,144.5481,142.79391
59.958416,129.04411,23.715263,132.82144,138.44601,140.59406,137.00865
57.344032,130.90189,22.655512,137.6933,142.0116,138.88347,132.30124
57.03581,130.07594,21.725946,138.6448,141.08266,140.25616,133.42157
56.55005,128.76277,21.93419,136.8065,141.88786,141.70811,137.28876
56.487736,125.765274,22.881908,137.5329,140.59216,141.57925,142.4167
57.14438,127.08379,22.535868,140.07256,141.85313,144.81334,142.56259
54.20164,128.03569,21.734081,138.71317,142.16914,147.8088,145.06879
55.13549,125.22927,22.052631,138.77588,139.87819,142.81244,141.67004
53.521194,127.17824,22.862183,137.54929,140.93683,145.47095,143.36629
55.32488,126.74677,22.772198,135.52373,142.60384,148.06053,146.8756
55.323338,125.1746,21.005264,138.02446,143.86935,150.47437,148.2361
54.721027,127.00332,22.0258,134.35266,146.20287,150.09418,147.53702
54.786957,125.32212,22.318615,135.59296,144.29855,152.50513,149.31432
54.44574,124.11564,25.046274,139.11519,145.20255,160.5024,150.93898
56.222134,126.37196,21.209637,138.38977,146.72423,155.26445,148.5399
56.371815,129.08803,26.262402,137.02325,149.01581,156.52959,146.9295
58.050636,129.22198,23.197208,136.38376,147.50435,153.95865,148.55136
57.93907,128.01639,24.643848,136.32697,147.17781,153.35445,145.6765
57.835964,128.33922,21.14135,138.28673,146.71857,153.47166,150.15425
57.33783,126.658966,22.17272,138.87381,146.71407,152.27307,152.07948
57.158054,126.38154,21.549074,139.62231,147.31361,151.36848,151.1993
57.347515,125.04701,21.15057,134.41957,140.6214,154.83661,157.03218
73.61019,130.46475,20.815653,131.05318,147.87756,168.01276,159.82957
67.145676,30.266445,22.607359,72.33167,66.80177,162.43427,114.63688
56.750427,33.43718,21.74332,75.004135,68.755974,164.76402,110.32457
51.17629,33.213142,24.175488,95.81434,81.65609,160.95306,100.806015
47.479073,25.01549,51.391212,106.21804,101.216866,154.45619,94.153
59.15339,29.518791,38.020416,116.425705,101.67931,156.84753,95.008606
71.11183,32.624836,39.95043,129.48618,119.23167,169.08879,104.41095
36.57014,26.32592,34.007973,123.1316,114.86387,149.43056,94.79485
41.09604,34.44434,21.523565,129.57489,116.90098,158.6529,98.41346
56.660595,56.19909,31.956808,133.00127,126.83965,168.52573,96.822716
81.69207,58.29828,26.92178,134.2802,125.49975,156.82167,114.643105
77.89176,53.395966,34.592953,122.3633,117.41802,159.81476,117.833626
78.12356,70.180786,32.87304,124.42574,123.85883,165.67775,111.78072
71.42026,78.16786,32.652164,120.47559,117.200195,165.40756,118.05705
92.06018,81.26987,36.053555,116.815094,107.00779,158.96898,99.30441
113.12908,82.35317,37.385326,117.84379,99.81233,142.09697,91.50204
117.01362,87.48085,41.050373,104.36854,89.12223,146.38693,97.32064
120.57179,96.84997,57.172516,96.69572,85.364975,149.20728,114.192535
120.5195,114.79941,49.223366,91.107666,77.37111,157.0032,118.46061
127.74887,125.040665,47.19475,52.341206,62.33828,155.02733,145.30568
126.297455,125.69329,40.39916,53.931217,59.8842,161.5688,156.99596
123.99568,139.56084,27.563244,56.791927,61.17516,160.55989,161.75665
126.57282,145.3864,31.056395,49.674423,58.30763,169.0061,162.76068
138.9078,150.2961,29.006575,49.082573,55.82356,158.2334,154.13176
142.88716,153.72238,25.465567,48.106762,54.50148,166.1794,142.85786
141.78844,141.4915,30.86007,54.84343,60.503883,172.58632,155.07718
131.964,155.60321,28.81568,54.22182,60.548782,171.02682,150.30585
133.89577,132.25613,31.317205,52.130157,60.562874,165.09708,170.0603
128.4156,146.63452,31.370647,55.13868,62.290825,170.11058,158.697
131.52968,134.11296,29.06045,52.13595,63.793255,173.94067,160.30307
133.63591,140.14494,27.398682,51.290306,66.25222,172.00998,158.16135
133.31056,156.5735,26.4154,50.114708,57.11789,176.19763,149.45395
135.00092,130.62714,28.97882,56.64692,68.252304,173.83043,158.7401
133.20145,131.58862,27.99189,60.74664,72.91628,179.03004,163.17061
135.34593,131.18983,25.815699,62.445774,71.678856,178.91374,163.21324
138.84329,120.57502,24.65708,57.712124,72.43359,178.47838,169.09802
142.13043,129.83421,19.679003,57.23313,67.06582,170.54205,171.49539
139.584,146.82681,17.851154,58.33408,66.81579,167.86534,148.55272
137.35524,128.9679,20.01644,60.791965,70.33534,170.78014,172.94678
136.99629,126.73306,23.349684,65.77397,73.02134,175.85532,165.40585
131.94443,125.93251,25.95871,70.8376,78.05687,173.14722,164.31523
136.88278,115.09339,19.34256,65.19649,76.32202,173.1828,174.93707
141.51738,121.24954,22.397655,65.306465,77.210556,165.70625,168.5643
137.16855,123.90544,23.002987,78.2646,84.64427,173.7177,167.42126
132.34003,112.54091,30.288832,88.019356,92.59838,176.75374,168.56674
133.26501,120.80641,28.868124,78.7138,84.914536,175.19469,160.30942
133.98424,113.10609,39.26838,92.282684,96.99967,177.36581,159.2982
139.54393,114.69193,37.728363,104.0026,100.670815,177.14035,159.06097
137.26543,120.34683,35.278625,127.1816,115.03333,176.58945,150.08287
146.49127,118.34559,37.980167,139.80328,133.63942,176.56566,139.4514
148.21425,123.89863,42.000008,144.87114,149.6811,173.7685,135.57199
148.71608,122.661705,38.777897,151.17499,157.9436,177.66443,141.42986
140.59323,117.23768,41.368805,154.41452,165.90749,176.1247,151.4064
139.39893,116.48745,39.606087,157.02982,167.86464,175.409,153.48296
145.84999,108.86374,39.06365,156.7255,169.02248,174.90637,150.38303
129.29173,106.01949,49.809963,160.13992,176.31952,175.21638,168.95529
133.61484,103.024445,38.122803,164.10724,173.36548,172.25447,170.37454
130.13145,107.55277,42.549984,164.04263,176.01862,174.71758,169.45091
133.09746,104.112946,42.21519,163.40463,175.08382,173.64473,168.25203
139.71077,103.44447,35.51797,161.4747,172.56694,173.45349,162.99489
130.4254,104.89255,35.221825,165.18703,175.78824,174.8629,170.95503
134.72133,103.22963,28.517633,163.161,169.06618,174.20755,169.48363
135.32353,104.43044,36.181614,161.35991,174.13728,172.35464,170.12263
137.51295,104.2645,42.413292,165.11714,178.31273,172.87805,166.63623
142.29468,100.51076,42.337536,160.31981,176.47113,173.65514,168.98328
144.96199,101.917694,49.51164,158.44914,176.9315,172.30054,164.91881
150.84549,106.21797,54.241577,153.82039,175.54507,175.38976,147.53123
158.0716,140.83443,50.029392,149.60327,169.22815,173.41441,133.42828
163.383,136.9477,53.427444,147.96036,169.36562,166.34961,134.4479
145.44379,112.727905,56.458984,153.0489,175.91792,169.25435,131.88623
146.22978,115.65963,46.705036,152.43045,170.27963,163.61337,125.7417
131.97278,129.66925,42.69761,155.9176,174.44478,159.11305,154.58586
118.93618,101.803535,50.6582,149.86108,168.91219,158.57016,158.38017
111.55587,100.682915,58.928204,139.24129,154.61026,151.20921,137.18388
110.68493,92.53268,51.295273,144.46414,151.40546,154.29253,153.37144
109.48088,15.450071,50.329445,132.182,124.2195,162.80394,124.94977
112.50337,19.491608,70.222786,110.841866,129.04683,157.59982,147.68349
53.23244,23.095663,52.22537,81.37366,88.39885,151.1165,115.12128
49.237606,23.542202,16.45951,66.38973,68.46035,158.86888,120.39665
46.677143,27.978512,19.356743,60.472622,65.37892,163.80037,117.9484
55.456776,28.254126,19.204248,63.447754,67.70452,160.54095,117.18235
94.00602,33.427483,30.393364,58.14981,60.624763,123.96913,108.76597
66.75599,36.243645,19.655554,62.85275,66.20317,138.05765,122.295074
52.11175,26.95232,26.303703,61.81898,69.42764,139.34848,119.74859
44.71337,29.74558,19.707075,62.661545,72.00931,157.62064,115.76354
47.47524,32.538628,17.600346,63.9919,64.27893,157.17535,116.10537
57.98397,32.68105,20.335958,57.19858,62.009823,142.04405,115.473
53.418293,32.615704,16.206896,57.501644,58.631016,159.42126,118.74707
58.654343,41.16115,17.823761,58.723812,58.842655,164.14252,124.57666
57.52122,35.735985,18.13468,61.25137,62.761322,161.78679,120.21919
54.435677,40.43722,19.353342,59.193455,61.575264,159.83401,123.949455
57.785946,43.845512,18.023575,57.461075,59.45094,157.34692,124.82391
53.755592,40.66581,19.39454,59.13188,61.346855,158.01483,123.65108
55.70383,39.93202,18.857225,60.1076,60.893715,158.62625,123.04359
61.393875,42.435947,17.31139,60.669697,61.908283,156.83337,119.68204
60.632076,41.602108,18.503258,63.69321,62.074844,164.93855,124.26545
63.218132,44.02662,19.030483,61.204475,62.93648,158.30302,125.38374
60.660957,37.85951,19.885998,64.13741,63.26342,158.2912,121.29579
63.502777,35.400387,19.378101,63.79095,66.717354,144.85706,114.79704
70.79969,41.852253,16.777521,59.939133,62.05161,153.23807,122.194275
61.92105,32.651356,17.319834,63.78531,61.794857,156.5303,114.91208
52.7531,29.03401,21.073895,64.57942,67.60914,162.21156,111.34905
54.321625,26.507086,21.67401,66.10791,66.367744,161.70256,115.360535
51.911285,29.530313,21.724821,72.6336,73.79973,160.26024,109.53295
39.182507,31.58548,21.436085,84.429306,78.4273,162.95862,112.83191
41.728065,25.998035,44.304157,91.332596,90.26429,158.27905,99.691605
38.71678,24.31298,43.839718,103.45934,97.273224,151.67574,95.099625
47.664513,35.07251,32.52833,111.56383,93.63249,156.34169,90.27836
40.916634,36.198822,37.243202,120.46131,111.10738,158.59709,93.12178
54.587746,33.280712,41.71045,121.83295,121.62508,154.29752,97.46856
76.34625,42.142796,49.376534,126.715546,135.61917,164.44753,102.843994
90.34091,48.75667,44.221966,130.96748,130.3603,163.80807,110.4631
92.88435,52.924736,52.480373,137.98567,138.70819,159.68582,122.27131
92.80491,51.67545,40.20433,132.07208,128.40854,169.91606,118.34407
86.6501,68.47143,50.859974,135.55377,133.19975,171.59056,119.47062
105.76649,77.98838,46.7785,131.87201,122.37798,163.84195,112.39865
108.322365,80.5526,43.516247,119.38195,106.319046,156.34146,102.520226
114.515625,85.341,48.989326,107.20248,97.834335,155.1245,97.65058
116.46621,88.577095,52.015697,104.93866,89.05868,151.30092,103.966156
117.95328,107.03664,58.509186,105.84733,90.53054,159.7132,124.20256
121.61885,111.85692,33.036716,63.623325,67.9467,154.58345,144.08202
117.62128,144.59885,28.886631,69.43349,69.655334,172.89877,132.82423
122.00176,147.64903,24.341373,64.31759,61.40936,166.74536,158.15538
127.05086,160.6631,25.646038,68.71172,62.670124,166.8776,148.65549
131.28735,161.01746,30.810726,64.38123,63.156544,163.82886,142.06898
132.93863,155.98909,36.63774,67.617714,61.642483,174.86415,143.82477
139.19424,153.97395,32.26702,57.94399,60.090347,177.64424,143.12253
140.61777,146.39986,33.308292,61.18095,57.506733,176.91396,145.79639
145.7434,136.1861,32.27616,58.132732,55.600853,176.03996,145.71043
140.91512,134.16524,28.35427,52.662594,56.422672,176.52818,145.87013
139.7322,146.07045,32.60894,57.218597,55.983852,174.16994,146.87172
137.9131,141.08286,38.261353,63.850983,55.47485,173.60674,147.42104
141.4579,140.16316,36.972397,59.420033,54.713497,174.33046,147.55563
130.59975,152.86118,38.14309,61.136425,56.52519,176.01099,147.04298
134.18626,141.96774,36.768646,56.47173,55.199085,177.8766,145.01044
117.723564,154.99089,38.55208,64.92146,61.762775,177.00049,152.24898
133.13109,150.08472,33.62976,59.06052,57.439777,175.83331,144.15353
128.43477,145.95706,29.359194,60.76969,61.537746,177.24828,149.03372
131.3968,145.85185,33.38565,60.66338,59.64519,176.8963,141.36536
131.24829,143.67012,36.615673,59.936954,61.518787,177.36276,147.47202
135.85931,152.60832,29.391518,56.256912,60.89851,174.90901,144.397
138.58122,130.28749,29.92399,56.110928,61.41744,163.86441,173.48021
145.90698,120.96166,24.415764,50.29551,58.16129,172.20604,174.4567
143.96971,127.95679,23.889858,54.87427,62.023952,170.3719,167.65765
154.7699,144.80328,20.280136,46.12815,57.25948,164.60072,130.11942
152.24019,119.14775,17.140717,57.570164,61.11216,166.18001,166.21799
149.22467,114.14375,21.624023,65.78649,71.02628,164.06157,172.09853
150.04611,116.20189,23.712383,65.0651,71.65157,161.71568,165.8485
148.99522,127.75319,26.70062,66.922035,73.642044,163.1077,157.8761
140.74527,121.60259,32.13544,73.63438,78.02968,158.43011,154.79105
147.30206,120.702415,29.060808,79.85357,81.30295,161.75504,156.87956
141.35925,139.15793,43.951675,100.57038,99.21458,165.22914,132.2414
146.13039,126.355804,45.560257,110.73234,109.725784,168.94702,135.24855
153.4067,112.1374,44.483837,147.09435,148.67567,173.95654,135.73016
154.73193,115.54606,40.42025,148.1228,148.70778,173.03638,134.64217
152.86172,114.060646,46.73571,152.79272,163.61981,176.7957,138.14436
151.94608,111.243065,24.361681,161.48225,169.52446,170.72496,157.05019
147.53468,110.01821,32.763714,154.03152,168.30283,165.42392,170.43056
144.61281,110.23008,39.292854,156.88336,170.98854,167.41283,169.28487
150.97963,105.01213,43.766968,157.04938,172.13385,167.6376,164.97366
149.05164,110.049675,38.99211,156.25755,167.59958,165.1134,164.2051
140.62143,110.250916,37.124134,159.92737,168.41788,168.20616,166.67311
147.7806,101.63616,32.876198,157.28636,169.60567,167.52432,172.13272
150.94955,103.867836,27.699074,157.806,167.49628,167.6878,167.79376
145.59323,110.13848,45.194668,154.3883,172.41576,166.86536,167.77841
149.75278,108.15374,36.615444,157.4397,171.48257,167.3893,165.0781
151.9391,104.49069,33.483234,158.65161,169.72672,162.59492,166.50278
155.69682,116.10751,28.516695,159.73755,168.17499,165.4608,147.42001
152.01022,113.81368,32.802185,158.31392,167.69464,168.03899,151.28955
151.92029,112.29508,28.482319,155.39021,167.92752,165.40164,156.58669
149.61469,118.71849,30.474424,154.00261,166.28867,167.36359,148.59785
151.69786,127.63136,32.540985,154.91766,167.9317,172.46233,130.53242
140.41109,109.44477,39.859253,159.51494,173.42456,172.14764,157.0236
133.33937,109.669685,56.723946,154.37085,173.89114,171.5009,152.50807
127.742355,99.15419,64.47622,156.45631,172.79228,168.6368,161.04344
120.90941,95.12173,59.79766,153.27704,168.59819,164.59274,114.699814
116.27752,89.420494,65.103264,150.39996,168.50314,159.37044,110.08616
114.22242,89.330124,68.73108,148.65498,166.13092,162.50772,130.48009
114.89618,74.514114,64.09918,144.5639,161.6672,158.58029,98.41289
106.62352,63.45991,59.859406,146.30312,162.20874,159.57033,83.951035
85.18765,31.249012,56.233162,146.70918,158.19487,159.83243,120.83994
89.965164,24.121084,43.207283,132.75932,132.0903,161.9032,79.935715
73.05873,19.293058,64.56328,142.04558,154.13484,151.5468,105.11173
50.927612,14.020876,39.79074,122.319435,126.682625,154.57437,95.26639
72.62983,15.566914,36.24524,112.5935,116.60848,145.51036,105.89532
41.029984,7.79382,56.618,111.37834,127.53837,159.4572,113.75408
31.228395,11.397394,50.7145,118.71786,128.37146,148.52586,110.724434
35.10507,10.145012,48.964897,119.63581,129.31322,145.56602,108.4835
34.949326,10.2858715,50.636353,121.52328,123.081406,144.28918,110.83016
25.653828,15.132239,59.524227,108.85526,121.3272,124.29542,102.63116
56.12267,51.06971,27.200735,83.362854,81.58567,134.56659,119.42066
57.326336,45.876503,32.056858,83.53856,81.287704,144.46707,112.610085
52.145485,23.900032,38.470757,108.43832,97.39083,158.70567,109.15016
64.21249,33.583794,49.24384,107.900505,102.62393,155.56445,115.499954
64.491745,27.826422,26.040619,97.56689,76.35224,165.35724,115.15237
62.730747,32.255966,25.005035,77.667305,73.072685,158.58899,114.76116
60.16778,28.694962,48.307816,130.22195,117.7809,157.93607,112.87209
66.48109,25.667809,29.527924,76.20701,72.91542,177.17671,118.96386
69.02975,28.7691,27.80566,70.994774,65.71358,177.78,123.40403
62.549477,34.35756,19.803728,69.16587,62.817314,172.99565,122.49422
56.546078,35.534267,18.973803,65.19783,67.3622,167.30365,123.322624
56.83775,39.347775,19.71141,64.99238,63.476536,171.65137,129.55447
51.007263,41.421673,16.89523,70.2157,70.85105,168.1001,128.14159
57.146965,47.068916,16.23956,68.65621,68.70128,165.88312,127.467316
52.91328,43.255013,18.023806,66.83187,66.510765,166.31508,127.89217
51.53386,42.322758,18.936344,66.1805,66.185425,168.03024,129.39082
54.66007,40.490967,18.08142,66.13651,65.59365,174.44687,133.53008
55.600586,40.424786,18.493032,66.59378,64.53828,173.54802,133.89346
55.779453,41.56526,18.988491,63.934776,66.577644,175.00702,134.77187
59.33988,41.24808,20.994808,63.11915,63.4557,174.1827,133.6782
61.99959,43.474934,20.851316,60.824497,61.961098,173.70476,131.27896
63.353977,41.772865,19.177237,61.822083,62.580696,175.94955,133.52637
58.807884,43.589153,19.03351,59.735275,59.12549,171.24161,133.32649
63.605396,46.59914,14.244481,58.88316,57.672447,167.5605,127.32037
67.2494,48.20761,15.68057,58.680283,57.22889,168.06262,128.04279
68.89892,48.664093,15.246861,56.812946,54.77513,166.39166,128.89558
68.23082,48.695637,15.799686,58.040276,56.562317,170.28438,129.70384
68.52935,48.329285,16.174294,60.199715,60.189262,170.9169,127.27292
67.18053,49.081215,15.832805,57.00998,57.13966,169.16026,129.03929
67.09167,45.3192,15.646403,57.93807,55.961063,166.29402,128.83958
67.14317,49.759377,15.90746,57.545616,54.893074,167.42511,129.45378
64.33941,46.409504,16.775085,60.59523,58.41702,168.6481,127.25068
65.81162,45.8411,17.43923,61.98157,61.405178,167.63551,125.29375
57.178654,41.281734,19.581406,68.610435,66.884964,165.88974,125.43868
65.619934,39.29212,17.871052,68.47324,65.74893,160.34795,120.71423
63.463524,37.316444,19.78395,71.74223,68.076355,157.28764,119.744736
66.096405,33.06791,20.114166,65.56797,62.665382,162.63388,116.49174
63.388756,34.31701,21.183304,67.62604,66.71533,161.43944,117.670586
63.338512,33.882534,22.119007,69.520256,64.46499,162.04793,124.93231
60.198772,31.842491,28.623482,77.42088,73.36007,163.56018,113.92068
46.892883,30.61334,38.61434,98.711136,84.29816,159.48161,107.691055
45.810326,29.381485,54.663937,110.95063,102.693665,158.66226,99.661224
50.816906,28.91394,48.952915,118.730446,106.01414,153.96303,96.592
55.743282,35.788498,50.864227,125.03606,120.35017,164.7425,102.31238
59.219357,36.180195,53.384274,130.79306,132.53656,161.44476,102.36053
39.65905,36.075912,42.632877,127.075195,128.98297,152.21484,93.22378
59.14236,39.747078,47.625126,134.53816,145.3752,168.89967,106.262856
81.42521,38.073677,47.102795,130.6502,137.57126,167.59026,126.33153
84.34418,39.33158,40.659233,132.24507,130.98834,168.42937,130.01239
65.886444,53.09655,42.463543,135.00389,132.38966,163.57152,126.56131
73.971504,59.919273,34.45799,119.111595,117.49668,160.9706,108.415016
76.75392,70.64194,45.978497,122.67743,116.939,160.57317,109.30415
111.96392,75.69451,46.505253,121.44047,105.25873,159.56306,109.0945
114.704185,71.77086,52.46752,108.03721,99.993256,153.10419,92.40337
116.95006,82.42428,32.43875,122.66907,90.87758,153.24333,104.62852
118.724884,83.89504,51.12544,96.52222,88.500084,154.4647,109.16225
122.591805,89.733116,65.65233,70.53939,86.62163,148.82817,111.0698
118.36444,95.14768,68.36713,66.03172,82.22334,153.98341,122.176285
119.69548,102.85542,71.470505,66.55742,87.510765,149.22261,119.44634
118.78489,101.8147,72.27343,71.95488,87.031685,148.64496,122.87163
121.22222,88.86544,67.70371,71.5323,87.15931,151.93317,111.46458
34.811527,65.5363,94.76605,163.59369,170.8971,96.10314,122.40116
32.994457,65.45382,70.61378,167.73935,170.56627,90.766975,125.27166
42.098106,63.12291,79.74228,164.04349,164.64272,91.50104,122.94611
35.74314,60.988888,88.59053,163.77412,158.55531,88.27527,130.9106
31.784597,65.41585,115.64097,165.35278,154.51117,94.408424,130.42905
31.128004,64.707,123.34749,168.71738,153.45737,93.22104,129.9612
37.522846,68.2243,108.28857,168.45053,157.16818,94.89339,132.14034
47.11841,74.632286,76.30933,167.28827,160.94585,92.371574,127.86771
58.60164,80.941795,73.27622,164.87881,157.79526,92.660835,128.24188
61.721226,89.95614,94.4676,161.30157,153.0783,94.528496,125.4418
72.21538,87.966286,108.81692,159.3264,140.10811,109.77468,127.48791
74.88981,97.10002,118.166214,157.32913,127.5589,107.86627,128.15213
79.66787,107.493774,114.517975,152.54979,118.02057,104.38031,127.10931
87.115425,109.26143,116.50589,140.97568,106.462494,114.006065,135.75134
93.099014,111.016075,108.7823,126.524414,100.94011,113.31975,133.77925
98.711945,115.966415,107.0411,118.35969,95.92101,118.27453,140.8411
102.451744,120.49483,104.41376,115.485054,93.708115,118.87722,140.55017
106.226364,123.48536,96.096085,98.01937,89.400856,120.26435,138.25621
110.94965,126.366974,92.09575,94.45445,92.432655,122.91725,133.7441
112.28389,128.06487,88.72781,98.87304,93.30692,124.06496,130.27684
117.67459,131.30542,96.04831,103.00555,94.41347,107.91792,116.62375
116.69954,130.85197,100.57756,119.3298,101.55243,108.17583,112.301926
121.35773,135.38655,106.4074,130.2241,94.76501,102.7379,112.69998
127.07984,135.37842,103.996826,155.14809,101.65751,92.357056,113.07111
122.48703,136.18538,96.73005,162.55978,111.331245,89.394,117.72581
113.79225,140.56105,98.732506,133.83534,101.93303,84.2547,122.36535
116.756134,142.94913,106.166115,148.7494,97.347786,83.45289,123.73149
114.87111,141.18718,116.27279,135.98682,71.16504,103.42723,133.75256
118.35425,143.4823,122.16258,144.9706,67.75165,94.48368,129.14233
116.10843,140.96172,107.6981,137.93997,87.719574,96.367004,129.68753
121.4498,141.54489,111.55965,148.1314,90.29605,94.27917,124.72306
119.058044,143.22217,112.22624,149.58461,95.7094,91.49984,126.52378
120.38761,144.14246,115.34227,147.2571,93.38512,93.55175,126.77884
120.95956,143.70872,111.166145,157.53683,92.35581,93.32724,127.4811
124.48828,142.76253,108.46864,156.96559,95.83003,92.93004,125.26957
129.5721,143.33705,114.83471,157.07794,87.54248,93.40125,127.92911
129.03827,142.0734,112.22518,155.17615,92.63569,94.063385,128.19388
126.74609,141.22466,111.184204,153.00308,94.57198,93.76786,128.1343
129.24248,143.04561,117.86604,156.17487,86.24569,93.12108,128.58311
126.972855,143.46451,115.294365,152.63809,94.17792,92.585014,129.51846
130.94011,142.44783,117.37774,152.3266,82.5192,93.24252,127.39059
122.8095,143.39034,115.83458,154.82143,90.12663,92.16369,123.66297
119.31064,141.24092,111.23162,150.9284,91.63957,95.0152,126.30626
109.71331,142.02945,110.2534,138.40788,91.93605,94.90866,131.90892
117.49406,143.44034,110.25924,136.21416,84.437164,96.63117,131.04234
120.545815,143.0497,105.00313,163.31862,99.8673,94.11244,128.16422
120.45159,141.52258,114.85044,144.34631,84.03757,91.31567,125.285385
121.82393,139.1864,119.270905,145.69624,78.82407,86.553246,119.22148
122.3239,140.91844,114.76496,124.49632,71.278206,91.01402,124.56842
117.91635,138.89626,124.52437,155.04826,83.08728,92.1759,124.25876
119.50833,135.24847,109.81958,117.89865,83.37405,98.25644,118.80042
119.61163,129.75868,110.307976,132.51672,90.30752,101.3083,123.25701
112.618774,124.92051,92.63119,107.68556,102.35093,110.52046,122.83283
110.85195,121.41595,91.84699,117.59913,106.48979,103.60471,114.45137
105.57025,111.31366,106.13228,115.86178,91.18268,111.62454,121.03451
105.04871,109.87582,105.70615,111.93842,93.53567,112.90489,125.76123
94.9342,106.25797,100.40963,116.52054,101.173225,115.195755,130.76202
91.68808,93.21612,107.217445,132.39885,103.79017,109.41757,131.2336
87.24899,86.18796,109.28463,144.42218,109.634834,106.63631,130.53064
79.921,82.23049,114.53223,142.0502,102.99467,106.99579,130.94969
80.5626,70.70751,118.624504,144.7212,107.36402,94.98871,127.37814
74.80039,68.2303,116.84218,143.86037,113.18954,84.115974,124.687965
51.05771,65.11011,109.54563,159.06729,130.08078,85.078186,124.25942
41.675167,54.946045,97.57426,161.7728,137.183,91.82804,130.43065
38.991085,45.81012,101.287346,160.61502,137.52406,85.06303,133.79268
28.454735,53.59994,78.91295,164.86664,152.07808,81.47245,121.90007
31.42478,59.539772,78.80402,162.73558,153.45769,77.9634,117.75254
35.79946,53.616634,94.38807,159.04543,149.97021,82.667984,119.65554
23.079762,57.85738,104.85705,161.30347,151.1322,88.26979,114.80703
36.35327,65.94484,78.05656,163.80777,162.0962,90.754074,111.172005
33.238327,66.83262,81.455315,164.49911,160.02225,91.50806,111.658875
35.932453,63.870815,78.7188,166.01205,161.29274,95.03301,112.83097
40.96194,65.92992,92.39712,161.76208,159.8369,94.55753,108.55381
35.178463,69.12477,106.25517,161.80467,154.53923,91.41995,110.516975
40.039467,68.76743,94.93624,162.9153,157.74632,91.73916,115.43479
38.51269,68.0426,96.80328,167.5731,167.63358,89.18508,117.045815
27.252733,70.14561,82.51505,166.4457,169.41035,96.11067,115.96023
22.47679,70.05431,75.476776,167.53459,167.86179,91.23214,121.21144
20.719685,72.52851,85.76368,166.3575,166.71967,95.71541,121.839424
27.69845,72.31519,90.41134,165.08186,169.22935,96.750465,118.1371
32.333538,78.45468,101.36967,163.19363,164.41081,95.71863,120.61529
32.844795,78.5201,103.18141,163.34805,165.95232,97.183,113.103615
33.591984,77.12991,101.809494,163.06352,165.56584,97.880974,117.61257
38.301296,79.029724,112.82304,164.83762,164.17517,94.90207,118.86887
38.69734,76.976616,109.59405,163.58061,163.36217,93.60788,118.84231
38.322388,74.74928,101.44455,159.78622,165.14767,101.24265,117.4825
36.475334,76.66921,107.34188,162.64557,167.08778,96.88952,116.589615
36.058136,76.54556,106.5315,160.35448,163.53117,96.4677,115.476036
36.294373,76.3191,106.57855,162.02312,164.22594,96.491425,116.35577
35.82872,76.53799,107.44743,162.10089,166.79176,98.96899,117.03721
33.984303,74.27663,102.50009,159.97466,164.08144,99.073326,119.24516
38.46405,76.23083,103.911194,159.83517,164.38551,95.67733,114.47703
37.642906,72.81891,100.551155,163.72612,165.55739,97.33291,116.09113
43.380257,71.52437,101.70067,160.62088,165.71077,98.65846,113.293816
44.075058,73.511475,99.71427,158.6728,167.29942,100.42651,112.71963
43.487217,72.676285,99.962585,161.71959,167.21092,99.8969,116.137566
48.38774,67.41324,93.14535,157.90714,166.4286,96.20614,117.29951
50.36916,70.58291,82.59686,164.06233,167.8777,89.00345,120.77812
44.765343,66.64392,96.44124,159.68132,164.39174,92.839485,125.28752
60.551357,60.532944,94.62283,157.90016,157.7998,94.35541,126.243774
34.972725,63.095337,114.87233,165.1935,155.75824,97.02119,129.8937
37.03656,69.935844,102.418434,166.17947,158.27568,87.5196,129.48203
48.28778,69.21834,100.58507,164.98401,153.3772,97.08037,132.39648
58.07622,79.40455,90.98578,165.79228,153.82364,92.132286,127.272194
57.865906,84.62131,102.22818,162.20811,147.52931,94.2826,128.00804
71.641335,86.90449,115.85996,159.89287,135.10681,104.080956,129.8712
75.690155,102.733604,119.838776,153.74847,120.146736,103.03485,126.23116
82.28805,108.1672,118.21882,147.52599,112.388885,107.281204,132.00394
94.01159,111.38691,110.25256,133.7636,106.87787,110.98503,135.53833
93.403496,113.899376,110.754745,133.28784,100.269455,103.554634,130.55235
102.87114,115.688866,105.42381,128.54352,101.64647,102.81769,123.76742
102.82058,123.64064,98.54786,107.7232,97.56136,116.70196,135.45773
109.02207,124.8703,96.662415,120.153114,103.41287,118.19467,130.33357
110.50134,127.47989,98.3653,113.0509,97.05937,114.63762,129.37727
117.88783,128.18365,90.286995,120.176025,106.27678,119.68078,125.91674
120.77823,134.14024,95.58832,134.11382,111.13364,104.0182,110.52707
123.213066,132.93214,102.70686,141.2247,100.77788,104.85216,108.79634
123.89331,137.84755,96.248276,153.02754,112.811295,95.11497,118.686226
119.76493,139.79355,101.33133,144.03577,103.06299,87.483116,121.258995
120.696594,140.18149,99.42619,167.17107,114.247375,87.56471,119.705696
116.32014,142.5268,103.598015,150.1856,103.809616,83.2544,126.17904
119.8761,144.31961,112.440056,132.92863,79.207085,85.92181,120.02062
119.4643,143.32988,110.102455,133.7406,78.97458,88.73069,126.25604
112.724335,142.87192,111.35645,127.07775,73.75754,91.99306,130.31407
113.80944,143.36057,111.21365,129.43036,79.26559,96.886826,131.32678
120.760826,144.61388,104.33239,140.64337,90.37878,92.6506,127.982506
117.86724,142.75194,104.575615,142.62587,87.56487,89.69011,126.464035
123.43721,143.09596,95.42112,149.80605,102.93532,86.98045,128.16214
121.20856,143.01958,99.91785,144.0158,97.0245,89.187706,127.82566
119.27925,142.7048,110.53065,162.20926,93.8024,86.82104,128.52751
113.70933,141.59836,118.76539,154.04791,75.81403,88.26539,128.03394
113.41058,142.29225,119.26109,147.97462,71.18213,90.8237,132.14442
111.82825,142.3497,123.11475,147.36877,69.678154,87.74656,129.61293
115.62153,141.68071,103.94407,143.96938,90.74471,91.18833,131.18916
113.5645,142.0947,121.403206,160.73093,81.28097,89.7752,130.61009
108.11424,141.01309,115.60499,145.66281,83.49693,87.273865,132.1064
111.976585,141.40343,102.58854,140.65057,95.597534,86.556725,128.66544
107.44924,140.72293,112.34789,139.82118,86.92586,85.57741,131.9828
111.81186,140.36372,109.16289,139.92278,89.19675,88.39399,131.80762
113.571495,142.28123,117.55176,160.16527,85.077614,88.15503,129.37672
108.16121,140.49387,113.35436,147.42342,83.39854,90.48118,132.35492
116.620964,143.39067,111.19091,142.5615,86.08346,89.34214,130.47168
118.88356,143.73282,115.0854,119.20021,65.08047,94.319,134.52632
116.253914,142.03717,112.63045,133.77231,78.47557,91.09181,130.66385
124.62648,140.98177,117.14272,153.45163,87.19893,90.26131,128.19092
121.94235,136.8556,116.43842,150.39278,90.34734,88.961334,124.123955
121.47302,134.93936,104.83248,139.75476,96.1718,94.13526,122.91742
124.69907,131.50705,99.93287,121.61337,91.80564,107.223625,129.72807
117.34036,125.72665,102.46803,123.045494,89.74401,112.72715,129.14717
110.19963,116.167496,94.938034,114.63638,102.67389,106.13888,123.19296
109.73232,110.79595,107.138054,116.08772,88.5633,109.03426,125.27017
104.94512,112.53753,104.793205,101.14288,86.93223,111.98202,124.166916
99.9791,111.90074,104.19416,100.58691,92.553154,115.28979,123.9263
98.14003,101.88258,113.61762,137.09193,99.94084,106.39188,125.83719
87.09424,91.79223,120.48946,147.94366,96.970985,97.598915,128.09372
90.81305,79.4893,117.9057,149.10117,102.901535,97.20868,129.41745
82.063545,81.12333,115.82985,145.71979,108.12984,93.352776,125.10056
78.909454,67.10916,108.39441,147.59943,121.07878,95.04219,129.48459
60.52394,73.24394,99.60223,147.50804,133.01262,93.98109,118.77992
57.782913,64.9629,95.07544,157.76332,139.02637,91.09382,121.462036
48.34842,64.349014,96.99289,160.10178,142.73088,92.23803,120.124664
38.019848,52.95287,107.37684,162.51848,144.57347,90.312126,125.03813
21.81655,53.42375,85.543434,164.47797,155.62674,79.04404,122.54616
20.260424,51.490963,81.96358,165.49443,159.66011,82.283035,122.88504
35.995388,52.800003,91.62127,168.67941,157.94693,81.31759,120.17038
35.59686,56.560246,81.42595,164.86757,162.47028,86.613716,117.36179
29.963732,49.210064,83.6187,164.25323,163.51471,89.624435,123.75107
36.457493,57.431908,90.27101,160.703,163.97862,96.51628,113.920235
30.02533,57.38321,84.2765,162.15709,164.16331,100.15672,116.591866
31.04766,61.505535,87.206894,164.76578,162.21216,95.350365,112.68575
38.74827,63.75129,104.68357,164.66931,158.26857,87.75431,111.98072
35.643673,67.79701,104.87864,163.27936,159.26764,90.20524,109.911736
40.266045,68.94667,98.59626,165.1889,161.89029,94.32163,110.922455
45.683655,57.151253,83.16516,164.66925,156.64244,143.29872,153.37544
55.29074,66.713326,106.99623,160.66898,155.62428,145.20816,164.23196
61.552296,65.888336,109.32,155.8899,168.30688,144.24472,163.33466
43.75504,65.32126,97.63908,164.86221,177.92253,145.27591,163.33531
46.52348,57.516598,102.53969,158.31071,163.1831,139.99925,149.90767
67.20318,72.3397,112.52101,158.78835,166.91852,145.58228,161.08058
69.20085,58.6365,117.89178,162.70602,143.4946,131.33548,142.91858
62.133823,74.292145,109.77851,151.66084,146.97131,143.52115,162.01169
54.491344,64.20981,99.63933,160.60822,153.11507,145.61581,154.77893
68.11984,75.49021,91.568214,145.06604,95.37755,145.5508,154.8352
46.27338,61.150646,76.20174,158.16086,125.18216,150.47174,152.86325
117.874664,124.3715,97.837654,76.10724,72.2105,142.67316,155.84897
116.33832,119.32095,88.27608,34.94419,52.82733,140.20016,153.43741
56.0738,69.14661,65.18422,108.92501,75.63464,144.74464,154.25397
69.82955,76.727,64.985725,89.19682,62.578,139.62477,144.3926
85.69005,87.59131,56.737366,119.72163,87.80967,142.39021,146.8707
91.66241,89.038536,62.30829,54.592068,49.847404,142.74731,144.9188
88.01573,90.22923,71.70429,44.688065,45.170868,144.49362,144.37006
118.95493,112.64872,84.745804,37.620415,48.48801,140.65955,135.93307
120.26356,109.21782,65.75049,55.904037,51.499302,143.11841,136.35753
97.17933,83.12807,76.965836,88.311455,56.72875,140.88023,131.79741
69.56834,73.036064,78.82946,118.731766,68.0091,144.59573,145.42119
89.433235,85.3786,74.51902,76.34987,51.070396,141.55905,143.27289
109.0952,105.51315,60.768436,47.086887,45.792614,135.30502,136.02248
106.57057,103.897,74.81435,45.97804,43.87196,134.90065,142.48022
106.95318,105.11292,77.44324,57.954494,46.228374,138.43369,141.59727
110.49289,107.10263,72.57491,39.698246,40.426865,131.384,133.00383
116.53358,105.08566,52.934277,23.813873,30.38872,138.5858,131.48029
98.16458,99.310074,76.16987,55.206665,41.51758,141.45255,146.97438
111.57269,105.83858,61.856007,25.370916,33.87735,134.05104,128.90749
110.45394,111.28856,73.33468,28.329655,37.770092,134.31355,138.64099
105.20856,111.96853,72.33638,49.026283,38.951477,133.63583,142.93573
100.50596,101.755875,63.94728,30.173138,36.10209,128.06003,126.801414
108.09979,99.47766,49.919373,21.327368,29.857763,126.519165,119.59038
108.94388,101.37369,64.78172,21.49484,29.95304,133.18385,129.06923
108.35868,101.37702,61.201756,21.00755,31.425722,126.615364,123.586105
103.14833,95.236305,57.178658,46.490917,43.391285,131.23184,127.10315
113.587395,96.599205,42.180115,26.555298,36.461636,119.75766,96.222115
112.8445,106.89404,53.090416,41.330875,45.17348,126.6262,117.73549
118.338264,104.98465,29.118925,19.943027,27.744335,125.35314,105.76571
26.897415,31.152533,70.56974,51.415504,53.91883,121.96682,115.99461
5.624063,48.14156,5.963186,100.17354,124.615524,42.283894,72.74897
87.69071,79.98448,8.77626,142.13257,142.06088,137.9371,139.39412
60.904015,44.314766,53.759766,77.11742,56.947807,142.9581,127.95881
61.353516,40.480072,16.623411,75.45888,76.92763,121.34839,110.92655
57.455173,63.766876,155.91449,56.689808,164.74464,149.96524,145.08237
45.88792,44.471344,156.40924,54.23049,159.51822,141.5679,136.53972
54.563248,38.49742,9.472535,61.577896,82.25145,124.95198,76.29505
36.046726,18.046816,55.627796,38.374355,65.61184,109.70975,105.752594
70.31706,86.23147,160.48952,38.631516,170.40952,152.65381,146.78256
59.229794,44.23942,17.92335,12.9110565,20.894094,138.63101,134.94421
94.24913,81.8487,18.326359,50.06829,50.408672,116.34082,105.3036
106.25039,101.43313,26.803104,17.779572,21.48318,117.32272,108.75733
89.51329,90.625404,15.0106735,49.225056,63.64581,120.97786,128.68317
71.75477,59.443817,18.74369,156.72865,152.11455,140.57059,140.20667
50.55338,71.72603,25.218864,152.0651,151.15994,131.97934,141.73753
82.31745,97.15064,16.954449,118.16399,123.54392,128.85042,143.97084
71.05575,60.007908,7.255391,136.08623,137.499,128.85493,115.60545
74.232895,54.42895,49.718155,47.83116,58.138012,144.16922,132.60455
66.646194,70.75106,15.981926,150.32516,133.55482,133.62726,135.09319
81.36095,70.078026,20.407917,130.03757,106.0643,139.16989,145.23456
46.622475,39.445187,18.536427,58.43161,45.113293,112.542175,96.84836
100.545074,84.79193,29.278704,31.609148,32.589264,117.141655,98.540924
111.47114,103.668015,28.350458,19.768227,28.381577,119.99335,112.73692
114.36914,101.84618,15.786173,52.02394,49.731873,131.395,120.5735
92.362976,88.202484,53.229942,127.41459,73.2266,130.86981,137.78041
40.885353,41.59455,36.619743,101.86654,85.4406,132.5658,101.10328
114.006744,103.3186,77.85628,27.228336,41.47317,120.31517,113.37622
121.12936,117.76226,66.58134,30.772438,40.246834,131.35507,133.65253
112.17621,96.83326,58.62801,44.39112,40.19368,127.593254,120.51027
109.886154,94.74022,36.360874,51.873207,50.54403,124.8352,112.063255
111.3974,118.155174,62.444904,77.01778,56.530552,122.81457,138.26299
112.723816,94.04101,59.57947,38.290504,41.878605,118.35552,106.197975
112.30585,117.0833,50.269558,75.29202,67.610344,135.54245,145.40997
99.63039,99.975334,36.721027,120.25345,106.64422,124.81301,137.68565
117.86727,112.12886,43.829716,113.315796,90.22612,127.22007,127.477745
108.931526,112.181244,40.244217,79.54397,77.58141,119.112015,132.82706
106.19256,100.66104,36.893208,103.60701,102.48296,117.74648,116.41273
120.48382,118.893684,44.359123,70.84826,69.78593,136.42403,136.50662
116.76648,110.985916,42.572926,43.85821,48.533993,136.18848,136.13028
121.45249,128.46637,50.13279,71.543816,71.1418,136.66371,150.15869
84.26566,83.72599,69.037895,136.45277,114.08745,138.17348,147.5382
124.06016,117.001465,76.2636,60.464737,70.46515,137.74992,140.59938
88.80697,82.9699,58.690575,129.82416,124.6372,144.35138,152.72621
75.36875,65.29218,66.37276,133.20471,134.15363,141.96936,147.37308
54.473892,62.80687,29.36944,163.74365,168.06334,148.20958,157.52162
57.98619,52.213802,31.042866,166.01015,175.70705,146.75813,149.63203
44.181164,49.870438,26.511677,170.47371,169.46884,146.67607,148.32152
68.13776,57.92974,67.110596,167.08789,171.18842,146.29115,148.54724
54.19742,57.338936,59.810707,164.11266,161.47859,140.15817,143.27528
51.48473,41.66996,41.003456,177.88289,174.72688,144.36731,153.14586
44.87663,44.949924,39.767334,173.10738,175.56477,145.36446,146.97299
50.70753,51.804012,56.375694,170.79611,167.33226,149.55228,152.6055
57.069572,56.24722,89.45418,172.55093,158.42644,148.27394,151.72046
50.071857,52.86852,75.20208,171.99329,151.8483,144.23967,148.51234
50.155476,46.87089,70.949135,168.90825,158.568,148.74481,150.08522
41.900604,42.760983,30.328121,169.5958,165.92133,148.14873,147.74796
40.08749,43.61172,36.841152,173.75725,169.1202,145.48611,148.91461
44.859486,46.02374,40.47804,170.98462,164.657,146.16557,147.6763
44.434643,42.928066,39.025482,170.55722,168.59154,145.59106,147.99167
46.698627,49.18569,71.59538,166.79768,158.75224,142.8108,148.52844
43.23199,40.970062,46.084625,170.56512,165.06824,144.88956,145.19968
56.523582,51.473263,97.90748,163.69884,163.35094,145.06403,153.75851
44.59131,45.29444,71.678505,170.24077,162.68529,145.6429,152.47415
44.085052,40.56358,77.69699,164.20135,167.59917,146.2555,154.10042
38.88631,42.327785,73.55808,170.25267,163.73012,145.11266,154.805
46.73168,42.296474,59.569054,167.58746,175.25615,146.42078,153.9957
46.14718,39.833927,27.283958,172.44547,176.99625,144.35991,152.43854
55.57595,48.175514,76.89309,166.55243,176.37906,140.50839,152.14987
64.67776,51.79994,84.32952,169.446,172.38159,145.25526,153.39548
57.271458,52.185574,96.09251,168.15834,175.55731,141.41,154.2387
51.016983,33.517128,64.25436,169.95558,174.43767,141.34387,145.1365
54.907753,46.343307,83.03472,165.04237,167.26364,146.68372,152.05682
40.21186,43.513973,43.00968,168.12154,168.74411,148.91925,157.83522
39.00134,52.072075,69.08908,165.99872,163.0864,144.85721,157.25583
53.410095,48.593544,100.37542,163.55298,168.49713,137.25537,145.99063
49.37976,46.45491,83.60104,160.40163,166.30956,139.99364,148.33293
110.483246,104.548515,118.87571,86.08228,103.38983,138.52353,142.16133
61.47868,63.232933,105.587425,147.72191,121.012024,132.0955,143.11922
68.426346,70.34024,97.08593,153.40709,105.88604,139.07722,140.95964
47.25646,62.920574,57.129086,126.40511,107.80881,130.27301,153.5865
40.87606,62.573215,45.157555,97.75889,76.730865,129.32256,152.97559
65.19411,77.48325,53.535812,131.05846,97.07442,126.02692,150.02477
85.81282,94.12721,64.77503,124.82998,84.546524,127.29753,147.81036
74.0477,86.56279,53.033916,127.3588,85.44527,132.4644,155.83842
107.60812,99.409584,61.07395,61.142033,52.119667,129.6331,131.6767
104.371124,90.2376,54.115524,55.948204,51.70835,126.360634,119.47617
112.88672,104.95231,47.837112,68.962105,55.709785,129.69208,129.63097
110.30967,109.24186,53.270092,53.15364,45.6769,135.35437,133.8322
107.3268,105.117874,60.219303,95.69245,61.103306,130.12798,135.98364
103.14781,97.16816,64.05173,100.4817,50.890057,136.31294,139.86087
63.14196,75.9438,55.865795,135.80902,74.653435,140.951,156.12183
81.429245,83.86109,73.00574,126.72745,60.57991,136.1046,149.51398
110.76417,105.00739,61.355293,54.496834,42.9186,135.33078,133.86247
110.269966,111.095795,56.089386,33.774204,33.88575,133.75745,144.59465
110.29117,105.8582,34.774513,24.224598,32.980087,126.238174,126.63215
98.656586,92.099525,53.69545,25.433556,39.937237,125.612305,114.16769
111.49599,109.99238,72.39107,45.67025,46.86937,123.68542,128.28674
112.60209,105.08593,34.511135,21.696035,32.70717,121.5487,111.725876
113.78757,109.4518,79.500114,54.183376,48.607914,125.18401,118.78962
115.2935,105.27151,19.488424,54.198475,64.75489,127.64981,117.26836
117.65275,97.26307,89.99894,45.228676,52.14852,125.974556,104.80673
108.62917,99.7398,52.86499,40.46015,47.079544,117.737335,99.16572
111.23868,101.834274,16.5093,46.218746,49.891888,126.43648,111.70706
39.875748,33.55407,123.53806,79.33686,111.30328,107.84169,102.73369
97.06817,71.91614,42.41418,28.57052,46.05538,93.41276,48.341213
117.471924,89.81334,19.263103,27.265215,28.831835,122.26507,78.644165
11.14894,47.381626,7.349109,94.91732,102.619194,47.857605,57.715027
115.51133,106.641304,21.697577,22.84968,26.423826,125.1163,106.283775
115.51013,92.35103,47.818485,22.449617,43.573624,122.15585,92.048164
36.90479,53.210526,26.314936,78.59441,50.70569,50.454563,62.66436
111.47596,75.058754,34.500587,22.446737,30.801823,119.46634,67.41843
91.56604,84.44226,23.401268,33.19123,31.395666,95.55442,82.53676
47.21462,41.26184,25.810467,84.239426,59.631973,109.29661,113.99889
43.012894,29.75377,17.387672,46.17833,39.1636,121.65304,113.003204
50.34335,30.402143,5.444025,33.89325,32.34383,110.495544,114.05023
97.1295,93.289085,21.756546,81.54858,88.796135,120.725334,112.06629
115.81305,97.54516,36.84071,22.905392,22.730164,131.32233,111.711754
84.92337,74.40442,20.470388,112.147446,104.95007,138.80618,134.38467
66.60475,63.06125,27.636662,62.941036,65.64124,136.47229,134.16286
59.398697,48.534615,20.06764,75.86033,56.780346,137.93213,131.08041
61.275196,60.290676,48.588108,105.81848,48.41018,129.96965,125.393875
86.9394,39.10306,19.03129,21.394152,26.059164,112.410416,54.817375
53.73028,55.69915,24.976557,51.387993,57.73375,136.5256,140.93655
63.01446,53.47231,41.459465,33.860325,39.462563,141.80026,133.60449
87.283005,89.36429,26.273304,54.66022,41.156788,130.55408,135.27383
35.00785,31.574986,32.91699,134.92589,112.50044,143.75044,139.38573
52.25267,45.778637,36.661167,116.59098,76.16639,141.49297,128.72195
66.62056,63.51973,29.472145,59.477406,64.1937,144.22192,134.4549
41.682472,62.740467,16.553122,71.842415,70.85662,86.79189,66.62594
101.106926,52.744698,59.545223,27.609867,37.081303,119.25877,55.723625
42.042816,41.282516,82.69266,66.33842,99.52988,23.343884,37.991383
13.0447855,35.25594,22.68609,56.831413,63.185913,103.09071,111.26349
95.53568,66.85203,79.063446,33.2705,62.60413,98.398605,62.04822
111.04674,107.464775,69.86724,35.32617,55.059204,113.98439,108.85786
111.37305,93.35944,74.596176,29.797842,41.853474,116.92113,107.055504
107.102104,103.65513,44.676926,28.381325,37.132317,105.73682,116.89669
108.10845,109.48395,44.57894,58.94638,61.355072,120.43762,124.46298
119.22931,126.801155,90.69149,137.45201,74.20898,121.60268,143.53708
98.82752,86.99606,32.217045,122.46971,120.34173,140.14209,141.31075
115.7868,92.03913,72.88366,108.01665,73.3652,129.20692,115.672226
118.690865,105.33188,82.332214,113.628525,76.91541,133.56395,137.55074
105.79562,92.361206,69.483604,109.91992,69.39126,127.75098,126.06754
81.28402,75.7547,59.48539,147.4829,116.23368,139.66068,149.40187
83.22282,73.38974,60.28522,140.92368,126.3124,141.29308,145.66321
96.09795,100.784325,58.840534,112.475105,89.56494,139.70076,152.42369
74.777405,70.29525,69.795815,137.31633,113.83624,139.3742,142.30025
80.63394,76.499825,83.30965,136.70256,117.61373,132.81395,144.94568
79.81055,89.49772,64.44297,153.21313,164.58237,140.10284,154.67593
106.67311,107.0471,27.463673,143.10742,165.9608,134.9602,150.07903
101.090485,93.15108,65.90352,131.02673,119.77342,130.27692,145.89687
101.96394,88.21602,90.23268,126.25033,113.99401,135.67484,142.61574
73.69106,47.45724,94.726036,154.14055,151.9693,139.68552,138.511
64.231766,52.202225,72.561325,158.08472,148.1313,142.31589,146.8451
64.88636,38.431614,92.48149,163.17056,154.84752,146.99127,144.26747
83.844894,46.27297,98.2799,157.48938,136.34085,144.95439,137.60475
51.552456,43.59309,50.573093,170.0909,164.76913,144.32338,149.38347
61.19496,46.344296,83.921135,148.07869,175.64323,141.01976,154.95732
56.437805,40.414207,83.40332,152.63393,176.03473,141.99661,149.27652
58.366188,44.735004,88.86001,155.44969,175.85966,142.81012,151.36983
53.93878,43.1314,83.904655,152.39331,173.1721,142.74814,152.67854
48.077553,32.551918,62.200226,165.2876,179.1206,145.13167,147.16032
47.66229,39.160645,69.26183,149.74907,177.11247,144.4422,150.68918
52.50706,37.208908,97.070244,169.03793,176.23895,143.11592,148.64948
51.35989,38.894115,105.58869,169.08228,174.48505,143.49547,148.03915
48.321842,40.20204,91.107086,169.77353,179.7842,146.02939,150.16902
44.73383,33.858826,79.150604,171.3716,177.27782,148.02243,149.28574
47.534454,38.400726,69.03603,166.71205,171.15492,143.415,152.47466
51.90935,36.249634,74.17667,166.25925,173.66982,143.01653,149.87225
51.70908,36.934147,78.55556,161.82426,177.48875,141.51724,150.25415
48.81269,34.93966,66.64964,156.40265,177.01213,141.87401,150.54213
42.37753,34.15274,58.65749,158.88301,172.53537,142.61197,150.26552
40.108006,32.805836,56.812546,160.80663,177.38736,143.91217,152.76997
42.557457,37.27022,66.87099,152.6959,178.959,139.34749,152.27783
39.14971,29.882755,48.0209,149.99533,178.5143,139.38254,148.03256
45.502537,34.191223,60.87028,151.96127,175.26343,140.43712,147.71173
45.457417,36.22285,63.08236,155.05377,173.5738,136.029,147.93263
46.674976,37.071182,68.15337,149.03444,175.80775,139.46571,150.92622
48.73716,36.536892,74.508644,145.5875,177.53398,135.3825,148.31241
49.290337,35.000782,73.91224,149.22942,173.88553,137.46829,148.90002
57.32734,43.203476,80.29507,129.0903,169.62685,137.15665,148.58455
44.957615,37.66671,70.32776,147.70787,178.62215,141.37003,150.24951
42.53643,46.789146,75.65271,160.03946,176.1967,142.01189,156.22884
49.787724,46.115097,67.93665,146.47765,179.56747,141.45398,154.7888
39.497185,45.810146,64.60501,168.68008,175.93797,143.39442,156.56396
53.163166,57.955284,102.1515,168.92169,175.7861,143.31892,158.8195
53.609573,65.92012,102.74125,165.9186,166.55798,145.86427,159.7612
46.73698,54.62809,94.685455,167.71922,167.63419,146.67435,161.30933
51.381077,63.61923,95.22403,165.90771,166.38039,144.47432,161.29433
56.300453,73.051994,112.79698,157.54483,159.16678,141.24785,164.51202
60.833664,69.54794,100.132614,150.19716,165.2114,139.28285,158.86511
58.051632,66.180534,81.88654,135.27107,119.50916,137.65521,156.57007
100.114655,109.75584,99.80775,83.0108,95.47186,132.1058,158.72066
82.726074,94.57791,90.27973,123.08982,104.33461,134.254,160.78519
84.93234,88.19431,35.199078,134.59593,120.202,139.26468,156.93079
103.22288,108.34802,75.53262,90.75557,88.43397,136.98164,156.97017
114.24882,114.28771,65.76943,61.771393,70.96841,138.93216,152.6371
120.50117,122.97476,65.95781,45.792297,55.850243,130.4092,141.85587
108.109116,95.47994,53.707054,81.46233,72.18104,140.01663,142.00752
108.41263,111.385185,40.513,81.138115,69.497894,140.1902,148.40543
119.86022,123.564224,53.252193,58.28355,59.337055,131.3815,140.24985
90.609406,114.938934,48.369328,132.13043,103.66343,78.78892,132.52028
117.03997,111.00588,67.01614,45.39444,48.171566,131.91934,131.93494
117.28042,94.275986,45.718117,39.547955,41.861725,132.52336,109.56741
117.63837,104.28224,52.63555,24.227488,36.558598,132.18886,123.93613
25.22486,42.029358,5.0593886,129.56691,137.98427,69.66589,110.28125
116.1459,117.12733,60.810535,44.76997,45.02702,134.20729,147.92026
116.03895,124.93358,88.47377,76.8923,59.25443,137.9184,153.09225
112.76407,129.31058,91.304184,116.69539,72.18709,132.08044,151.35564
105.68916,112.484375,79.71117,57.71207,59.3938,125.434235,133.43887
117.53513,127.861595,81.188,81.005394,56.635944,132.23055,146.96263
119.999535,129.40253,85.485886,59.00231,56.414093,130.8148,142.27971
116.750824,116.06523,61.23252,51.918858,45.297886,129.27728,125.91203
120.75596,124.54651,92.0001,72.86302,58.376,136.23042,141.30455
118.04883,104.53198,54.385616,28.126211,32.809525,128.63837,109.82763
130.53447,117.649,55.60704,127.998505,144.2368,78.74195,139.05714
17.741003,15.674161,61.85781,119.66458,149.84518,136.19437,68.207344
38.52892,64.89066,20.787863,141.4781,162.98198,128.89922,72.050476
36.457485,29.411074,40.678547,118.146095,152.3285,128.47684,91.044815
42.73102,68.08734,45.23792,102.61848,124.49426,132.74237,107.63485
35.06442,43.409073,44.678883,123.07088,149.56398,121.93447,78.68974
64.99934,35.68683,74.05924,111.76199,142.41914,81.97329,139.42644
41.741238,121.322296,66.855034,103.41338,138.61026,123.02514,149.7496
72.42368,38.01896,72.21698,100.29966,141.23567,68.475784,45.00661
66.782745,31.573322,62.00875,115.68942,144.37663,115.392105,139.56781
62.790977,43.250317,55.609634,126.8747,154.41196,114.18162,128.9851
133.31612,128.37009,79.591606,114.4598,151.69904,144.39851,128.6196
79.51605,133.36217,73.809425,110.03949,145.19713,110.25584,132.1946
82.85497,86.93375,62.87942,120.656654,139.06854,142.89133,149.38882
83.754105,78.89915,49.861225,140.35907,154.07791,142.03287,113.87476
101.025894,72.78218,50.072277,150.22014,157.652,160.53935,123.05507
94.43928,110.147446,46.177723,146.1043,163.34097,146.0632,172.68756
65.36971,60.165554,62.5621,154.34584,152.42406,134.24297,126.886154
63.73573,37.737896,19.233526,161.30779,160.18985,133.31895,47.38381
65.09266,81.24561,33.97631,137.23325,132.63908,144.11288,141.59227
71.209785,72.86584,22.990213,165.30112,165.60196,118.46058,97.403885
41.97519,41.520527,40.35788,161.61725,173.38501,71.03164,62.912014
56.07851,55.519344,40.445633,161.84575,175.21364,129.12662,112.486084
25.95296,19.787321,29.394373,130.81107,137.41371,12.653979,33.27832
29.121552,30.218245,31.095387,146.24724,146.33191,63.44892,16.479242
27.013657,47.69681,17.632675,171.56056,175.98921,101.69469,121.42275
28.27057,44.734562,22.882532,174.90326,178.37033,80.20713,19.965843
45.01254,47.975033,21.261795,171.52272,174.56706,104.38184,33.548412
17.317162,36.59014,33.407917,167.56711,169.06427,48.365685,84.40046
35.792,24.817951,32.94952,171.19104,176.92278,112.73751,27.077856
17.804203,51.03824,45.362896,172.2391,173.36613,71.12896,115.23161
40.024464,51.97318,46.66531,145.63857,138.99695,135.56332,103.35907
11.908635,39.572712,46.004868,142.52863,138.76564,51.791386,30.716995
33.88616,34.73585,44.801266,152.48764,151.49107,112.47132,37.27393
35.700924,29.75721,39.40814,158.2937,161.57608,117.15297,23.07718
48.030434,65.373055,36.397747,151.50749,150.21855,134.29044,130.92117
44.512646,34.89189,38.75214,165.84825,170.92659,121.51175,81.62438
49.236633,63.58817,27.264595,161.72055,166.86282,115.63257,129.16466
49.760403,45.354588,39.460007,143.22844,150.88135,136.1112,124.82061
80.4312,74.79309,25.744244,141.98448,140.97179,163.06429,159.23863
62.662556,53.969536,50.802914,166.48662,161.34766,155.88196,138.35818
53.265335,44.659264,34.849003,171.68744,176.1794,126.38718,67.82953
39.144333,37.251835,52.12701,166.62724,157.49971,95.54506,106.21141
20.985447,46.702244,56.711697,165.95789,158.31645,64.032005,108.11158
53.6009,39.20384,41.893482,148.63283,154.01689,83.06152,89.82587
50.14858,24.343088,54.24729,165.05067,159.97316,81.65696,15.2961445
18.29081,44.307972,57.681614,163.07103,148.84427,66.56108,113.284004
43.54792,23.057676,54.208454,166.5228,158.42857,95.28429,60.457962
48.260033,33.12869,38.2421,171.65076,175.14064,35.480644,62.26547
40.52816,42.740128,42.640305,172.60345,172.92177,25.702778,94.15828
23.713913,54.609467,34.99531,166.88507,166.66742,98.53053,128.99437
88.5087,43.610584,39.72973,165.13593,174.24403,132.56784,98.908485
44.9634,56.869053,35.778828,148.89227,155.13693,34.045185,127.60488
84.84548,71.39639,34.172745,162.11461,167.17465,157.92685,155.9372
89.25643,39.177303,41.745705,164.33513,170.45427,159.42558,44.454678
72.07672,69.44794,32.34048,167.84724,176.49646,147.23863,142.09218
83.86656,76.27746,23.690166,167.08258,157.94522,145.37314,145.63733
81.7157,69.02305,53.680546,158.89369,168.54091,157.76564,120.52182
104.12309,80.19205,51.100086,162.47304,164.57631,164.99481,151.77483
81.57141,81.880394,39.31385,162.28307,163.02951,162.07762,141.20322
89.72996,83.28248,41.0912,153.53236,163.63432,159.8848,128.2582
95.73554,100.891525,47.765568,146.02151,151.78479,175.97311,109.537415
82.13099,84.87491,61.248856,133.81717,144.37602,140.74837,134.93503
91.64333,99.61592,74.08605,126.26683,136.06404,134.81233,125.266754
98.30147,113.82617,61.695183,127.35141,142.63391,163.91463,157.87572
42.29601,66.03743,64.8592,114.53409,143.76668,73.360115,150.41393
75.6015,140.4285,74.174095,122.820206,141.05717,36.184425,128.33408
64.539154,37.39536,76.97685,115.14782,142.00006,49.747337,58.043373
10.440144,29.645235,77.72049,88.61399,132.96489,112.433205,88.99431
59.22753,16.979633,62.266994,121.15181,153.56567,97.826324,90.62626
27.346436,12.748867,66.891106,97.3396,130.91806,108.16772,87.99409
31.495705,57.41549,72.61559,95.08522,144.40372,118.254776,91.64315
32.50576,44.63326,69.96705,98.36639,137.66917,114.59387,73.36575
12.55699,23.397528,68.15015,113.20156,146.6693,119.230286,80.73008
9.310507,108.708015,70.440796,106.56807,139.48979,119.56703,151.71022
60.254738,122.2288,63.85616,100.82095,130.52278,93.69504,24.649843
19.962593,40.27474,74.50278,106.97337,144.28401,125.4755,147.85152
43.329597,63.98861,69.78128,116.587746,146.44928,68.91474,133.35405
74.46408,76.01036,72.62268,99.83499,139.22379,116.93093,89.81657
52.265415,90.07769,64.307175,125.72122,140.41786,94.57803,129.64786
89.0192,83.94007,62.617237,122.752754,141.12247,137.91087,132.745
87.23653,108.77942,58.019325,120.51945,148.49846,127.35226,168.4286
86.17301,96.921776,49.588474,134.50232,157.17601,132.05637,147.0836
75.37489,76.44011,48.952335,147.93996,156.66537,140.7078,121.103935
72.784615,72.83437,52.521397,151.60045,158.14171,144.81401,99.36256
73.51735,69.22662,47.106113,159.90862,153.54901,110.998276,132.0415
47.472294,64.874,29.032516,164.54662,158.48795,103.60399,111.217354
57.82007,38.0053,39.816067,150.30765,154.38887,133.37317,122.45578
45.134834,41.270817,44.885506,162.03716,174.67998,104.43554,120.1235
58.762505,55.123764,43.356277,143.4821,149.98409,116.56566,76.98294
81.301155,38.10811,55.424274,136.40796,146.07954,137.04527,113.47803
36.40691,72.37047,44.17798,159.45963,164.74791,25.158112,135.3794
42.121838,47.609287,48.56745,163.97292,176.78052,26.471014,86.56478
69.8751,31.635447,56.245422,142.1683,155.35298,139.63693,74.46653
80.238,58.878002,53.119663,161.25194,166.95216,128.04114,112.83055
84.50251,61.868183,52.13428,156.8869,161.15154,126.86136,109.70055
88.140434,65.311646,50.708694,153.34966,156.43152,130.61113,115.371765
87.91484,65.394745,50.733063,153.2509,156.45781,130.22556,115.22652
85.250244,63.992496,51.220863,155.84206,160.71904,128.75705,114.81285
84.217445,61.560722,54.98107,150.34164,154.41704,128.98102,111.95558
91.810875,66.490295,53.694477,153.14473,156.75548,128.21732,108.01344
86.38107,65.402115,55.49959,151.63512,155.47284,124.45027,106.379074
86.77392,65.59518,54.430435,152.23271,155.8665,124.61914,107.31614
88.02395,64.456436,54.75808,134.65337,137.58449,125.90643,103.78314
90.671005,62.748676,52.83996,123.83948,123.782036,128.1191,100.60055
98.417496,73.02064,52.093147,119.27158,116.27783,128.72856,107.56334
102.32224,83.01021,50.768204,114.015366,106.275734,134.94374,114.45736
102.49429,83.738625,52.10595,114.343445,107.55716,133.68732,114.94287
103.7822,83.14434,48.783825,108.41201,97.78812,133.6949,111.69508
84.201385,52.50138,55.828053,107.95436,104.106125,137.83977,42.786053
101.58708,81.802124,51.421978,113.20162,104.06808,131.16957,111.69783
102.82337,81.577515,51.44368,96.722084,85.90662,130.57841,105.91986
103.62445,84.02028,52.13173,101.64071,90.189835,130.97244,112.56094
102.439476,83.367516,54.357407,89.236084,87.18682,130.85817,108.22717
91.775276,81.33212,63.16295,96.056114,103.237595,124.76623,114.150925
68.2147,91.40195,70.696304,104.10204,119.15967,129.41354,111.13331
97.73545,74.30717,61.024723,84.76526,87.29776,123.73726,97.62171
95.18319,74.22776,62.160435,84.349075,85.78898,120.03684,98.743225
100.34999,78.97743,59.943928,77.027504,79.71995,129.63313,107.76138
96.282974,77.20934,52.207367,65.0669,69.82924,123.70237,103.091034
86.86912,73.15671,53.679924,86.37458,87.88611,117.71463,101.418884
94.43743,77.213844,59.11994,66.722206,69.738495,128.96864,110.60064
92.28512,74.166534,55.189426,66.91153,69.392235,127.780266,106.8949
84.97888,64.539764,52.12254,65.622444,65.6199,121.238914,79.02826
82.95868,59.91083,59.78413,73.988335,74.06559,121.32555,91.33135
77.27021,55.228092,60.123856,79.0633,82.0345,120.113785,83.83001
40.446167,33.05248,92.64971,103.02066,83.87494,74.10278,88.17225
27.02421,25.864428,85.36739,117.722946,88.06039,84.23872,102.897575
70.47082,47.795692,101.29908,79.11171,93.24249,121.1652,97.30452
76.22072,54.328884,95.39945,72.23789,87.70899,109.86304,98.39359
69.27835,49.463516,73.57659,137.5752,130.82224,91.2039,87.60788
50.042263,39.628452,85.62017,109.879395,112.454346,103.46981,91.31101
78.29985,57.980194,81.65547,78.29907,91.6355,123.52429,105.06872
81.74444,59.046654,93.43897,108.18133,100.45214,104.606606,89.358604
45.94003,60.22747,70.35753,106.26434,100.89371,144.12402,90.319374
84.93599,65.530235,63.534954,90.48325,84.394005,122.17444,105.765526
90.19088,64.15387,54.45775,75.20891,75.62587,125.12042,95.658966
88.9563,66.06053,57.8339,70.117325,70.44991,123.57403,99.932045
86.11815,64.39203,56.466896,78.755844,75.27626,122.66422,93.188805
62.794483,48.57308,63.329,100.220795,102.12059,122.12498,63.191868
64.4714,66.83822,76.43238,112.40835,118.274475,130.44725,83.08265
75.249596,54.558197,59.43287,101.2691,105.15317,125.34491,72.00945
47.82556,41.414715,62.794174,106.85633,112.602295,133.37076,24.979034
67.77084,55.124664,63.02097,91.14346,100.123085,122.24658,67.612236
61.53675,57.13163,56.021378,104.53548,114.42973,134.14886,71.10172
53.92735,51.998905,68.09195,112.26203,124.67682,137.50797,52.57779
80.527466,58.347996,65.51623,91.78347,105.13657,127.09625,79.63804
81.69852,60.397106,63.821873,96.54393,106.92276,126.90427,84.99637
62.836903,55.10652,70.5673,114.854614,129.6995,133.9432,65.330635
57.444496,58.816326,71.74631,119.80236,136.31438,141.95305,72.208145
84.70645,67.80568,67.48888,119.35346,129.5081,130.04245,101.02574
81.944336,64.35267,59.932262,105.93898,113.395035,131.8781,88.45826
83.573784,66.247574,59.5685,107.60527,115.50613,134.46533,90.334915
77.85076,62.071854,52.8868,95.94337,99.80212,137.3741,86.20791
52.773746,39.834236,65.66012,110.351204,124.80255,140.40659,25.883905
75.21322,59.874283,56.026367,118.756996,125.43562,122.99674,82.1724
74.480316,56.947357,60.699394,118.70749,125.32295,135.55331,68.2561
73.22499,60.55976,62.44414,119.353806,128.26418,136.29877,76.47264
85.99302,61.884613,54.993557,111.89968,113.05302,129.3155,85.04182
96.22408,69.722885,53.922134,112.75038,112.909836,130.53046,103.823326
92.68597,64.779045,49.21458,112.14299,110.86272,127.918274,98.4573
89.12773,60.47568,54.25507,121.99974,130.91904,128.61371,99.57838
85.86847,56.429283,55.587475,122.0983,131.75027,126.85199,92.037254
80.424355,53.94301,55.05295,136.43376,146.2079,124.44508,96.17871
75.61008,54.93098,65.33053,137.8436,151.1164,120.918304,93.55507
81.7941,63.05596,57.18281,164.28783,168.05257,127.52199,110.81454
79.3757,58.270733,54.061596,168.98271,170.39664,126.63612,110.475266
81.16259,60.436905,54.04456,168.28502,170.15886,127.16514,111.29177
76.825905,57.79902,54.77718,168.29044,171.0632,125.130424,110.25171
82.40779,60.5475,55.340862,161.8602,164.70633,130.84003,112.93636
79.98662,61.457233,54.672615,166.11578,169.48158,128.31679,115.81962
80.03801,64.18074,50.603977,161.36893,164.65697,132.71259,122.43474
81.27165,65.23819,51.816322,159.78793,164.01617,132.00102,122.48291
77.163055,60.28568,55.96791,165.7501,171.17627,129.37541,118.055305
78.68491,56.290745,57.848305,165.43657,169.19177,130.31009,113.34757
84.90408,57.238575,49.671764,153.10648,156.47034,135.38039,114.655754
84.43446,57.828407,59.059128,153.87395,160.19775,134.85255,112.07887
84.192375,56.836967,58.230194,155.5126,161.28265,135.3071,111.886345
83.406204,57.043144,60.299927,158.3966,164.78667,132.43529,111.16866
82.35374,59.857246,56.147923,160.23087,164.72163,132.09355,114.39545
84.255295,59.68243,54.623207,158.82718,162.45139,132.5424,114.9091
83.586075,58.046783,55.844032,161.39954,165.94667,132.38622,114.65294
85.554886,59.387,53.815704,157.38263,161.93332,134.79074,115.31068
84.78592,59.332462,57.41815,157.46385,161.7196,133.40799,113.5758
85.48647,60.227676,53.6488,163.55618,167.08862,133.66357,114.89178
85.14195,57.69927,58.14683,161.36401,166.53831,134.05688,112.059135
86.2785,58.578316,54.427795,163.75227,167.44748,134.47803,112.54945
85.09412,58.155773,57.615902,165.33406,168.76688,134.0486,111.61984
87.302505,59.887684,47.548737,165.17073,167.34616,134.1328,114.26657
87.30309,59.174244,50.311512,162.98566,165.42516,136.09607,116.801025
85.8826,62.466045,50.435863,152.3578,154.47612,130.98314,114.538765
86.58867,59.090305,51.890755,144.97891,147.49481,126.66951,99.126396
86.71833,61.29489,52.28638,145.01715,147.92989,125.995865,101.90373
87.981544,63.373634,54.225677,140.88162,144.4743,119.709564,99.25854
86.05558,61.24791,55.88934,130.80682,134.78288,127.40604,101.975365
100.54872,74.78469,49.823544,115.67105,112.430725,134.41014,109.926186
89.54708,69.33063,50.16589,108.77064,104.85587,129.61461,101.305664
91.99792,72.712585,48.304092,102.79947,98.43498,131.529,104.795166
92.461945,68.275795,49.586277,114.599556,109.4126,116.59017,86.78716
98.672066,70.49414,51.548866,101.11332,97.855774,131.68211,93.22851
100.20341,78.44519,54.27411,97.14944,92.86323,120.75742,104.27013
100.873474,75.44882,54.979713,90.35026,91.10887,125.52327,104.81048
103.13171,75.48153,55.70402,95.36205,95.85493,127.69975,104.303024
103.83406,81.37518,66.80621,110.19875,116.75788,124.796196,108.689255
96.34921,84.09162,63.221046,96.01289,100.04198,126.889824,117.95162
80.14873,81.79265,71.21354,109.17977,121.572624,123.39444,111.45254
67.97047,76.92424,78.74843,98.247574,111.82466,119.03383,95.12265
84.00487,73.68069,72.79215,92.608246,103.10376,118.0199,95.40801
88.36537,74.131035,70.286995,77.64354,89.29267,117.5108,99.402275
98.76146,73.583824,65.52717,79.07491,80.497856,132.33922,108.90684
98.94583,74.916824,65.651855,73.34224,78.63934,129.50443,112.28703
94.70691,76.465126,58.148094,64.87738,66.37763,128.7759,116.82449
93.88686,77.22611,61.529488,70.258064,72.14716,129.48552,118.26527
62.739265,55.26022,51.228214,74.52278,75.98754,113.3357,78.57135
58.079437,55.011673,53.485565,108.764725,108.427475,131.42001,97.729645
78.292404,60.378857,77.086975,66.9392,75.971886,124.96648,109.923996
54.514908,27.99037,98.50261,146.80827,108.396,103.2944,87.009285
62.662254,35.512978,41.195957,91.21936,85.11725,116.6111,96.957146
51.615032,32.950134,96.20835,92.52386,103.77794,119.08443,94.694496
60.18974,31.440868,37.463226,106.03059,119.68067,128.4712,98.631805
48.645588,30.001448,100.52032,112.36715,104.84707,123.27237,89.95904
54.739586,28.614763,55.133907,100.2651,104.90766,120.3952,97.44059
67.16735,43.166042,87.583435,101.76283,100.65945,119.311134,100.23674
28.690153,33.1092,46.69285,80.01948,72.344246,95.939316,80.12742
88.96739,71.371826,57.23452,83.41811,81.42876,126.59883,107.494194
89.14558,72.01838,62.05622,116.633095,102.34664,127.14779,109.8826
67.275246,72.281746,59.751167,105.27467,102.23916,129.53824,104.34227
59.21907,70.553856,54.633522,123.67279,117.43122,140.25822,98.89648
74.81327,57.23892,44.72199,78.32167,78.032486,115.35585,86.106155
78.3159,58.860348,46.327194,77.18329,71.259575,119.275475,89.10412
96.1153,78.42371,56.288517,67.23805,70.9522,136.02939,118.68536
82.53753,56.338364,44.332146,82.55996,84.08192,122.44742,85.39519
87.13981,61.44722,45.359497,70.96826,74.108925,128.03925,97.50854
80.67853,53.184326,49.65243,80.22014,80.98153,113.422386,68.79783
96.80848,70.77085,58.563595,79.069466,82.66602,129.25269,104.2138
87.13557,65.31234,66.366776,84.21659,93.09675,121.94529,92.62575
85.93322,63.670193,59.718082,84.192215,96.47176,126.17965,95.60407
85.329666,64.73492,50.79716,75.49312,86.01441,126.51947,95.6202
83.59074,65.159615,53.68831,85.11092,95.46911,119.71698,93.45965
92.75502,71.299774,56.377922,78.57178,90.25405,125.8514,99.29684
87.98767,65.66663,61.094715,90.6381,99.93262,117.549286,91.02265
79.060936,58.60373,67.755745,94.03016,106.65188,104.77646,76.29072
80.71472,59.38991,61.641647,89.02306,100.19214,108.262794,78.4672
85.03767,62.4552,67.85152,88.41833,103.23415,109.891464,85.56439
83.43858,58.55472,65.01136,85.11965,100.34575,109.71289,78.61363
90.643166,60.905846,63.062046,97.095406,111.435394,122.06413,87.417
92.92643,67.489586,64.17574,111.77371,126.76901,127.38445,101.816124
89.88444,66.007805,68.660484,116.88927,134.00699,122.885284,96.71143
87.80095,70.509964,67.38891,130.27132,143.89716,126.47402,102.83871
86.138435,75.02873,70.2052,125.6291,139.98993,127.95785,105.54982
76.11815,64.98618,64.591484,108.20124,127.34578,140.32121,88.309425
70.74125,69.24769,63.247276,115.253654,131.50072,140.36594,93.85451
78.03514,65.72185,60.377625,112.31985,126.03321,135.95447,92.10721
87.158226,66.43091,57.834904,107.75888,117.36286,129.01495,99.27923
80.54904,65.121346,54.355606,104.938225,112.003296,128.98285,87.68452
68.76745,72.615166,56.749767,112.509735,123.60171,142.31677,95.87778
51.196865,60.36716,61.728096,118.3791,130.88383,147.17674,70.02496
51.43587,47.13757,60.251225,120.053215,130.58545,143.1294,41.35663
76.03381,57.19369,53.46684,113.42208,114.9451,130.27417,75.37068
85.52828,58.234764,53.007484,110.44016,111.29158,127.3844,83.44271
86.17824,58.60156,52.536205,112.663994,111.04983,125.23662,88.18901
93.11721,63.75312,48.489765,115.978775,109.60997,128.91705,96.87115
93.87839,61.562378,49.481503,117.10427,113.05207,129.64757,93.55004
99.560326,66.375114,46.96367,117.54262,114.05246,133.81252,100.89179
93.23763,63.630566,49.159958,117.23944,118.52211,127.73796,98.49803
91.965996,59.83798,56.27273,125.51805,131.98178,130.56395,91.46322
96.944084,64.6562,47.79772,120.85691,121.80338,131.9535,99.96673
93.97417,61.62078,50.01569,121.02258,122.34722,127.47516,91.24541
95.47154,56.1242,61.690144,122.13158,129.70091,126.050835,76.943756
93.355774,58.4557,62.146072,129.4883,139.82141,128.62576,86.64815
89.07318,61.609505,53.507233,158.08656,160.19678,128.78926,104.177376
92.54601,64.027855,51.487137,153.8967,154.3589,129.70656,100.33177
92.571625,65.66783,56.538624,161.55266,163.24818,132.37326,107.87696
100.6644,76.05596,46.123077,149.97493,149.30502,134.9598,117.29422
94.28159,70.61972,48.068916,158.06792,160.47656,132.2833,113.74831
102.596375,78.15233,42.41007,159.64458,161.57695,138.20105,117.31415
102.03775,79.54647,35.74647,149.45305,148.13434,137.33086,117.67544
119.760315,88.32936,66.761375,103.35395,63.173523,140.13301,154.17787
114.11809,102.2748,67.84735,103.323944,66.10575,127.45336,159.0138
112.53514,94.75973,72.461655,103.471596,63.425686,159.88057,156.22502
106.11075,106.272194,82.49012,83.86482,57.387486,161.19786,156.88943
95.354675,105.927124,90.03901,76.747025,52.3277,164.25014,158.04771
95.756294,108.682785,95.014336,72.28571,54.113384,164.10031,157.30817
105.46323,103.03162,87.62696,87.208786,63.698204,164.55988,151.7281
97.37953,101.685234,91.74039,77.85257,58.01343,164.7188,158.35484
100.79439,96.0451,75.409325,85.85267,63.227386,154.8381,149.44699
96.108055,100.87554,70.546196,81.16101,60.380146,157.75221,149.65302
96.55639,88.79939,90.92468,76.16119,60.136124,151.71655,143.95767
92.77447,88.20487,91.581856,64.9636,61.388786,146.16466,148.25131
91.02663,98.20072,83.1221,64.44758,61.429077,156.03487,147.24051
87.47681,102.31148,83.61277,61.145954,62.485428,158.00584,152.24962
97.688194,84.116745,79.463684,72.01044,62.48788,146.0381,145.65211
90.754005,89.31385,74.20854,61.374165,56.87732,146.53749,150.36601
78.97094,91.75996,70.22271,62.69851,63.45688,152.3855,146.50485
88.91267,98.94115,77.71377,62.033195,60.72164,159.97581,154.33525
89.620964,81.33577,78.318695,69.24079,62.13519,136.87404,142.51012
91.48471,93.04567,79.59899,62.84697,58.700752,157.59227,146.61775
101.52894,79.9526,81.3775,70.26819,62.4661,141.35461,151.3579
103.83287,102.13881,92.808815,64.85298,63.29564,164.78815,158.25128
95.114235,91.38884,69.37711,65.701126,69.99653,160.60927,152.73549
89.17258,98.285934,70.23476,71.09093,70.62274,158.76443,150.95007
109.3598,94.966896,64.7096,85.486145,69.19394,165.55907,158.42104
94.91084,89.89115,63.909775,76.53198,68.99142,152.19763,154.17029
104.280594,104.70764,65.949326,93.45517,79.63301,168.651,166.83734
83.40743,93.037865,55.060566,88.34739,79.12965,125.85012,134.15259
57.263992,66.042465,52.963505,95.33312,83.95135,65.99943,78.10109
65.75038,60.81559,79.57336,83.0914,74.79879,54.70272,72.89959
113.25181,77.11164,47.518738,110.18201,100.60645,156.29498,142.62724
106.221214,102.00911,79.4555,109.30452,99.52476,172.48041,160.88895
102.01829,93.88978,60.404892,104.2332,104.451164,157.85109,153.96121
104.66945,108.026276,84.476456,106.73442,107.59595,172.13138,155.95772
102.7192,100.76009,80.81851,114.486496,110.61705,154.76053,144.94055
103.21199,124.330666,103.85136,129.7166,119.02782,169.50752,163.99252
104.472916,99.91102,104.16496,136.05077,121.43308,152.91745,151.55191
132.97984,61.685223,98.357796,147.94456,146.2708,157.20468,140.05275
125.86795,37.26448,72.22786,148.66019,161.5264,146.5732,25.58225
124.008446,81.836266,105.31707,162.75507,159.8614,139.14764,146.83545
137.23674,57.174976,37.430332,152.7223,165.3868,146.89468,124.991714
118.790726,79.71077,102.82784,169.5933,168.41483,156.59117,156.02588
116.74967,78.44509,101.80662,167.09814,168.5198,131.7301,141.52339
103.7162,84.33712,103.51449,170.4595,166.50928,58.493694,141.8328
112.50588,78.99156,100.86767,169.30205,175.9498,102.63506,141.22508
119.69534,64.34557,93.84119,163.13527,173.84288,103.860146,122.30264
111.99739,64.327934,97.31855,172.67064,173.19838,93.045135,125.064804
107.715805,64.29239,97.226036,171.68349,169.38641,71.23512,133.37625
107.15631,66.37369,100.41263,171.35791,166.55568,61.213062,120.20039
108.9429,53.545494,96.42088,171.29332,170.53943,57.107094,118.70925
104.84232,57.075157,90.22347,167.05864,167.22882,57.968044,94.024376
106.2112,56.20976,97.46291,170.21703,166.86214,54.8297,104.460945
113.31943,53.17791,101.33723,165.06018,164.19936,86.80735,130.16779
99.671135,47.23793,87.01732,162.98863,164.04233,45.361156,108.06184
109.46207,48.28382,89.94704,173.30106,171.9744,80.96216,121.59525
94.422066,40.990067,82.03651,162.6569,165.50159,51.926994,123.468124
97.65559,51.46379,91.650276,170.78026,167.80405,50.659496,105.4638
109.227715,53.921875,98.12808,171.54445,169.05077,62.84084,122.037636
103.02942,46.097107,95.75816,174.22354,169.07335,53.268642,120.02598
102.56593,45.954655,94.617096,171.21425,169.26688,52.749794,123.01596
87.26742,42.93489,87.1055,167.28964,168.08887,60.514107,117.97919
92.367744,42.58186,92.18436,163.64098,163.4738,54.71137,122.06069
106.68471,56.660805,93.79326,170.2646,170.64304,61.223434,111.76034
110.698135,58.809265,99.13951,168.34238,167.55563,73.26968,134.16037
103.14036,50.403366,98.72541,172.02797,167.97011,50.24372,127.71567
116.617294,54.04645,95.76183,165.48772,169.5538,76.70483,137.62279
100.46686,64.666306,99.767136,162.42175,166.48029,54.770374,134.52232
106.00699,63.143257,99.6467,166.19537,167.60631,55.545883,136.17403
105.82617,63.858604,98.86226,167.63455,164.4118,61.408184,127.80481
101.77081,71.76605,100.29685,167.68121,165.63834,62.634716,129.91824
106.67007,73.78989,96.2239,172.27216,167.85619,106.38733,142.16374
108.82241,73.10732,103.08482,169.12064,162.4292,90.01216,144.4296
124.49475,67.14302,108.50752,166.82886,154.39409,141.4473,152.69218
107.43125,97.75814,109.26162,156.73737,145.81943,148.15698,154.93672
109.02552,106.37985,108.79642,143.81804,130.9902,154.06071,156.40317
101.62995,104.37467,95.71518,128.84071,123.44114,132.17526,145.40294
102.89094,106.75992,102.381744,119.21723,115.196396,147.4648,154.96004
100.09724,102.30129,83.885796,98.34137,95.89063,153.54039,124.51514
100.53763,109.1402,85.50145,96.16633,91.85403,160.76413,159.8054
81.88437,113.71465,79.002754,86.01292,80.30421,159.77563,151.79787
94.98146,106.04685,87.720856,83.96637,79.33395,161.48859,157.18166
93.27398,94.87293,72.33825,89.03525,81.4376,138.55481,147.08295
83.325195,114.46867,68.72075,83.26544,74.321686,149.03137,150.28777
89.58912,106.95889,52.52042,96.24592,83.30629,156.62846,148.30263
99.90719,99.60157,53.969063,80.669876,72.918724,155.55057,151.37279
92.33288,91.85815,77.84789,67.12972,69.49596,139.30412,146.73756
98.553856,94.13746,79.85856,76.61728,70.601814,160.36539,151.63792
100.614555,91.02251,85.96463,65.48182,65.920555,155.55022,154.70915
94.36706,83.78497,86.9802,68.634,59.78036,115.862595,140.84761
98.5266,79.25741,82.22626,66.45194,59.392822,137.19495,136.35568
103.56465,99.44271,88.54,58.773182,62.27704,159.26732,157.55293
99.000755,87.10223,90.49972,57.789818,54.774757,146.28264,151.73471
87.63541,87.488045,89.940056,69.45378,53.708965,133.38225,145.14876
95.74364,97.523224,94.72273,73.02342,57.187492,155.41953,152.8436
107.57595,105.51243,104.76101,64.86438,46.069786,169.12411,164.01706
114.19892,101.100075,83.076256,94.31172,41.74301,168.04283,155.35843
95.50081,100.13481,77.12757,72.79162,67.90434,159.69402,146.59145
109.73925,106.12941,95.08083,51.39813,44.914116,167.19608,165.42078
101.61225,113.435295,93.70957,58.967724,41.84842,167.79378,166.76846
106.4152,83.65374,85.659134,68.921814,51.672585,166.58293,154.7097
98.76859,108.01482,100.52525,49.96703,37.50035,164.67024,161.09859
103.85012,96.5873,97.51995,45.28383,46.205944,163.08017,158.75987
106.76244,88.12597,84.07846,47.529205,45.596287,160.41382,160.55023
75.54409,91.19085,87.771324,40.060394,46.53608,168.75694,154.7708
102.21974,92.97958,98.131935,37.294243,35.43617,169.95338,158.69604
97.87792,79.4609,83.216774,57.884907,58.7835,167.17616,148.20541
58.88329,64.1554,69.27204,65.74147,72.32695,92.41557,139.07053
90.863335,82.31238,88.049484,42.779686,44.052933,152.14136,153.46051
95.067604,85.51348,83.9026,54.08778,55.64866,170.50476,155.52242
94.445915,73.85809,87.98071,51.11925,52.058647,146.79376,142.49176
90.78034,107.10676,97.96511,44.323895,38.14223,164.88803,160.1225
97.191284,95.69242,93.02902,53.90475,55.52734,159.87883,155.11241
109.65389,98.72606,92.8543,74.23031,41.983204,164.09995,160.75443
96.88304,82.96709,54.456406,92.72954,68.32824,146.04665,148.48332
113.86732,93.65538,88.170685,80.30557,46.551132,162.60246,161.40901
97.91252,104.9422,98.84555,74.03624,53.624012,163.74826,160.27318
98.541145,110.32887,102.04352,63.681465,54.55196,166.9353,162.45363
93.82043,99.20216,59.229404,90.451546,68.23698,155.65678,150.9124
101.61538,93.70782,66.21326,87.55541,68.6717,155.53432,145.44308
98.90053,105.5047,67.81334,89.50427,70.4019,161.03113,148.6318
78.6269,127.52704,50.02705,85.79154,69.552376,161.1252,147.00345
103.17671,105.34226,71.82946,86.09288,67.61106,163.3168,148.53279
101.56011,89.71687,68.24342,93.18258,62.79543,153.23152,148.0064
90.71459,99.90746,86.4248,66.23819,52.484898,153.83644,152.35954
91.66711,86.50863,82.883095,76.237175,60.230885,145.77144,144.4176
76.65938,107.29967,71.13211,69.35258,62.089912,155.78047,148.98732
82.418945,107.97058,78.59255,62.82924,68.558754,161.06392,151.08315
90.50229,112.74599,65.47877,74.012146,63.62376,164.86449,155.83412
84.88481,87.77767,78.591446,73.07586,65.60096,153.80232,142.25143
83.570885,92.270485,74.16009,69.2934,65.54649,152.15434,147.26094
72.7989,83.466705,73.55261,62.10817,65.84287,29.420212,137.96497
84.21147,50.89442,70.804375,66.91073,70.494644,133.07076,117.13123
81.33176,88.718605,69.421425,61.325726,64.53759,147.28671,143.93126
71.96511,66.93945,68.23587,59.614883,62.492176,65.205734,109.78447
86.25536,92.63069,78.26618,63.595917,63.45046,157.70677,141.90742
68.28513,84.29665,85.26075,71.26182,68.670616,24.199226,131.1944
78.65906,74.68792,80.73636,63.98383,63.95435,36.372765,135.92398
72.89032,67.86746,77.6269,65.69497,62.144432,62.78625,138.4167
103.36085,100.85089,84.39856,76.833275,66.82801,168.2624,163.73694
93.12976,115.18395,79.15463,70.62257,65.11988,171.14682,158.47902
111.70468,88.337204,73.85401,83.161224,73.7655,159.84467,147.56386
98.39404,107.251945,78.89647,72.34809,70.32946,166.87608,159.79594
91.123184,99.63778,71.8567,69.96401,62.076363,163.11372,156.54787
101.48671,106.35468,67.03015,86.38483,80.58438,167.51753,157.87114
90.44664,96.907364,59.783794,79.43827,63.5302,155.20436,151.7942
118.699814,99.64627,48.849743,105.36324,86.70979,171.6207,147.23979
84.27305,119.66851,77.4244,89.31984,73.390114,171.91034,165.09068
82.71214,105.10222,62.832832,75.86863,69.58964,162.83162,150.27748
82.13022,99.33093,39.626663,93.17676,83.58919,149.26474,142.81139
87.94947,111.81741,66.28591,85.32779,75.970604,170.01451,161.743
99.25768,92.91527,54.974876,103.70774,85.15833,160.75192,145.69182
98.10321,100.29045,64.32677,98.08415,79.123955,162.72655,151.06589
104.6499,79.81842,65.61035,93.291306,78.486664,160.17598,110.781075
84.115685,76.24975,86.1857,92.187355,83.72228,137.33215,92.95211
93.18151,109.37364,70.27069,100.37834,93.46341,169.10622,152.49117
85.55881,91.50934,86.01255,99.19584,96.84169,157.67865,110.99233
102.293686,96.70076,86.15332,111.30056,104.05956,157.1022,134.48569
104.56544,116.04209,103.25923,111.961685,111.973694,167.09654,163.82234
96.71053,112.75449,108.76411,130.72914,124.19726,157.14159,159.2044
117.55807,80.18545,96.6508,148.56294,133.79297,131.61552,153.70876
102.95549,101.69257,118.68837,149.26724,142.29443,142.82736,152.57558
119.85528,78.37588,111.10964,154.62938,148.54164,146.73502,137.89474
119.32661,73.16166,112.78579,164.4117,158.13327,137.05466,147.36397
130.8472,65.07049,95.789955,174.70549,169.74278,157.3097,155.16544
135.7332,40.22424,76.16579,165.68724,168.59784,147.01816,143.21176
127.39395,62.796673,88.88727,168.519,174.39713,134.62434,157.13234
108.28457,101.16273,107.10504,163.35873,172.28133,161.01544,147.25748
117.548325,94.07486,106.91267,167.36862,168.49753,155.29369,156.78702
116.73885,89.01836,105.319916,157.3519,173.09901,147.91954,149.8195
119.283455,87.136665,112.35899,168.51866,166.61812,140.52095,153.1521
135.137,40.092854,63.370316,150.63704,165.78719,136.06749,142.69783
115.81253,73.80446,104.273994,161.52069,169.58992,125.012184,129.61496
113.75688,67.92078,102.24519,163.6176,170.88197,100.636955,139.34859
79.62437,45.91481,94.75875,164.66502,167.64442,50.031338,128.3343
108.84764,62.164833,97.65648,162.94379,169.74016,74.3414,109.632576
113.06911,63.931644,106.40952,174.17987,167.21007,75.63858,133.73225
109.04488,58.14443,101.68571,170.20276,168.9456,55.80444,128.1237
111.54434,63.47625,103.37415,169.03049,165.16983,64.00477,124.59714
107.431274,61.26558,101.11715,169.91093,167.77637,55.653522,122.59541
102.90963,62.61333,105.01735,167.72356,165.36833,48.606586,127.45888
110.05284,56.74303,89.15081,173.0721,171.38416,91.36331,120.00213
106.35811,77.17978,103.02176,163.91173,169.4829,64.93235,135.0187
109.66476,61.929733,99.47001,170.77063,171.97438,96.79997,124.244576
108.58681,66.47971,93.697105,173.71307,169.70668,60.290623,132.89001
114.30979,72.82273,103.55696,167.97346,168.52374,104.37751,139.52197
114.84233,70.32599,92.58304,173.00354,171.82137,118.503136,139.09769
110.663445,58.858006,95.27725,167.99164,167.61218,80.16682,117.13783
110.47695,42.776173,79.607666,168.37233,166.3294,70.8573,127.442474
105.4086,58.867306,88.22717,169.38062,166.35556,56.69276,124.56676
102.35775,64.79297,91.634705,165.99478,167.43008,69.47541,126.906
73.80459,60.38978,96.77143,156.23433,163.00208,60.788544,110.40505
98.49126,71.74265,102.08911,159.70825,164.48705,63.13276,138.24263
101.44957,68.716034,98.917885,161.54242,161.73569,70.82519,136.64877
88.525116,60.46363,94.82682,167.17393,164.77762,52.724945,125.310356
108.352806,59.680706,92.644905,169.30124,164.11967,64.04205,130.00491
102.3067,64.844086,95.545746,163.8932,165.48068,63.705196,132.95924
109.5397,63.195374,94.08077,174.04147,169.82715,88.812035,110.14152
123.56058,50.69705,63.510403,161.66234,166.06334,132.82674,138.40521
104.355835,73.1358,101.02845,169.71762,155.81277,60.59047,129.6977
108.901794,90.84726,103.48829,169.4466,153.09642,138.95189,151.43887
114.0251,90.714294,105.35194,152.65546,139.41841,144.40492,147.06396
94.181,97.809105,103.315926,148.70741,129.33418,128.0209,141.38835
100.4727,104.42729,96.88108,134.67621,123.53107,145.9464,148.09476
112.06478,94.20374,88.09101,132.42291,120.675285,149.65254,153.10466
104.2062,105.64439,88.022095,93.67934,94.019066,157.54791,152.8533
98.434944,104.45184,91.529564,111.49349,96.659966,155.49144,158.79243
98.9968,120.65151,97.47184,92.57211,89.21687,166.32516,175.19081
85.23969,110.760994,83.10588,85.245766,78.19182,152.33366,153.73555
90.961914,104.377884,68.26546,87.05679,77.42186,157.79228,149.97594
88.67679,118.645,73.03106,76.22423,76.137405,169.96202,165.3538
102.85739,104.56593,68.304344,82.85522,71.71789,162.54639,156.11119
100.18195,107.7315,76.38246,68.80676,67.30498,163.76004,158.33067
93.27014,116.44822,87.28894,68.056366,74.0979,170.72208,161.58182
93.23603,90.164536,83.46824,62.487015,63.229546,147.65254,148.57492
106.69554,97.01365,89.95031,60.584377,62.32074,161.51662,153.53957
85.87241,78.96006,79.32199,76.10961,64.256165,40.615593,138.304
62.147614,71.0373,73.813095,68.519936,65.18762,52.62356,99.920746
93.85164,102.88039,65.85005,65.48769,57.777378,157.4859,148.4234
99.74967,103.256454,92.44468,57.867004,53.530056,156.91777,147.9104
96.00659,102.67108,98.11304,65.51927,51.45161,163.25139,154.93788
104.361244,100.76837,89.91923,85.85768,50.136074,164.17278,154.7442
101.42111,106.0693,73.96559,76.251305,55.635868,157.77196,152.77605
107.40834,111.980675,93.60191,64.12776,49.26203,154.38307,153.56064
95.57655,101.48802,90.84994,65.297615,49.031883,162.19185,152.2921
90.85691,92.06806,82.74056,66.94057,46.887173,161.03679,152.17496
102.4662,84.2729,89.59259,65.32503,55.89761,157.04509,150.6517
91.46732,105.21601,101.697426,42.675236,39.307346,159.93057,154.1829
98.37695,91.88123,104.023865,37.859146,67.0482,163.82811,155.38474
28.838379,88.70605,86.5534,47.27523,62.134186,117.42645,152.72173
38.537098,97.8446,67.16774,59.39493,55.378418,112.09172,152.36314
35.661087,87.8945,83.07997,47.26682,49.81729,121.690704,150.02657
65.5599,94.27936,77.688866,59.100147,57.765823,106.58403,154.46169
79.28886,96.38601,99.879166,39.229885,49.839558,170.92436,155.71379
51.103825,99.588196,61.250874,60.947685,45.213863,129.98407,151.48195
92.28867,89.96236,90.5962,38.640087,49.267567,159.79121,153.51675
94.55405,115.54074,98.106544,47.267033,34.86598,166.02992,165.42836
93.519745,105.74523,100.774536,67.293816,41.14832,163.3533,157.15329
87.29357,108.991844,96.7366,52.850967,45.073418,162.81078,158.53891
99.37974,103.32606,99.33966,63.683983,48.91812,164.13768,161.01831
99.30058,107.56535,77.41272,77.194305,44.471535,165.92177,160.33768
102.72589,108.2274,83.73056,69.341835,59.18935,165.34488,148.58858
93.6507,100.74208,67.922035,85.30877,65.904305,163.71805,146.41327
98.04913,104.488205,69.49368,88.18873,73.129684,163.10892,152.36815
102.44493,109.02566,72.908066,87.65559,70.655556,164.15479,154.55954
98.46721,99.22722,66.647354,93.17639,80.72914,157.87148,143.78801
99.43506,93.91867,85.60359,89.032,55.000324,164.34569,156.87776
90.06285,88.00769,93.12504,59.97459,56.48243,153.0656,147.86583
81.044655,83.82187,91.23418,60.024876,57.550747,146.78117,143.6658
80.13083,100.5824,81.103836,55.37116,55.78176,156.39659,148.13852
74.84435,102.09185,86.75436,57.28498,58.708355,153.26378,148.98305
74.814415,92.576096,94.53451,58.606277,61.530746,144.90025,143.64415
80.06703,74.0598,92.08397,60.50483,66.682625,129.61281,121.406075
72.21232,79.118835,85.03686,63.38465,66.176926,70.45774,134.6038
77.99342,80.50832,82.24366,73.28796,69.55502,152.62733,134.04608
87.97722,78.95379,84.04662,63.482185,63.279488,151.15201,141.41861
70.06617,69.400955,91.26246,75.59569,64.20343,20.721327,110.957664
82.759926,80.904205,86.39398,73.10474,62.530117,147.25125,131.47299
89.633934,88.28763,77.52868,62.333923,61.551025,153.72429,141.62486
52.705414,77.43922,94.51261,58.53933,62.259262,52.06332,132.9278
83.28272,76.89788,78.40707,61.363003,60.106937,136.12251,127.83709
73.44886,88.87014,85.837814,72.19631,65.42393,158.25856,135.96451
88.36195,85.60575,88.08176,68.17392,65.36025,154.00195,148.95235
69.99143,73.11724,63.997665,67.3005,57.04151,48.273796,133.13074
93.542984,103.56795,76.447296,68.101105,65.19946,160.55026,144.65152
93.953636,97.79894,85.68934,62.41746,60.15603,161.88165,155.00026
91.76914,112.13914,77.07638,71.19501,67.93327,166.9714,157.20781
97.97606,114.7222,84.72025,68.379036,63.416656,170.86697,158.47433
93.07476,104.21019,74.31875,68.31602,66.567566,163.42798,150.31604
82.84996,117.31117,87.54829,72.033875,67.696205,169.59003,162.85674
98.127525,91.71606,83.646416,69.80357,70.06243,157.85698,156.44112
98.29004,97.24466,77.81509,70.9901,73.060776,156.40007,156.0234
100.65733,103.34317,73.27643,71.00569,73.950424,165.99342,161.85406
103.4213,110.249016,67.50551,74.71283,73.36882,170.53458,164.4055
96.176346,102.18545,61.432194,77.39286,72.052124,166.01576,156.7979
94.33827,93.9013,64.64923,74.22467,77.66364,157.14389,149.3174
83.660934,90.811745,56.668297,93.45222,85.31494,151.94333,146.61708
100.73852,93.57847,47.730278,99.65709,89.165924,158.192,153.29318
106.95837,92.1241,66.91014,88.45604,83.17425,161.60031,156.30374
103.6841,103.45278,65.595146,85.3212,88.28584,171.6269,156.66962
94.91709,112.14128,61.392517,89.491264,88.98994,169.08171,160.84293
98.01296,109.907616,56.811684,107.44362,98.03435,168.12541,158.3803
104.348694,110.30769,68.45056,95.21922,91.140274,164.03566,154.64482
95.413315,105.452736,81.10949,92.2905,95.36114,142.74103,143.4565
106.20831,109.07409,79.0194,105.831825,107.89514,162.84901,152.92317
114.44625,99.353424,76.0496,130.36137,115.53911,158.72585,148.17842
106.05973,95.30352,96.59522,123.90025,119.436806,145.1324,147.8366
107.65598,98.08975,100.06902,136.06493,128.86763,155.35518,146.08412
102.254616,103.55717,116.770134,149.72908,138.2553,106.97852,148.97246
117.96555,79.01251,101.819275,160.95872,154.69571,154.99683,141.51569
120.77618,73.2283,87.96813,153.08586,166.90527,151.95358,120.8997
114.68022,83.88442,110.09558,155.37968,156.84537,133.29526,137.47182
97.51806,96.334,100.053505,151.08617,164.04463,88.768326,140.40819
90.64769,53.138515,81.21999,162.08145,163.4021,50.44813,110.05561
103.14405,76.038895,92.747185,164.39537,168.55672,72.6139,115.531006
101.78397,86.05283,101.61686,167.44698,162.66641,50.026257,97.94978
98.819565,82.42869,96.02022,168.44577,166.64081,65.384895,110.86826
123.20607,64.79428,99.2636,168.74078,167.45073,133.554,53.249702
114.96798,74.809235,98.41076,163.4904,163.52217,95.42772,87.52713
119.89167,80.19416,95.84744,159.27324,163.49269,142.26134,55.294846
123.83896,52.88307,86.48111,162.93947,166.58638,113.61878,61.09615
118.79284,84.07465,104.45201,161.04453,161.42223,133.75562,139.15376
79.53568,27.68913,117.4066,101.30136,112.03264,115.48027,106.41696
53.10906,3.6970818,66.168755,149.27892,157.12761,123.323814,89.38424
56.4123,8.30773,46.68997,153.31163,154.1752,121.85296,88.268364
52.796738,7.7416167,53.9157,142.87927,153.50108,117.20547,86.20114
49.588913,7.878184,101.03292,106.13024,134.16412,118.67973,107.33577
78.55671,24.554516,138.37468,43.235554,90.17306,102.23345,102.11388
53.113262,5.3389487,57.764484,142.5243,149.64314,129.11772,122.322945
68.49611,4.7766366,26.240908,161.27078,172.59853,127.87339,123.85422
45.964737,9.154698,98.61074,121.55599,145.04996,124.95359,122.60784
61.187973,3.2083316,36.00591,152.42694,157.01314,125.13388,107.39593
60.455593,7.757573,64.17054,139.95451,154.5211,126.50271,107.54783
44.239788,7.459483,35.232952,152.31152,156.5222,130.07455,134.3016
57.806763,10.469108,26.875727,153.44542,163.1485,125.162964,89.81686
49.26532,8.142999,23.737127,156.0143,169.75581,129.39435,97.35051
54.646175,13.735893,32.46922,154.51854,157.68973,135.08441,126.68462
49.993244,13.974171,39.848022,147.34949,153.47752,135.36037,131.94684
55.72539,14.173734,31.192978,148.39331,157.83916,129.93248,113.39916
57.482883,7.784622,24.976639,156.68031,164.80704,122.24997,96.02139
51.651043,15.03335,27.90367,152.94366,160.14758,133.74872,121.76694
59.841396,11.41651,56.417446,145.32959,159.6339,120.8931,102.737236
65.801,26.343271,102.98923,112.12459,144.83058,121.62684,114.91159
71.13836,18.818579,101.89026,117.52211,146.37134,117.507744,102.19581
73.14728,21.617071,133.46982,64.21149,129.98367,111.6916,121.04122
67.13007,16.797163,112.450615,103.24077,147.3352,122.31786,130.35178
66.19018,19.535507,118.65016,83.484726,137.53069,123.316,120.71457
79.17822,23.771402,114.17827,83.21589,111.189285,115.08464,116.55141
77.881386,19.06446,100.99079,107.68958,140.73701,119.73141,115.895256
67.06333,32.94844,114.525764,56.815216,102.63812,116.69245,135.8222
71.66957,28.248009,122.63992,54.566,103.681,122.23713,113.908066
78.46199,34.66803,119.99707,42.125828,85.090256,110.28379,110.59422
71.149666,36.011295,116.68839,52.966557,92.63798,131.61397,109.73235
78.91171,41.545708,111.31892,40.082302,67.93216,124.39298,108.19308
79.788925,38.425297,117.11637,36.26394,67.888596,123.011795,101.67173
76.85916,34.788567,110.1208,46.9178,74.46571,121.78043,112.27456
74.771225,43.21372,100.58506,33.007324,40.578026,121.09788,98.21435
72.591644,39.707687,106.97894,42.751663,57.62663,125.44565,111.98861
64.115715,33.20604,116.62836,35.61954,88.67735,129.448,113.05636
72.907524,31.587397,112.460594,36.797867,80.79792,126.45581,112.79001
71.664986,30.659386,108.50851,36.759262,70.84612,123.58052,108.50043
75.365425,25.926062,112.41533,44.95136,78.71254,123.47954,118.44527
74.91724,27.201788,117.75631,47.099888,91.203636,128.07295,114.16317
71.14935,26.870787,118.87582,44.49338,92.150024,131.2386,121.59518
67.847374,22.93148,110.47368,72.92359,117.3427,134.18564,129.67108
69.32329,26.665926,117.27807,44.978355,88.387665,133.69624,126.24283
67.51936,19.766306,115.77013,46.712616,99.29201,129.826,121.327156
64.577225,21.663143,111.22303,49.247753,93.01739,134.2105,131.75107
65.25489,25.244125,111.44671,48.97688,95.33948,134.878,137.7866
69.090614,25.4639,113.39492,45.731804,90.47864,132.82172,132.19319
66.26753,26.195183,112.74008,44.111042,88.05577,133.5571,134.29446
70.89002,23.82916,114.95638,44.13786,91.673416,130.75212,130.74068
70.588905,26.276876,114.0669,55.415577,103.53593,132.6205,131.35728
71.26579,32.864616,118.536804,41.764618,88.740524,138.25356,123.07219
73.57365,25.047234,120.991264,39.94383,88.38399,126.37988,112.54364
74.780785,27.276335,121.77383,36.79069,85.97559,126.570816,110.556625
81.27784,34.836464,118.14038,35.878162,72.01678,119.23999,103.333565
77.09908,48.319687,118.63807,36.72998,84.28526,113.938995,110.308975
79.3833,23.550417,116.358154,46.094738,93.598976,113.15277,100.89515
73.32204,39.818573,116.28302,39.57704,88.50378,118.27864,110.607025
76.006004,40.9054,117.66937,38.9763,95.04946,121.5475,111.77303
76.75347,33.657265,119.147766,51.779137,105.27119,116.29145,121.00542
72.821625,33.52277,125.444725,45.34649,107.91156,113.05509,118.34198
76.240654,37.07752,128.17407,53.389088,116.1822,115.045395,115.89883
79.00289,29.700443,113.97185,88.07085,131.49615,106.52687,109.89259
73.52799,34.13319,113.88884,102.296135,147.05692,107.869736,109.03425
69.56361,31.766699,131.102,63.17321,138.69809,107.62955,112.65164
77.56783,30.644852,67.474915,143.4475,157.77771,119.94953,102.734314
63.927277,31.577753,109.180695,105.32119,139.43742,119.142685,106.59955
50.487244,22.79228,116.62535,84.50554,134.4326,126.57639,111.4532
66.439125,24.558352,78.11788,134.83183,144.86864,121.72826,113.754906
103.64767,16.569462,135.00104,42.834328,108.92794,106.15462,92.02946
54.855064,16.370699,20.462154,156.96634,156.77058,126.313934,121.27659
54.22826,17.233406,23.462345,160.43797,150.10141,120.45022,108.07543
62.08218,15.727077,13.091592,157.76897,155.72487,116.80212,99.25811
52.79014,18.11415,42.089783,152.65456,144.08163,125.38518,94.63471
58.878036,13.380047,47.3857,147.36998,135.08202,121.924255,84.532
76.06265,24.65244,100.28492,64.71344,67.61591,111.07469,90.37186
65.302025,36.82349,96.78451,132.9587,132.91704,117.024315,83.514206
89.40979,30.513445,106.29268,117.806305,90.54239,112.39031,112.78161
87.418015,82.49566,92.597115,145.91821,114.57394,103.121826,64.99822
95.81588,10.229335,42.7646,163.8914,171.19203,111.26737,107.28862
92.04065,18.394726,115.08192,123.60907,135.29485,140.48799,96.43877
86.46112,36.8755,104.00954,157.27269,156.17673,113.9382,100.48671
80.01437,23.426733,102.410385,156.7711,153.5188,106.47234,96.99955
84.275665,35.94325,112.06154,150.21072,143.93967,114.1925,95.41875
80.868195,20.978561,109.2563,150.6563,138.41345,118.974754,104.86054
83.92294,34.75281,109.33193,157.0445,143.45885,118.26681,125.53869
71.739494,24.463003,109.96012,158.33154,159.06236,116.250374,107.37873
68.51553,28.323795,105.9985,159.20168,157.34752,114.141106,105.30598
92.42804,23.70909,107.31673,158.33957,157.92145,125.30637,98.91743
93.450516,28.7535,111.8192,156.55502,154.63463,129.66971,104.28203
99.23378,29.126308,105.52407,154.49327,149.06573,137.71562,103.64777
94.05771,15.153418,94.49029,157.86743,161.2613,126.11777,111.45757
88.44658,17.932314,93.72249,157.54721,158.10503,124.356766,139.20102
59.258587,12.17087,48.56921,158.0546,174.55676,133.19337,168.60948
70.862,14.916435,26.649279,154.05083,153.9387,126.45231,155.58466
68.28101,10.50826,63.512573,137.22153,111.7157,135.7181,139.07016
76.798996,11.5462,79.23895,133.81401,120.55264,125.996056,136.92982
8.645429,31.00244,52.12452,119.072624,86.66325,50.77376,53.507298
20.144274,21.065336,11.34064,74.35225,74.65479,154.33488,133.16429
18.43017,7.210854,102.19013,115.76145,66.41017,164.78891,173.67255
118.58111,69.760994,88.68736,80.594765,66.880455,47.80674,157.67703
63.962532,9.0676985,98.64301,130.04604,150.01482,124.70801,115.09828
64.51007,5.058382,102.1938,129.89394,153.80653,119.39402,110.08107
55.304375,10.164633,75.35723,132.03345,156.36046,120.40004,116.47283
71.85851,8.968325,100.21584,124.31532,148.10832,106.067055,102.7232
55.088257,10.32714,54.552536,144.54097,162.1016,129.13019,95.895584
54.772095,10.218464,47.040306,141.77461,158.8638,130.42134,97.194695
43.052567,6.5041804,46.65271,142.11635,164.95747,134.08745,113.822784
42.98385,7.5379887,45.767136,144.11565,159.57104,141.54135,118.95043
47.736393,9.216482,65.78488,135.72572,149.27046,141.08287,115.83197
48.19992,13.852111,86.69696,121.49805,139.60687,140.5636,127.803665
44.76122,11.654029,78.694664,123.67961,143.85616,140.9258,124.22866
50.149353,14.670889,53.22941,136.81615,156.01955,148.05624,134.80386
53.980335,19.463871,87.728615,119.22052,135.39606,138.00035,128.1491
53.32587,19.434292,77.59637,126.2404,141.48682,134.45995,119.991135
54.24181,17.535515,98.53674,109.553,135.47945,142.74718,134.50406
62.064777,14.782994,91.95164,126.46571,147.51309,138.97371,130.32697
52.257336,23.537422,96.36091,124.45471,146.86307,141.84554,131.35887
58.41121,18.065516,100.145584,123.388054,139.79408,138.79056,117.85291
49.330395,14.667315,62.21156,135.01964,149.47054,138.71045,116.375626
63.47687,29.666645,120.99319,76.64142,118.53014,133.75526,138.02692
69.36029,27.715176,122.20448,82.00669,125.65058,130.14774,117.28733
70.66486,29.903738,123.65479,70.359505,116.45999,122.88597,115.257675
62.151455,22.576218,104.868065,114.946655,143.33656,128.04424,133.02037
67.21244,27.9255,109.01609,100.25795,131.55704,131.3308,120.33287
69.18772,21.792065,118.70116,63.873646,109.88729,134.54256,124.03541
70.074715,27.53481,120.24344,53.490784,101.05255,133.6144,125.23953
66.60594,36.246616,121.26484,53.615295,105.59177,130.14734,115.4106
66.63599,32.409637,128.62674,33.973854,99.70363,134.99551,104.162704
68.58322,32.205128,128.03183,40.717793,110.09815,133.43771,121.72793
72.43557,28.289188,115.02721,37.717922,72.67565,124.37418,119.96867
71.548096,24.20045,115.750145,39.39444,75.22188,128.42886,116.79647
67.7271,30.222103,113.92762,40.574863,74.17317,128.03456,122.65273
65.14289,22.531723,110.00855,42.742928,84.26644,136.26102,130.9911
64.78328,20.335752,117.63448,48.198288,95.17148,136.18448,121.766396
69.03504,26.015184,114.10452,32.517864,48.559334,136.54741,124.030136
67.32734,24.714344,120.34531,37.19038,87.9078,143.31787,116.919106
65.8609,29.217075,117.72814,44.026688,80.55742,136.84975,124.52098
69.3859,31.68041,114.64931,41.572468,55.77828,132.23747,112.48363
71.24365,24.716413,118.02745,43.893494,86.61349,127.887115,123.02913
77.233475,20.420969,115.737724,47.786343,86.09559,117.604416,110.79788
81.32644,15.185942,116.596756,53.135723,91.86418,114.13393,111.712814
89.96312,16.476473,122.190506,53.2423,94.35894,115.64098,105.32766
86.15379,19.572231,123.150764,42.310337,85.353096,115.71356,104.70887
83.33783,13.655957,117.27715,47.760292,91.292305,116.87093,108.86682
77.59035,20.39714,114.90382,43.457287,82.22821,121.55078,115.72552
78.17888,21.07759,117.74314,44.747738,80.98551,122.53279,118.1381
81.703064,18.739365,118.357895,46.345478,90.12309,117.43589,112.65175
84.118256,16.509398,118.26001,47.12499,93.4642,116.39149,109.12553
83.861916,18.482468,119.92996,48.88058,94.808174,117.13921,110.10455
85.69714,17.18897,121.04227,48.42346,94.756615,117.76058,108.16841
87.528465,18.01418,123.891685,48.849663,97.22373,117.80778,107.02455
81.57073,20.878403,118.89837,49.093742,93.29045,120.58249,112.9338
83.25781,21.083002,120.558556,48.72838,98.264305,121.051926,112.882965
77.84747,21.258171,118.20285,53.87292,106.31571,125.765465,104.483025
69.69475,20.30519,119.625145,42.20306,91.50604,126.16425,106.00387
82.39042,21.868685,117.64385,45.66661,90.740875,113.04079,109.85302
78.52261,21.756546,124.65018,45.833065,96.59976,117.06061,107.90163
77.751236,25.492994,126.493324,49.606457,89.28472,109.47489,114.46503
77.32495,30.824064,119.215904,62.174862,103.88862,113.3578,119.21412
69.53076,15.06146,112.32203,75.50435,118.87542,128.27643,120.23371
70.49384,25.45571,120.61712,91.64555,133.2341,123.57586,123.98947
67.653854,21.173084,118.58106,84.976555,136.03163,130.84763,120.40929
68.00689,26.722311,126.17312,75.65109,133.0852,114.00702,120.72995
87.36059,25.553644,116.026695,64.10598,97.34527,111.16453,108.601944
78.029755,18.21586,115.32207,91.25462,134.26556,120.23064,103.75189
90.250404,22.700838,114.42464,60.550854,96.20204,108.67267,98.15685
81.25792,28.844034,118.692276,61.38467,104.70943,116.744194,113.68468
55.929066,31.572699,106.46253,95.71088,128.35353,120.29421,111.1599
59.19461,25.620495,98.39902,107.585014,129.36415,128.15373,113.47898
55.16666,14.176844,86.89178,123.632866,139.53055,128.72113,108.60528
43.12992,19.49086,64.22307,123.86023,138.44331,131.79633,131.00964
49.831085,21.342134,57.08853,133.38402,139.29858,129.3898,130.62233
45.58628,19.716005,47.589417,141.39406,148.23338,133.18234,114.01752
46.584423,16.20724,37.145763,143.77148,147.95442,133.17836,112.92253
44.484123,12.467153,20.186941,156.71106,150.75374,128.56898,100.67759
46.066444,6.402451,19.96048,156.12209,155.32932,123.23999,127.68711
57.824562,14.285644,15.627132,162.97475,158.0864,111.42712,91.15148
59.225727,3.5121799,40.844517,148.4727,144.61151,110.966866,88.80517
71.08998,16.018824,79.20029,121.620964,80.039764,112.48829,89.4658
98.09204,37.31227,98.631935,84.965775,79.67215,112.49445,105.61303
76.87504,14.523157,77.31398,162.05342,167.15865,116.54626,116.27204
74.99644,9.899224,73.96671,161.45972,172.10135,117.3995,123.82315
62.052647,9.2694025,68.88957,161.59828,168.0406,120.80888,129.68486
89.69414,21.500757,66.18848,57.28178,50.605865,136.64905,115.77149
82.960075,48.912388,40.763134,63.6053,45.013893,144.40308,124.607315
79.866234,44.989815,33.20473,91.0101,54.373596,137.65324,102.77709
69.97079,47.458183,86.85152,100.13852,63.919468,111.73619,90.12938
73.73291,9.288126,81.869415,169.00124,155.64304,108.13995,112.7205
88.271805,12.269385,98.44378,139.82695,148.79756,118.702805,118.36116
56.81742,21.02254,77.77383,152.93051,153.92596,122.05665,116.736534
67.20864,42.41583,27.840355,42.31791,29.023241,141.88078,97.38952
30.135439,67.47729,27.19665,127.0199,146.4612,114.841156,137.24557
41.698208,71.68696,24.422132,126.04892,148.32033,126.036255,142.59956
68.42636,58.66574,28.544939,111.53347,143.36629,139.76318,113.52498
68.17151,73.27136,29.154242,107.6278,141.23839,128.63281,125.720634
53.612434,77.8212,28.500353,112.13995,135.24043,57.834274,140.56143
64.8971,64.65098,25.115051,99.463104,106.167534,163.19537,125.36978
53.80092,90.91901,22.816448,102.21085,106.5392,147.73854,140.00255
62.68198,76.633965,24.95136,98.347115,109.83546,114.96045,136.13934
67.84159,69.33038,24.35769,89.788895,96.392204,131.57771,131.20526
52.578106,41.32419,50.035236,86.70075,108.491104,174.44337,156.65938
52.75016,38.785625,26.060791,71.74955,71.05459,176.8807,157.88196
55.23043,32.94049,27.089039,70.99308,78.210556,173.39983,154.66576
39.686882,26.439379,24.926561,66.102646,63.44339,174.33997,154.46706
56.910572,25.361782,24.629717,64.11456,52.59692,164.42682,128.23141
57.75682,21.640568,24.358942,70.8304,49.81197,75.803314,84.23213
68.950165,29.670183,26.094196,66.717514,61.52303,117.13984,137.55174
49.65191,20.262403,23.070045,76.64939,61.716843,170.94743,148.33542
76.9347,99.678444,20.398836,62.743687,53.10104,135.8673,159.2818
57.33802,30.924755,25.151558,62.75531,55.620567,129.26791,147.88353
82.25797,96.804,25.407755,59.686874,58.092007,139.22617,150.41966
23.568531,44.724583,28.445389,58.637615,65.45975,88.91611,85.676216
56.771957,42.06798,32.72913,59.394073,57.951633,140.68669,155.60559
14.672129,23.752962,28.986208,51.149406,54.43416,49.501606,94.93205
49.17204,33.89989,35.081432,57.32822,56.493896,118.75444,146.53113
38.912567,19.651695,30.601233,56.86849,47.48584,20.257128,132.51505
45.28204,22.397655,34.27799,57.253323,46.73736,61.05186,125.52906
82.62042,104.08587,30.984085,50.42088,40.766426,112.248634,146.66199
19.501707,27.68617,35.860775,52.908924,44.93462,12.211801,139.36595
14.838958,35.72493,33.820396,50.187572,47.420334,99.948814,156.9529
52.44651,22.030918,30.652292,47.52031,42.598442,60.076305,143.02762
65.91597,102.11807,34.71454,50.876305,41.160564,108.05909,156.80768
13.298547,50.567707,30.755562,54.50155,47.366833,88.85119,102.1773
15.218812,34.378876,32.918785,80.703186,55.71713,39.548916,80.18803
11.122257,16.701603,30.0326,40.931095,34.329704,173.94824,126.63683
46.88504,18.343393,33.30086,43.709763,33.69845,127.44706,128.3368
51.982754,78.93786,37.158867,43.151577,38.001736,66.434814,40.1976
22.633142,99.49444,36.6269,38.528362,35.76181,143.89696,116.13236
42.78758,100.89843,37.533123,46.132538,45.066776,103.762085,137.39159
45.51958,85.78908,49.004448,55.09379,42.94606,85.3914,115.06449
21.671873,30.374731,49.734787,47.689278,48.740314,129.04886,96.15764
32.184116,30.768661,52.31005,38.215885,45.186733,149.97794,83.16244
27.663427,54.15783,42.865685,36.195465,39.01049,144.25642,64.796425
33.881485,41.625572,41.110935,37.9845,44.77581,95.012665,50.583626
47.032757,30.705244,37.82131,41.015873,42.018845,136.76926,95.24732
57.736855,77.67684,36.53648,41.369923,44.02019,110.4159,47.87739
56.45448,101.39121,39.002373,39.769405,42.03355,103.39314,114.264145
41.014652,72.3531,42.498108,40.245155,39.345993,96.092926,61.040134
26.460094,69.80879,47.5604,47.108536,44.634544,34.24683,21.91879
13.6102295,21.74062,42.103054,39.605907,34.61218,135.89316,108.162445
41.766514,89.154755,35.336964,59.53633,49.56969,143.2802,144.75902
49.050484,52.754124,32.42567,49.660473,42.788372,153.25644,160.87991
70.29117,21.129662,30.064995,50.362362,40.028404,150.0428,163.45279
86.23312,124.75873,23.374426,43.476406,43.85037,135.58917,150.16222
127.78153,141.83095,20.844358,40.383705,37.762188,134.14659,155.63055
18.280535,26.613676,23.541477,43.049774,38.25233,78.40792,137.12708
89.62199,134.4576,19.616255,44.57375,45.31666,80.629074,140.99297
12.857912,18.871231,20.618763,50.68308,51.688442,112.568726,152.2288
71.165924,104.76817,19.580334,55.871647,56.252296,65.49559,101.17678
13.389725,9.584967,21.386465,47.856995,46.442074,102.766754,162.62299
15.174738,26.245356,19.248056,55.225517,51.029476,103.80275,163.12595
13.592905,26.599318,22.030125,56.628426,52.287132,124.53508,165.66304
12.984354,16.461885,18.854837,55.967587,47.60206,131.81456,157.78331
13.451141,26.049345,17.776361,61.47836,55.267784,120.8871,170.05016
41.340458,88.58944,16.601013,73.20691,64.594025,52.02636,138.58858
40.944256,31.234821,19.700453,79.016014,78.83236,122.1983,133.64029
10.715276,32.903088,18.497305,65.90255,61.70759,115.74213,162.41481
20.239752,32.149586,18.479816,76.94054,65.70207,121.26439,159.42445
60.273262,30.185848,13.559166,73.30085,70.35525,105.86323,119.96166
27.615936,79.326485,8.053056,88.89547,79.373146,75.77234,157.09518
71.13425,89.014915,15.075989,89.1165,93.023445,139.02907,163.59743
9.516715,8.885332,18.576958,72.474655,66.916824,108.19308,146.85927
39.765663,72.253334,17.392633,95.81596,91.31303,115.099884,154.10677
62.484898,86.637474,14.106282,94.11799,80.59173,135.49002,160.10367
89.57756,94.932175,15.957423,88.436966,89.094475,161.81413,161.79657
45.127537,101.50237,19.25483,97.42851,95.21126,94.46029,154.07454
40.916977,55.820866,14.366315,98.0328,86.74113,44.750412,126.174324
42.044224,31.961943,22.962532,94.122116,110.74463,171.394,160.03098
39.274117,17.793179,27.210537,98.23493,118.32267,159.28963,143.61575
34.548084,24.759983,27.202776,110.47187,134.53297,169.38551,154.95926
33.228233,25.788183,31.345646,129.48767,130.00327,163.24754,162.65028
49.37924,77.74474,25.090532,139.68492,145.89638,66.37263,138.98547
71.974464,57.717514,31.579107,146.73616,146.49454,152.02115,124.22246
48.755764,62.31654,34.876137,151.27206,151.36002,23.845343,143.75447
74.790726,71.443375,37.042336,151.51064,152.15152,133.96869,141.16383
60.542084,73.97483,37.118946,153.69151,156.09772,104.86934,138.3428
59.597755,69.71193,33.80144,154.88412,159.13495,105.73827,135.06944
64.624565,70.216255,31.86799,157.4992,157.81326,131.6568,139.67189
65.090645,72.21226,30.55264,158.17677,161.30502,123.219284,137.90388
44.514484,77.85589,26.720905,160.13622,158.10353,66.00378,143.09062
16.718231,75.40373,34.56236,153.44,158.06778,73.9233,130.90086
22.920357,61.513447,24.894695,146.86162,148.80273,34.10798,127.87996
32.632545,66.540825,30.530807,156.6581,160.25145,16.734844,133.81877
14.861504,70.04583,32.513824,152.67996,158.37881,50.946133,136.39418
23.373505,67.980446,36.046375,158.14995,161.29521,89.48638,135.56105
49.932533,74.00835,43.142773,156.28232,156.25624,77.9458,134.19856
51.20553,72.4754,31.28795,152.71928,148.88377,96.84933,132.07658
46.82912,73.02997,46.750313,155.87035,151.86084,62.55957,131.43204
40.815758,71.94417,34.33344,146.30586,142.61778,39.757305,134.24057
48.2501,26.574863,39.968365,155.04889,157.12944,132.8506,81.9934
58.784615,75.118904,47.564358,156.71298,151.48239,124.63529,137.9184
61.683353,73.052475,48.43722,159.14848,159.10016,121.6538,137.50887
59.301933,73.764465,37.562305,155.40263,155.15604,126.900085,137.07509
56.602055,73.349754,32.045334,152.66173,157.35312,114.538185,136.22319
57.17012,74.21754,35.340363,159.21027,159.3783,119.82327,137.91267
43.25463,70.97549,38.870132,156.32721,153.65579,49.410862,131.46794
45.748055,78.2606,42.025078,155.99971,151.17361,70.04394,139.09619
40.90994,71.75068,40.028397,153.16089,147.41376,41.339333,132.08553
36.459244,68.92043,39.620552,153.81718,147.21674,21.935446,126.29213
21.20367,66.76098,41.77401,154.25822,149.7819,25.772871,125.15895
57.71317,67.3904,41.431084,153.11682,147.83487,97.70739,129.87967
28.038227,68.76232,47.88568,155.1014,134.99141,17.918621,128.03584
48.59202,72.75541,29.58902,158.52861,149.54716,85.54088,131.52522
29.698822,73.017624,35.283913,154.87756,154.16664,20.063686,135.34335
54.926373,73.86852,32.765095,156.52255,151.97429,86.98638,137.2123
71.65205,78.11259,31.619673,152.07893,152.88705,146.72081,141.80803
37.68505,75.35557,35.57535,150.25252,144.58632,20.914127,139.01747
63.904987,77.408134,37.983326,157.548,156.39267,126.151115,139.52802
61.89959,79.13352,39.461258,147.5052,139.32997,116.33832,142.07472
55.210987,74.71075,43.395893,151.09009,141.0007,86.44843,135.6888
31.581833,76.852844,45.560143,149.06679,137.93256,16.706865,137.71419
60.56465,79.631645,42.74215,151.61078,143.13834,117.89407,141.43056
66.04005,77.274376,41.663105,153.50902,148.2554,125.55857,141.01025
42.56411,77.22045,38.346317,157.61101,148.8004,46.644485,137.7692
51.922146,76.46768,32.435745,155.4458,149.90518,81.51233,140.7874
29.037106,74.334984,56.893597,150.76152,112.342636,19.969393,134.04823
20.431156,74.4573,53.623917,155.98018,131.11261,35.480408,135.63763
21.782587,74.60735,50.156315,163.65373,160.41948,60.874756,139.24478
46.810093,69.55312,36.9469,160.55621,161.24507,53.045074,136.97536
50.79905,78.35124,35.40413,153.83687,150.23956,117.11017,132.25056
30.339651,74.47922,34.218723,151.14502,150.14206,94.20198,133.75644
33.474464,74.83425,23.133558,132.51433,150.32738,23.74137,135.733
15.095473,83.569176,30.45088,134.5305,145.60388,48.13559,135.25233
11.430011,87.16638,34.30574,134.93683,142.12782,41.911007,140.00365
33.105644,90.2468,23.98879,116.80217,121.19454,40.01248,140.42302
47.0708,88.69127,23.60297,108.5389,108.68493,81.58752,143.39516
49.20941,91.15901,24.802921,101.8069,113.46006,108.328835,144.45535
68.472946,96.042564,22.445038,91.337135,88.47657,149.2545,153.9112
72.463295,40.97047,26.291769,94.25526,84.85631,153.87675,108.26269
71.845604,87.18157,21.716358,89.627144,75.90123,121.06951,149.57967
55.518253,44.016556,22.897072,73.25867,56.08644,136.74901,158.16068
64.31755,31.405806,21.330147,66.28191,52.60721,125.57313,114.30873
44.086258,91.20364,19.816061,73.78914,70.70177,19.542086,155.58528
54.83917,40.94279,25.08393,72.57888,68.68606,124.22603,156.8689
74.80246,89.25809,17.583523,68.08968,62.73378,100.90001,159.89052
76.27897,43.550343,25.6396,65.04022,68.03401,121.659485,138.77779
58.249935,27.609955,24.201124,65.13615,59.18623,158.50592,72.09875
17.168829,91.90785,24.14003,64.096565,59.26739,34.936054,151.74014
71.61031,59.565094,34.38951,58.76795,70.834404,125.27173,153.17128
49.53253,37.082237,28.870344,57.92496,57.001972,146.67162,154.74696
80.46049,32.052902,41.845474,59.719242,77.63043,138.70595,112.06755
80.94969,33.76582,37.687458,59.401196,74.01459,136.89806,112.630035
27.198643,97.39414,27.610514,51.267563,50.47094,15.741434,151.28009
84.576195,113.2564,25.53508,52.284695,45.77608,115.643074,162.14517
16.623829,115.69198,32.08424,49.42107,41.304028,45.375355,147.90804
105.90604,126.4072,25.79469,43.300785,38.651325,128.2651,156.45645
64.46925,120.76371,26.906614,42.945454,39.040916,106.103165,159.9776
24.907017,29.850475,32.555576,51.01477,45.70359,148.78456,84.38242
26.496624,90.800255,32.415424,51.786095,39.08355,132.03513,134.40211
16.664309,70.901054,32.176666,61.647564,50.19586,138.3059,127.928955
27.888727,77.91407,32.38722,49.461216,40.064766,139.3608,99.48366
58.936066,100.10546,33.210896,46.81497,42.00812,123.85583,140.56068
30.2732,57.600197,44.11353,59.516632,57.273876,94.988525,130.76294
45.792694,44.160023,32.89515,42.331726,43.310036,141.10225,79.648636
56.34107,93.00135,38.598434,49.770275,50.828495,104.48487,132.67484
44.130096,57.437428,36.228348,38.515923,41.104427,136.12358,43.86419
51.534447,26.610374,34.9233,44.8978,37.240944,150.04918,136.38124
47.09501,33.215816,38.82585,41.184532,37.394485,140.27344,140.51006
55.884182,25.158989,35.116985,38.41316,37.911438,154.46806,154.21532
43.84314,88.288475,35.7054,45.412052,48.97411,125.40422,69.8057
43.38844,16.333544,34.104053,40.447666,38.20361,154.64195,136.72017
48.106205,20.527205,34.787144,43.502697,43.273346,140.08409,123.35679
21.790058,31.826529,41.31306,56.732574,52.11055,127.947266,120.63924
54.701015,19.06694,35.82402,54.96686,52.39915,154.07082,153.82658
83.194016,30.43244,32.367832,46.49275,48.505844,142.29555,145.48871
74.81219,24.758099,26.379658,46.449253,47.1751,138.00436,104.0272
40.148537,132.91725,23.52815,42.478996,49.768814,101.15924,140.78267
69.772064,21.427094,25.594236,43.90414,44.41189,164.21555,154.92038
120.3403,140.04823,22.311796,46.630245,45.490856,126.89314,155.47983
88.51923,138.04025,17.090284,50.468014,55.82285,73.9139,144.85744
91.31479,114.76097,19.401318,65.514656,67.617516,114.269066,144.28267
98.88939,127.54514,17.773363,61.58146,61.200874,104.839554,137.14464
107.35652,128.20615,16.91927,72.35867,74.58757,131.20195,146.61049
25.538162,117.0522,19.425596,64.69955,68.78547,81.647,110.09016
56.90874,116.944374,25.745941,64.68936,81.40327,47.262787,110.97958
35.05591,122.84638,22.938896,58.857273,60.17481,21.282703,127.21508
57.183605,126.08515,21.369406,64.048454,63.19437,47.05799,140.52023
35.465515,110.56785,27.751133,72.7776,68.167465,117.664825,134.2544
23.126534,108.714035,21.872076,76.31712,84.41642,29.431026,121.7256
65.0478,129.59737,19.311584,64.33248,68.91177,36.78651,137.98563
14.364401,105.825005,19.058752,69.44126,69.12323,73.8995,140.85963
13.613683,20.259466,14.227567,115.35604,113.66924,143.62103,138.41225
29.240421,59.808598,19.914883,50.252457,69.421,70.79386,83.43624
105.26282,85.8839,24.343311,41.75878,42.312534,99.75924,86.48048
110.73251,120.36743,28.666111,50.826187,56.57127,121.71238,142.84454
74.92069,108.61414,41.44172,49.390545,57.412163,93.460266,134.71881
124.09864,125.96393,31.9356,47.343822,44.024437,148.33533,147.21442
5.5606675,19.267904,23.865433,33.581303,46.76444,151.81404,74.11912
95.13317,111.28147,19.706125,46.118683,47.185627,120.622475,140.09119
92.8669,67.941956,14.41275,80.40305,75.72458,139.25974,129.70624
104.36486,93.59948,105.67171,140.35144,68.35405,136.0082,124.38715
48.34644,20.203718,17.255629,110.2487,138.97305,157.5161,104.56218
63.833633,70.07179,104.381584,132.41928,135.77225,160.13069,140.5493
52.949738,42.55052,17.250309,115.146736,136.30849,161.02496,142.80515
74.45025,56.187286,138.27802,151.138,112.0247,155.65288,120.51103
77.27456,65.03415,24.647322,87.18924,100.747734,150.12247,123.72696
48.480907,25.858053,6.382022,119.2331,137.18878,147.61224,110.392
66.30552,66.081726,44.291317,130.81786,143.14244,99.43129,99.36384
34.08491,32.205814,44.157948,166.50592,152.29279,144.41574,118.81378
48.46437,33.95601,26.60699,108.50398,143.88191,148.73112,123.04746
34.106735,57.49926,42.678307,125.881,143.83525,50.955566,79.78364
63.54378,58.065052,60.734802,125.91017,127.20247,154.71219,99.07042
37.77263,75.23312,25.71724,117.79468,141.35913,110.240486,105.44839
53.572216,66.68473,18.317734,138.39893,159.24689,129.3303,83.75343
23.906431,78.68108,41.086327,132.87428,159.17499,108.28309,115.16939
24.341208,67.21863,35.087723,123.469215,146.0586,122.15129,97.569435
37.421158,78.12553,51.920403,141.6676,152.39784,113.27314,123.63926
40.330715,73.22279,56.17344,134.44533,146.3015,131.05118,122.0205
46.17613,51.589424,34.702805,156.2877,166.67856,136.53813,129.10013
42.627567,71.36257,28.971428,136.66187,132.3388,124.46458,164.21967
23.73252,73.01223,49.10435,138.1348,152.57986,113.80622,147.37555
50.22282,60.904842,68.830956,123.75432,146.29742,123.37364,145.74178
34.498516,73.56751,54.03521,107.96627,130.69424,122.66776,143.85004
41.066944,69.27239,57.013218,136.15834,150.36725,119.08109,14.724473
82.32648,89.095245,62.603535,128.17638,141.7798,143.85458,133.50406
82.5278,60.845726,62.929,135.50288,149.135,131.91292,63.5741
86.61072,88.80547,46.07516,162.30403,161.97575,129.79459,124.20686
82.70577,93.23705,62.001553,149.39961,151.14635,139.8438,137.40851
79.48274,60.930107,18.958483,144.30217,152.47314,141.01129,21.693579
77.03908,46.176697,25.670221,154.5804,161.91887,136.70317,118.76302
81.9168,43.51615,37.626217,155.09071,157.29118,144.75829,126.53895
84.0956,39.38656,39.98156,154.02928,160.09285,140.18364,126.87815
83.51236,40.646748,52.694057,153.8424,156.92528,132.70961,125.840324
86.00992,44.66439,57.590847,152.64427,153.8562,136.0539,123.31314
77.28976,41.585773,36.425167,154.94865,158.63397,135.83661,126.71108
71.634735,37.195137,26.502708,152.39917,158.2335,144.11205,133.31021
66.719315,32.283173,21.098774,154.1881,154.1629,139.11082,149.88976
78.4876,47.929375,28.96539,154.8631,155.7101,135.40404,115.13205
68.3386,48.30733,41.315956,160.53012,153.32568,142.57014,127.09356
79.0263,58.117195,30.648983,156.16759,156.82458,134.44308,108.50495
77.66144,51.92505,30.43916,162.42274,152.81085,140.87006,105.8032
72.03087,34.86605,32.334393,164.27292,156.27383,138.62228,71.9074
70.6095,52.32907,7.120837,163.11644,158.31422,116.65938,39.65966
71.81916,44.66153,20.337177,161.12158,157.59138,128.29764,75.472374
59.85721,40.014427,48.35222,165.28134,164.41634,112.7273,42.905937
85.076614,50.35322,16.28971,161.29938,158.96608,142.0264,41.45737
76.19205,43.453285,3.2817538,161.07082,156.79361,133.73131,46.697166
74.22508,43.684086,11.718049,160.48112,160.94278,120.812,45.066967
82.67809,56.803112,8.416595,162.5362,157.64209,140.23155,25.062773
52.804688,40.528538,47.3246,162.43599,156.8746,112.47754,49.357464
58.668625,36.549168,40.392765,163.37677,158.33434,131.59866,93.1107
28.601261,37.192932,44.87636,162.23688,158.70845,138.8374,76.35466
77.86567,51.993126,20.07749,160.92052,161.92719,131.32227,117.581345
79.156166,50.530293,4.874797,166.37395,164.32394,140.6787,113.39776
66.43638,37.4581,34.220497,167.5909,160.83202,122.87749,47.53785
76.122086,36.289387,5.4378304,161.63542,163.67926,134.06429,60.10412
59.15954,37.60057,46.025642,164.43423,156.09663,115.69291,43.24321
74.41392,46.00115,38.732754,159.33806,156.27557,127.004776,47.913464
85.98507,66.30682,4.059315,159.68019,158.54079,134.134,100.69507
77.30207,50.50518,35.83896,161.63026,160.67964,131.53818,68.261665
83.036644,52.344822,20.113998,161.84097,158.6846,136.99516,50.46569
85.58585,47.087624,11.44773,163.16957,159.62845,137.54439,35.206535
74.88339,43.761475,13.312599,163.08968,154.5655,136.71393,43.143078
72.21198,43.494335,12.6047,160.5495,154.24007,137.70473,49.3148
82.95634,57.171856,15.521674,157.85477,158.88406,135.68369,111.64593
77.48124,60.657486,4.4658513,156.46939,158.28665,133.10759,56.745148
84.76103,57.166603,15.421909,160.4291,161.06247,135.97203,36.727596
77.18272,53.214027,8.874867,159.49428,156.03696,123.39001,51.090706
87.67861,55.7088,9.921011,162.59633,159.32942,138.15909,62.724834
75.980225,44.640366,23.048588,158.3359,156.64626,128.89124,38.835247
88.55899,56.26376,34.386295,158.61804,157.34631,133.16216,133.50299
88.63179,68.13106,5.9029565,163.53464,160.34378,139.78304,101.389015
61.96654,46.123356,50.33724,161.92346,158.63309,115.274254,58.613216
66.17894,43.883778,45.58255,163.37743,157.2759,121.29063,52.364643
68.31225,48.191128,50.742413,160.22821,160.32266,119.03454,46.11638
62.618557,45.77067,47.956158,162.51279,162.13512,112.60274,41.13378
66.47626,47.682907,36.7467,162.40825,158.46806,114.05627,45.75867
75.11585,48.08205,30.098108,161.92096,158.19789,125.06853,49.661266
62.292225,45.782978,32.50244,163.12692,160.71245,111.499985,64.36611
83.109634,59.984234,33.388638,158.43837,157.91063,138.18282,127.50448
71.81435,51.437927,16.89461,162.622,161.24648,140.41722,66.11365
73.2092,44.523155,17.237682,161.80682,159.27177,142.78485,123.521
70.062004,61.73796,17.414648,162.08827,159.22682,137.77953,106.49832
75.950066,48.769814,2.9743376,161.93314,160.42561,136.9281,143.38869
72.74955,45.957916,34.147842,164.18677,160.9311,140.99612,44.17145
77.537674,50.80734,31.931868,166.14624,165.6317,137.57654,62.64029
78.42356,59.31377,22.807852,164.98932,163.87839,138.45316,89.04609
72.40754,54.04179,35.87196,168.93294,166.62343,131.06381,91.40298
72.0162,57.02865,37.150005,166.5899,163.98836,134.60818,95.60598
73.54084,51.9726,27.905901,165.66907,162.88802,140.45116,62.508705
71.29942,53.73765,31.325127,166.16333,162.18474,136.27864,79.803314
83.02073,58.191917,8.977522,165.69498,167.50908,139.41504,80.90384
73.819214,48.0671,30.3089,164.8718,166.11156,142.96625,43.647274
81.3365,47.28656,19.82002,167.98828,166.07062,139.62885,48.12367
81.93449,43.208282,18.336458,159.71527,158.34529,138.71982,134.53041
85.058914,63.227654,18.42452,165.01231,161.11778,141.53001,147.91895
83.14842,49.79836,26.56502,161.3282,160.4235,136.21468,124.126526
83.74226,71.32472,8.456516,167.87051,164.48602,143.95992,105.87264
76.62653,56.81062,22.18175,166.59648,166.77118,141.93832,54.930035
76.729866,52.42887,25.471905,163.29768,164.47012,144.10162,38.914257
71.20752,53.93575,27.234,161.99757,161.11282,140.90434,65.97751
74.75406,35.214993,17.042831,160.9278,163.71703,142.85443,92.52072
69.26804,37.206665,23.744236,158.32677,160.73245,143.41829,122.54682
76.44057,50.845768,5.2283964,161.53497,159.90683,142.02666,125.347404
72.21536,48.662582,34.4643,157.53835,161.04613,145.6533,39.74715
76.57306,73.449905,16.34236,163.15201,157.91672,143.50937,92.50391
62.84167,47.84461,30.987656,150.69867,153.71179,148.9151,47.13095
66.65766,55.62654,13.224467,156.16357,154.9995,139.68436,107.470345
55.846455,49.366486,8.158102,155.19232,151.49739,142.7982,122.39945
49.428658,67.11063,34.603436,157.36017,157.60323,142.12338,115.51805
45.936142,63.040314,23.88801,165.0958,155.58063,144.99657,109.24917
51.60889,97.115486,28.180315,166.72289,168.04597,157.20901,147.74709
58.953667,73.91036,31.289316,166.17395,161.1406,152.77592,77.41817
53.60574,71.59809,35.19349,167.18831,159.90001,155.20697,89.11488
61.774933,73.55994,33.564926,164.93309,156.63177,143.80809,43.930317
60.89108,37.72813,42.025196,162.44614,148.43236,134.80322,108.724464
79.31273,76.64897,50.39777,151.9425,153.1925,114.22873,95.19856
44.7101,72.12439,40.089718,159.05688,158.63974,84.02558,65.11792
70.50253,78.423164,41.23584,159.93272,155.98476,144.86899,122.69295
69.25998,83.57276,41.985542,157.85065,150.13217,136.33134,134.15488
74.96231,69.87312,48.08777,155.21185,146.48538,149.50957,146.54846
84.6326,66.38401,44.66807,157.89017,153.91536,158.36017,99.23268
83.81957,58.191406,20.191048,156.95262,154.86543,116.54575,131.59492
38.896496,46.33371,10.847471,157.12814,154.53735,113.13977,106.971954
21.008415,45.9285,32.761463,163.4996,152.91742,134.00943,153.2355
62.32074,61.343388,76.34806,126.53831,140.60452,134.43234,142.19147
52.71029,35.743855,37.70611,111.464615,142.44463,137.22333,115.28085
68.717735,21.200659,47.997787,84.377594,130.019,159.09903,86.582886
61.77191,58.52956,17.21718,67.03404,84.17241,152.40466,134.35167
36.81927,43.44654,18.651285,97.046936,107.4641,157.32881,150.36118
62.633755,67.138504,15.879938,74.54859,91.14274,152.5358,152.46518
83.86335,81.042786,41.30775,64.22394,63.096416,91.26652,96.13859
105.584724,87.822945,27.580833,41.945095,37.662857,101.99599,99.81512
127.68002,135.59666,18.657894,30.693283,57.280308,137.04604,146.21199
37.13243,31.199057,12.861779,103.30234,114.353935,137.67464,127.65505
126.46675,129.99544,67.98238,104.675674,64.704346,143.38779,141.52841
94.17663,113.448,25.38068,41.593132,49.727753,100.28738,121.47048
64.11912,109.83131,22.2693,38.299873,46.5827,60.65974,122.7508
66.76462,114.88657,21.864832,39.62922,49.561405,67.341965,130.96461
105.41801,106.77996,22.52758,27.350977,51.572628,96.80549,112.65604
67.90311,25.296635,12.741064,176.40048,166.05342,118.52208,163.28313
66.24372,67.86962,20.244844,51.49243,103.20609,144.98735,146.542
32.88234,33.380535,11.324651,152.62984,163.34897,164.69789,157.31862
52.09081,61.807575,20.713554,128.371,144.44604,147.8273,149.26187
122.343575,113.00416,12.384034,30.284952,69.53878,145.31294,154.28299
53.807594,47.852425,11.684455,101.30682,122.00318,157.33072,152.75943
44.935867,35.350204,14.884641,101.6498,119.569916,147.05806,139.85287
37.975433,37.89832,11.9024105,79.21913,122.27987,145.83026,140.3723
22.276537,38.321983,17.923105,64.61788,67.53425,60.139717,63.92726
43.92768,35.638508,9.263995,42.05445,70.060265,134.4908,81.329865
83.69229,16.308779,34.390835,51.25392,107.57934,129.74799,44.328804
50.900665,38.63087,105.65251,72.32986,125.25666,127.61847,69.60093
37.584766,39.84731,13.704259,143.32016,140.7661,128.20421,92.822266
41.641254,77.678154,9.772114,162.5242,146.79472,139.92662,94.83836
24.51856,70.26652,34.330235,134.16618,144.73007,128.51192,83.42233
22.94544,62.00196,46.830387,136.37914,158.14569,96.40588,42.3239
22.98042,66.54112,43.614277,151.49507,162.29904,101.91741,73.25306
48.918053,49.03298,54.471672,133.74591,131.56198,135.59613,144.75885
14.51084,65.82089,49.224995,153.39856,155.49718,99.67428,88.52026
81.025566,72.67698,58.473186,140.76004,143.88083,114.49165,121.93269
28.96946,76.25469,48.355465,152.01303,150.1864,109.94561,112.721596
72.65571,85.73219,55.539204,152.05241,155.90475,120.20359,126.545296
70.326126,72.5022,41.54333,155.42958,150.47154,126.97415,108.810165
71.06092,69.75037,4.6855865,158.0273,154.79807,143.28389,45.912514
76.24354,50.08307,52.35183,156.26135,161.96332,130.82796,119.865486
83.81258,22.540733,23.873045,155.74893,157.05238,140.22006,138.69032
77.98697,28.917725,10.955241,156.42316,158.58997,141.02411,135.61165
87.93325,34.516167,47.0053,152.33368,155.53519,135.11827,130.17482
88.17593,36.80949,23.980373,158.06204,159.77345,136.74612,135.87854
85.43934,38.88086,18.626516,159.22011,161.02977,138.19872,137.7619
79.99255,37.991047,43.614265,156.39354,161.04121,129.67685,129.24765
81.28226,40.747097,40.725525,159.26752,161.95012,132.65514,132.84251
73.55659,46.07495,15.1753645,157.63646,158.49303,143.62537,123.48196
82.39838,33.465466,33.274837,154.04646,157.78928,133.70093,136.26508
82.46655,34.225372,30.14824,153.40517,156.65485,132.11296,137.85507
67.622314,33.24161,29.071585,159.68564,156.87192,142.70442,144.87653
76.999756,41.382343,25.552465,158.49974,161.88249,132.14908,132.35577
81.31856,41.506554,25.041409,160.24512,164.66113,133.94673,135.16623
78.59052,45.77713,5.0622535,161.72786,163.17953,140.29744,136.7655
80.65633,59.843094,5.96072,164.08234,161.44545,138.00165,119.04776
63.57169,41.236073,33.814777,161.527,160.91284,136.11707,56.094654
81.40133,32.881363,15.996692,156.38943,159.1521,132.50426,139.77036
33.809113,72.7147,72.53407,173.01329,173.13953,160.88246,97.23482
33.482838,24.983545,63.3266,172.09415,168.68582,163.85356,113.38818
36.12365,30.609327,67.08309,172.4302,169.48912,164.4658,91.49115
47.943226,112.81505,66.78703,166.81042,161.86847,153.06322,133.17049
24.187943,68.08212,72.50248,169.70232,161.63261,165.38414,73.0912
39.927746,83.811295,70.828255,174.12393,155.19957,155.45798,129.73816
60.327354,119.63396,86.08097,148.72939,133.31055,160.89873,160.6094
51.943348,97.710464,78.87924,158.18326,137.92355,164.2319,134.2266
45.685207,72.48579,50.34645,160.74861,145.64076,169.12057,121.61337
42.342583,71.49417,55.12455,155.57642,139.43759,158.57547,127.93834
58.939297,71.5861,52.49923,153.33069,131.19267,163.82875,130.95197
62.860332,116.97178,92.23778,142.06009,102.663025,164.51334,133.96394
57.538208,104.378685,90.34792,133.51161,100.69118,161.07007,136.67882
45.904114,88.3003,80.258545,145.7781,107.203156,159.19333,121.2506
56.995396,107.46312,83.3243,139.83566,98.67525,167.18994,133.78415
56.17286,97.5282,82.82929,130.33472,89.01779,168.1329,130.46382
58.419983,123.48954,73.990906,122.16825,90.63839,174.7091,144.561
65.10946,108.57703,81.75949,98.661705,77.44875,167.4335,140.1308
63.75142,102.9565,62.63495,88.82864,73.26638,168.95087,127.342026
82.30596,109.70465,65.39907,73.733505,67.84791,165.71823,135.21133
74.93047,114.37813,63.72276,74.140564,65.27311,158.52475,137.84921
67.37357,120.09854,66.73838,76.84196,66.025375,160.53604,159.5967
76.9674,145.84265,68.1385,67.78635,64.75455,160.70358,81.65244
84.43887,156.02425,62.981464,68.72403,60.60934,161.65399,102.60278
113.74368,146.20166,67.88555,67.791466,58.46925,159.02748,64.16953
88.1075,137.58632,68.07751,70.5978,63.702274,169.5539,82.00554
82.958595,127.1612,73.3339,57.16872,62.68921,167.82674,152.20628
62.90384,133.46959,69.95024,65.98218,61.880928,134.71211,153.95984
148.65788,143.4668,61.5219,43.630333,60.383007,124.24291,139.10202
151.27524,141.56985,50.75835,120.95461,155.966,169.711,163.59836
80.04589,149.42896,63.55122,62.953598,63.309223,172.54657,54.220657
56.299465,10.147998,70.30489,68.75558,56.79246,164.58632,96.70313
77.67162,138.97388,77.47704,84.50513,74.318146,149.73068,85.85502
76.08508,98.03894,80.649155,80.556145,61.40834,126.63621,30.63705
62.05094,51.856083,60.993496,94.17238,75.20766,164.91344,108.40055
33.63707,5.9387116,69.30178,110.61319,93.98578,153.95743,119.34367
70.35538,81.3135,54.63304,80.023895,76.56496,162.82263,22.495907
55.76278,45.36737,73.200615,88.408066,78.7988,162.6273,127.53618
32.90196,63.62051,72.823616,131.05167,103.49226,164.05426,141.42947
35.158928,66.65518,53.606926,165.46378,139.45633,163.55669,159.06232
12.11489,34.987034,54.61542,174.80544,158.33374,161.697,136.41043
24.319674,16.009762,61.250496,170.05267,165.67897,152.24258,138.1359
41.992794,35.53844,69.9174,172.86061,167.50758,169.73685,143.09064
24.714361,23.624327,44.90413,172.45427,174.66948,160.66278,131.14304
25.395924,29.659073,59.29509,173.49385,174.49597,157.52621,129.83684
25.172016,23.194225,54.258953,174.70038,173.38852,154.14807,130.54298
44.70216,43.284595,61.6617,169.44528,174.01974,156.7162,97.21269
40.590244,81.00311,67.41993,176.7546,177.92273,150.90787,106.73386
27.874632,61.600216,66.75986,176.02171,172.29132,157.16396,84.14807
36.31298,74.40656,70.77995,172.42575,177.61615,158.74237,100.65507
21.64878,20.090954,55.524464,174.29233,168.13956,139.52257,128.72809
33.21957,39.871704,86.8754,172.29112,170.04091,149.63235,97.49183
29.753534,27.575794,60.073975,167.55884,166.94272,158.59749,108.85592
28.280348,19.129993,71.0378,171.24939,159.67874,158.7823,107.79421
29.721266,51.127026,91.538055,171.40128,162.13824,133.90894,77.39667
17.084333,5.936236,75.27233,168.93942,158.42474,145.2213,121.479774
47.544006,107.87198,63.354427,167.17656,159.3027,147.84282,132.05742
51.92358,109.406006,70.80956,160.5919,152.19662,159.04361,122.87973
57.090652,119.492516,99.05868,150.11656,133.30316,150.67702,154.2137
49.707306,129.6132,77.47343,157.41322,134.1403,171.25691,154.2831
31.531631,81.96654,52.638775,156.16484,140.75844,166.03653,122.49721
33.205383,31.304193,76.51967,149.0449,116.41019,158.69675,119.45716
43.845013,124.060356,94.00692,135.63002,106.7684,166.56932,142.54135
64.80101,119.53081,88.26041,125.34476,99.89383,161.663,146.05064
55.439705,90.40105,90.936806,138.24768,96.17321,166.51814,133.68611
72.80607,125.05572,81.16198,99.436905,83.858826,168.10472,153.85565
69.156525,102.52448,84.36075,98.91308,79.750946,156.35382,134.98819
74.529076,111.63206,72.305565,95.33214,76.0999,165.53835,145.10585
47.645363,108.48027,78.41042,107.65926,81.16957,160.85143,128.4973
48.042873,103.03366,72.2569,124.384224,87.57663,167.57701,102.734276
37.15279,7.9010234,74.650566,127.07722,86.03684,163.95851,138.8405
70.76865,118.28181,72.79886,82.663,67.60566,171.39532,149.0832
59.355408,43.304592,66.199326,85.877754,67.822014,167.29564,58.03879
72.18489,119.06637,66.12901,71.31285,62.706768,159.65494,152.29066
71.23593,110.60988,62.239372,80.42397,64.87215,163.91068,122.60917
71.69215,112.058784,67.5939,85.460175,66.42806,166.41931,146.87633
84.1439,104.66307,73.17358,81.02765,60.149197,155.61203,87.713135
76.25224,118.60082,69.216194,72.267075,70.02812,172.67851,157.42403
88.55825,127.559814,69.97293,71.74273,59.79553,142.47495,133.19537
87.32253,120.05383,89.55342,96.41204,62.693935,147.98521,138.77455
77.02933,145.14375,75.66658,101.9586,77.119736,149.85632,109.16453
80.252365,169.85126,75.96063,47.63398,57.07487,144.19742,92.18963
58.951115,103.6721,72.56389,85.51453,72.11849,160.61636,150.25786
57.090702,71.28458,66.928825,65.093704,62.871998,158.9125,178.58264
69.39007,79.40053,25.468029,91.58527,107.41848,158.51392,171.57506
68.34654,81.127495,53.32115,120.00581,46.94657,104.99623,116.66313
145.51239,104.19729,45.919853,121.25929,59.329746,170.18874,133.19264
47.84973,157.42197,23.368582,39.12593,66.64744,154.68257,80.56917
38.27166,93.809296,91.00855,118.55037,67.47127,156.99951,153.38269
98.460655,138.73882,61.317596,65.96827,59.286777,163.02356,77.35579
89.013565,133.75993,67.37256,68.790855,59.507984,165.38731,55.557816
80.57909,155.06544,58.340973,81.99775,71.128,169.76347,83.862816
99.18101,141.7199,59.212486,73.79268,67.987274,161.38371,98.03353
57.12264,106.771164,69.2624,93.90351,75.133934,168.06767,77.229454
58.35162,82.86007,68.07975,115.81727,91.89024,157.6036,137.27527
29.300827,45.97382,77.81921,110.03347,86.67826,161.63782,125.208984
49.649864,53.280815,65.80981,121.35489,102.600624,164.14445,133.25897
51.606434,65.336044,64.140686,142.2005,120.78293,165.1584,137.27547
43.823128,61.431885,41.740067,166.10333,139.8026,164.00409,127.33204
27.234777,74.60255,50.963917,161.82368,153.60545,162.59946,104.24967
15.959884,18.970064,40.38943,175.39525,167.59401,141.58954,122.6762
27.403423,21.450441,66.25998,172.5529,173.69217,165.06035,115.94747
23.915487,20.688166,59.885994,175.1951,169.75084,156.47528,126.09769
30.600796,31.401636,44.87914,171.95123,174.87794,162.86449,125.58693
45.905285,40.21126,53.818974,163.77303,174.93457,166.35367,145.64392
32.3694,23.61051,42.530907,166.31935,175.29584,162.951,133.9344
36.36947,26.361582,47.608414,165.03732,171.00375,171.98938,132.81583
25.666058,25.62727,53.077854,174.96661,171.37753,161.40256,124.313095
39.43867,41.90102,64.033936,172.10468,173.80916,160.51595,137.69423
46.190296,25.027246,50.69303,168.40187,173.72282,167.61272,137.57115
35.2322,25.259438,46.90895,173.92674,172.70593,164.98671,125.80413
32.627193,68.71906,64.4283,175.98389,172.90558,165.58276,100.901146
49.89525,69.18234,73.868546,176.2374,171.35777,156.73683,67.020584
14.483556,18.411245,57.586483,173.89548,169.54456,154.9584,136.2577
29.960743,71.39304,43.313824,178.39635,174.6958,160.30312,71.294846
31.680632,46.161053,48.196507,174.9999,165.06099,151.96855,98.1015
36.30303,88.834625,55.09127,174.3228,161.4777,161.25444,110.10946
68.44928,112.88996,84.489624,149.4895,141.9514,156.8797,151.32419
70.5295,109.698616,101.92344,148.94003,130.4569,156.45303,153.95595
45.033386,77.82653,93.38203,153.34785,128.20145,167.02084,121.44137
73.43435,107.09049,88.9275,129.49551,116.44603,153.81349,146.98453
72.254524,105.13168,90.69969,145.3342,111.875404,153.83632,153.65854
51.507732,101.23529,68.213776,150.60132,125.376915,171.98103,142.34428
54.977394,108.37909,104.22321,145.53456,99.4561,166.49821,150.31453
65.402435,123.96317,101.66902,127.73223,88.526634,167.38092,162.59242
60.48676,109.14392,89.737686,123.68322,86.19211,157.60947,150.10455
58.068317,119.37055,89.895454,130.34753,86.58221,163.82686,154.6818
71.454666,132.22311,84.024445,106.78295,78.89706,168.74118,151.28293
54.486317,47.82843,68.382545,123.47312,96.103874,167.17125,92.12483
62.694233,127.29504,69.762146,105.73889,79.50115,168.0278,128.4758
36.474552,70.32048,81.006226,140.17963,85.82247,168.44281,54.29361
54.432228,12.836624,76.911064,102.86413,73.52086,166.58702,87.28779
63.6264,46.49948,96.350464,121.89917,70.395386,157.90602,148.73323
64.654305,52.670647,79.81319,86.37434,60.67816,155.79764,153.11191
46.635094,45.596897,22.375093,111.01005,113.98028,103.92619,96.96889
52.63348,52.471886,24.989439,117.59173,114.625145,108.40484,104.21442
65.807,63.981007,29.354235,130.57533,111.43911,116.04376,112.56529
68.32544,66.96421,31.604342,134.644,114.49452,118.30697,116.43879
68.1925,67.16272,28.806437,129.87334,111.29421,119.25342,117.28973
68.33047,68.83105,31.916533,132.69235,105.96127,120.37981,119.47556
69.0934,69.32013,31.538073,124.496445,105.12227,119.91555,121.30104
69.64092,68.65694,31.696714,109.48036,100.160034,121.86158,122.414604
69.02887,67.839226,31.852709,102.307236,96.34206,120.26815,118.13331
69.47962,68.58196,31.950207,85.45466,89.42553,120.0748,119.178505
71.30254,72.807945,33.638615,91.38746,79.82515,121.81005,123.60043
72.71188,72.66649,32.785328,76.63293,69.86822,119.747604,118.97107
72.95116,73.76253,34.439255,86.75162,78.83205,120.09265,121.53187
75.336754,76.65019,32.88298,84.60837,73.51599,117.234795,118.95733
73.11068,73.78746,31.831303,68.748825,70.25461,109.31809,110.368996
73.70095,73.750885,32.917625,65.96927,61.758636,107.03472,107.105995
73.24163,74.52278,33.93554,66.96193,59.67965,103.356026,106.65502
65.02739,65.78461,36.090828,65.79738,60.32292,99.22865,101.19352
67.55806,68.79954,36.72037,64.699356,62.757004,100.25799,104.3096
77.86079,77.82981,33.78679,58.688187,50.250534,104.60352,104.78834
78.92609,80.4586,34.42946,55.016487,48.427444,102.91975,103.00835
77.577705,77.0005,34.957783,53.391182,49.357346,103.929634,100.86852
74.93266,76.314865,34.780537,52.62931,42.10158,100.79195,99.2683
71.94186,71.39051,34.348812,45.83627,48.027157,95.17864,95.94275
76.6335,74.594376,32.643703,47.126854,47.085922,95.157616,97.14881
82.91742,80.23102,30.61028,38.334724,47.686943,98.54722,96.20932
75.4817,71.785446,30.886858,37.008274,44.68746,89.91331,88.33993
77.48302,74.69343,29.475428,45.742798,46.754494,90.897705,89.18827
64.18704,61.685547,30.782383,40.827446,47.31564,83.81275,84.47141
69.08734,66.7756,30.760244,40.665733,43.44946,87.998726,87.13688
63.674625,61.171978,31.044298,39.531162,43.746655,84.14107,83.80907
61.00252,57.8477,30.458298,35.663307,41.976994,81.08477,75.47129
67.36088,65.8576,31.44692,38.855217,49.960014,87.7079,88.562935
75.32511,74.67972,31.583117,34.695446,39.970448,90.33128,90.84601
68.97314,67.62308,32.095932,40.89961,42.396217,84.96749,84.46716
74.86921,74.11184,32.23662,36.740807,43.2853,90.48226,90.1611
80.723076,80.15284,31.254251,37.917202,42.210915,90.45217,91.96831
85.923615,85.34769,30.03111,36.477135,42.186398,93.76201,95.66333
66.373314,65.660034,29.610353,44.088547,44.83116,85.56239,84.37558
83.858154,82.842995,29.636642,37.45159,42.640553,94.47858,92.968445
84.027954,82.0425,29.096785,34.521862,42.47393,95.27573,91.565674
84.52063,83.70331,30.084858,33.548695,43.800137,96.73071,95.94834
87.91652,84.8329,28.737715,36.566437,35.89264,99.90964,97.62726
72.02723,69.11122,28.936146,39.058167,40.146423,86.88398,85.45605
84.89577,81.47044,28.870699,34.932945,40.961273,95.03504,93.56562
73.410835,68.77738,32.376015,37.79436,44.605255,90.91851,87.27207
101.07772,99.13538,28.44941,36.909622,41.156467,108.525276,106.14909
89.05627,88.63575,33.655228,43.26647,48.51321,93.6409,98.26288
88.2235,86.40565,36.504955,51.953323,51.64525,101.15528,98.924965
89.37135,90.45294,34.14295,54.93073,49.40472,104.76233,105.39463
96.71659,96.950806,32.725044,57.67504,51.84428,110.13816,108.86535
94.13604,95.97789,32.528732,63.579597,56.143616,108.99889,109.42125
64.805466,66.323975,32.38211,74.844574,55.146587,93.71335,94.54829
55.87785,57.846897,32.422585,76.91283,60.7327,97.53646,99.12348
61.87873,62.56904,33.142303,79.57893,58.96228,97.17185,98.2835
57.446888,59.013233,32.843697,86.6491,68.33514,102.00398,105.83308
61.06854,61.675724,32.076447,85.745346,62.937336,109.298546,111.82667
60.287838,60.18723,30.7927,90.449585,64.77545,111.4736,110.67479
60.221207,62.84251,31.13905,89.131424,70.20988,115.13675,116.98082
62.72838,64.95321,28.19101,88.32509,72.93857,116.486465,120.038475
70.257835,71.61998,29.073381,98.55901,96.80287,122.41764,123.7378
67.96366,69.77472,30.302942,118.61614,103.75566,120.20917,123.69268
69.7948,70.3277,35.04728,130.71751,109.431885,123.246796,124.04467
68.71475,67.67716,31.52836,126.548485,115.24679,120.64463,119.856674
57.79785,58.874268,29.460995,123.517746,114.325874,111.77891,106.61225
54.04829,55.471325,23.552734,121.64251,116.51175,109.29558,108.76178
58.143982,56.682705,29.300573,124.62887,120.226456,112.732796,106.67204
55.15085,56.20178,25.479755,112.97306,113.97182,108.24899,107.03404
51.61516,54.422237,23.814508,106.28665,110.41068,105.55366,108.28051
54.195072,55.791992,26.619394,113.23594,114.61794,106.82098,106.24931
54.601692,57.24916,27.503906,113.18997,110.3831,108.49819,104.38259
54.55197,55.949383,26.471437,110.72503,109.46666,108.638405,104.95315
53.8951,56.027588,27.211895,112.48703,111.69325,107.6894,103.34256
53.669453,53.217888,25.797358,114.51132,115.72087,107.95914,102.54831
60.015686,58.96781,31.165226,121.067566,117.05549,113.77536,108.35636
59.822052,54.79323,28.623468,120.62791,116.529854,114.85312,105.63157
63.80476,54.44517,34.72961,126.35322,117.64977,122.43597,109.72509
61.917526,50.660015,29.247824,130.88467,122.81122,117.65787,97.08351
65.81066,55.212017,25.419096,121.48042,115.053604,118.87833,106.718925
71.67235,60.0761,26.155413,123.75198,113.76057,121.57206,115.82117
74.96362,60.15732,26.666458,122.90034,114.38008,124.77542,117.20575
73.70049,55.966125,24.087301,112.31072,109.20968,124.525856,119.477295
70.62964,53.939003,20.731266,121.95799,112.58328,120.82169,112.40414
67.92498,52.005936,18.372604,116.88956,110.90872,117.81394,114.804405
65.53435,52.396294,16.906721,122.032715,113.143814,110.05576,118.200935
58.990627,50.155132,19.634577,124.21059,114.37476,106.36858,123.493256
48.034912,49.00554,23.823074,134.79805,121.9497,33.111576,123.29999
49.431194,47.841103,28.853073,128.81607,123.26619,39.192303,125.2039
47.22447,47.87059,35.20731,130.92702,136.46982,27.858559,124.82936
30.274225,43.28717,35.18511,124.39431,128.90729,34.78408,123.90405
26.25892,43.574646,28.953089,134.08434,126.107346,61.580074,121.65158
36.149918,46.114788,35.432034,142.10333,139.52705,71.62724,126.36659
27.81997,44.645897,36.25461,145.76541,142.81644,72.26071,131.56363
33.839046,44.47751,30.352583,128.99242,133.9954,81.246,127.67112
36.858776,41.144154,29.122778,130.50975,141.84274,88.10604,133.45366
34.56653,39.12295,25.369236,132.64592,143.22606,92.20282,129.00208
32.893238,37.99072,28.48771,133.95035,137.82603,89.60768,132.84537
30.064402,38.639267,26.600714,129.31111,131.601,84.72919,132.40146
30.482063,39.280773,23.96489,132.55304,131.54727,84.27405,131.18892
34.774582,39.712494,32.12299,145.26355,137.62062,83.083694,130.34288
31.556917,44.466152,28.5152,139.18112,130.76276,86.51544,135.74098
35.23558,42.254963,31.479076,148.40862,136.28766,84.195656,130.3997
35.111473,44.036575,32.85517,148.75009,141.57423,87.71935,139.13263
34.138474,46.60548,30.441376,148.75488,140.701,89.19901,134.93701
37.68336,45.46253,30.871447,148.24165,141.11511,87.307076,135.09283
37.376514,45.63602,31.635948,148.65266,142.06683,88.07049,133.7052
38.07537,45.66153,31.171124,147.59985,140.504,89.62731,135.48656
38.045258,48.225006,34.19053,147.66649,143.87437,89.41587,131.3984
35.26009,40.077255,37.258007,154.71721,148.23598,90.35201,128.44788
38.886467,48.161964,36.590572,156.57289,154.0398,87.24025,128.9055
36.521828,47.7862,29.857063,148.30922,140.92882,87.10994,131.04755
36.822636,44.98804,32.039593,150.75534,145.17848,86.50939,132.5896
37.76051,43.822422,35.893726,155.23279,152.69974,89.92794,132.41661
38.389828,47.679283,34.91323,154.76172,149.36455,88.54383,131.6238
36.956085,45.369076,37.065094,156.54865,152.6198,89.451515,129.94641
37.254417,45.61701,42.82285,163.57846,164.10844,95.09663,131.22865
36.52752,47.609016,43.988644,164.62843,164.98294,94.34731,134.63773
37.56515,47.260105,43.0275,163.67259,163.8461,91.20044,134.04095
37.969894,49.284035,39.291893,163.59628,162.62418,90.786354,131.2386
38.591183,50.49474,35.380116,159.42168,155.79202,90.14975,134.95926
39.032875,47.14445,33.577267,155.94899,150.98619,87.82692,129.10776
40.22356,47.419468,37.112057,156.40942,153.05074,85.90861,131.57675
35.385666,41.594772,38.622406,159.47955,155.45572,89.93698,126.770546
38.026962,43.300232,39.32455,160.46,159.48706,88.76164,126.736336
39.152008,45.487785,39.897408,161.06586,161.57367,89.16353,129.11673
40.104645,49.689877,40.604588,160.85878,160.6202,89.92505,132.93623
40.860935,40.90357,41.591072,163.67194,163.89674,92.006294,125.736374
39.49743,47.418194,42.895397,163.61868,163.77519,90.50481,136.40994
42.15004,43.46812,42.513374,163.60529,163.77646,93.46589,128.0249
42.78188,48.470566,42.826004,163.04335,162.1265,93.95336,134.07895
41.635235,45.486717,42.798725,160.27434,157.03029,93.65441,132.93861
41.471947,42.64644,40.937145,162.40022,162.016,96.42637,128.47342
41.282417,45.899357,43.25108,161.92578,162.15411,93.054,132.98524
42.42376,44.707943,41.09621,160.55717,160.67252,93.22391,135.70758
43.578228,46.807255,42.995003,160.82549,157.80937,92.11517,138.39154
41.911396,42.630775,41.24877,160.20988,155.62782,90.40373,131.05461
42.513985,43.2688,39.07292,159.46169,158.20178,86.01667,131.65508
42.808815,48.044216,40.81042,160.83757,157.71918,88.01985,134.91914
42.3254,50.08925,41.138317,161.69624,160.58543,90.21558,136.94609
42.782383,50.279408,40.069946,159.02777,160.99976,92.28562,140.01833
41.9201,49.201916,37.0954,155.7884,152.35716,92.095314,133.73495
42.97467,46.12182,35.237427,155.0149,159.57573,93.44243,132.11671
40.92124,44.411583,33.676086,154.45892,155.3904,94.40424,126.39609
43.42806,48.738224,34.989292,156.75311,150.81915,90.4419,131.97734
40.348667,47.22628,31.365135,152.11777,143.39856,95.64729,129.37254
40.37697,45.42517,33.153664,155.70789,147.25989,98.08246,129.26451
36.92944,45.462387,32.435207,149.99402,139.71373,91.32707,127.20877
32.744045,44.841606,31.956793,133.18681,132.06537,94.9001,127.29379
41.065357,47.227306,35.37244,151.6196,146.12987,97.57039,120.38653
43.452873,42.540604,41.082123,145.02414,147.46635,100.13169,115.11521
41.32491,44.236603,39.057255,144.78104,147.38521,99.75567,118.429886
37.937206,38.216137,46.08247,135.71245,139.61969,103.813576,112.26944
40.444443,37.370968,51.10392,138.49745,144.58911,109.31012,112.21789
43.021305,41.020184,71.93622,120.1266,143.2819,109.87236,119.91536
84.32733,90.54391,38.469257,72.08717,48.57819,148.12993,158.52704
84.012856,89.608925,42.336163,77.13003,51.199715,148.87355,158.42203
83.11055,88.22999,23.290148,72.317154,49.382713,151.16367,154.9177
93.81229,91.400276,35.573288,71.038376,56.38188,154.97145,156.9842
92.72553,89.42727,39.131775,58.68048,59.614986,155.66058,157.78865
78.77884,82.33438,54.598953,92.79974,77.26744,149.7471,157.24712
77.11264,82.1476,59.72686,105.73817,84.29334,148.8163,157.32722
74.59422,77.0747,65.132126,106.95809,96.62684,149.83792,158.26372
78.9934,82.247185,53.64958,104.39107,77.24384,153.36919,157.92567
80.503746,84.67645,34.283714,91.05815,75.24296,151.263,158.30725
86.450066,86.86581,29.09378,88.09825,68.626976,155.7749,157.66211
79.8466,84.57081,24.29998,74.502235,67.88765,150.42233,159.27815
70.409386,78.745575,29.180042,86.12922,76.91575,145.81383,156.68066
61.786736,74.79971,31.468868,80.96246,70.09652,141.10602,154.93979
42.140354,64.48176,33.986324,99.58632,88.99604,132.33504,155.54834
40.5036,63.7807,33.79314,89.122696,88.676025,134.56236,157.16391
30.799154,55.149784,29.245062,103.657295,99.428925,132.38159,158.04291
15.926986,43.382908,30.470814,113.06448,112.8341,128.10733,158.7354
16.019564,41.621876,36.076702,126.61457,116.39565,130.4416,157.20784
14.370237,39.20621,23.056969,115.64214,117.19707,117.08692,154.50417
14.020594,40.019985,31.395645,113.6138,100.905655,111.09966,150.64775
11.915352,38.06462,36.49749,124.5642,103.110825,117.20989,152.20482
16.045853,39.255302,40.097862,133.62697,112.786285,114.44261,154.95749
19.1344,35.416603,39.037907,123.335014,106.22174,113.008896,150.2811
17.81154,38.52528,42.135403,127.132065,105.2892,110.30576,150.8016
20.619974,37.72982,36.35037,131.0486,118.79735,112.59416,149.93599
15.0703535,37.94782,39.494072,127.112206,114.8002,111.01138,141.07011
17.702991,44.41116,32.175888,128.91249,105.02528,111.63198,133.1154
29.192472,45.21299,25.709957,119.66676,116.27249,117.48286,124.91626
48.500538,58.97906,35.65023,127.788666,124.711815,136.01305,128.20679
50.14046,60.132034,37.66244,131.19344,117.99594,139.15288,124.54311
46.45068,77.436264,34.24213,126.01156,114.43724,133.19264,132.87881
45.53183,88.96064,26.309057,116.96948,116.89533,119.538574,138.67435
83.92309,102.54252,54.04873,140.87807,121.542625,166.01022,139.30392
91.16717,109.22488,37.271496,126.64465,112.37817,158.93584,140.50934
98.38501,115.811455,33.818394,121.41389,107.66251,162.89186,140.0178
110.74494,127.47455,31.191856,117.49328,113.24258,161.51865,130.4391
119.51759,130.7429,38.57031,123.59639,114.04147,156.6849,134.93681
138.17343,133.47902,38.214535,134.1831,124.3068,124.06889,119.51934
118.40804,135.99083,40.844357,135.04631,124.83193,143.36195,109.90938
130.53232,143.05438,47.670906,143.32701,132.56404,139.3856,38.965736
109.27223,152.82257,48.030617,144.30913,133.40384,131.3203,38.449867
139.4082,153.68481,49.71761,128.6651,126.873055,134.95235,37.527744
150.7538,157.68404,45.481453,135.00111,118.223694,102.48257,62.615482
154.19147,153.74068,48.075706,128.11824,127.07957,99.88646,76.50857
139.71071,158.1263,50.25614,133.74667,138.53152,106.9331,52.505333
123.912575,146.1788,53.602146,140.34529,126.189926,75.69235,27.559929
106.593414,132.26076,52.40507,139.04918,124.254875,95.048904,108.40227
112.383514,129.05405,51.535995,141.42668,125.599976,149.74988,126.092224
102.84823,126.41868,41.729645,118.37839,117.70989,155.91199,127.05596
98.64796,121.22366,38.21436,121.33571,114.108315,164.99077,129.78323
97.55991,118.464,44.78288,120.88513,112.64173,164.15228,139.07005
81.77751,104.44085,38.576996,121.32731,109.23847,159.43831,141.71497
77.05311,100.29085,54.69214,135.47026,122.27606,147.42514,140.44727
55.25547,90.124855,44.426125,119.5135,116.74555,79.739105,141.71912
48.542614,82.36799,34.54218,120.77738,119.11214,78.38733,134.01956
43.26163,77.66608,31.934261,115.27886,119.90384,120.295746,128.18332
56.524914,70.0901,46.75464,129.08115,122.36587,136.10536,126.24851
34.836212,63.179657,37.738926,125.651375,127.914795,116.02332,123.85755
33.712505,55.24181,44.905266,129.26202,117.42411,125.65479,127.147095
28.733553,56.157234,46.6049,124.07584,116.00498,119.06226,128.76096
44.074547,66.44633,51.980175,133.04979,124.10341,128.69527,136.44107
22.667559,51.085636,39.83826,123.722206,118.957214,119.68682,132.76944
19.51218,49.95071,40.99998,121.00829,114.26202,115.73691,134.88544
20.047394,50.166477,41.30436,119.95964,110.403305,118.05809,136.20245
13.272139,41.3022,51.86507,138.33394,115.6331,112.72588,135.2099
14.561741,41.474113,52.031494,139.37521,119.209946,117.97116,139.6176
12.957133,42.61228,54.998196,145.26189,124.499275,117.71902,144.62793
16.48325,41.43012,55.327,148.76068,127.70696,117.89148,148.21703
19.442081,36.554832,40.615925,143.12772,126.35457,120.01896,150.08966
16.618073,35.998344,32.080833,137.01576,121.03925,118.77217,150.68172
14.527404,35.158665,25.907684,124.20452,122.73012,119.82533,152.2634
15.760418,35.273643,30.363909,129.84172,121.4546,123.562065,150.77681
17.15185,42.238895,26.939848,114.13336,123.46369,121.36896,150.2174
18.62288,50.444946,25.888481,101.947,116.18372,122.14984,154.39406
25.873419,46.322926,22.170784,111.57568,114.29933,122.310844,153.10358
37.548443,52.128025,22.50078,111.16908,107.80124,130.646,154.64372
36.35669,58.545605,27.844765,107.75929,107.232185,128.67638,154.95026
58.895084,74.57688,24.809937,88.23474,83.28499,131.68628,156.71008
47.794144,72.43987,24.56642,78.208405,84.84404,125.22199,157.42276
62.043816,76.640205,30.648434,76.46131,89.08456,138.83026,158.92363
84.046646,79.58477,40.43209,92.44048,95.79263,152.68094,155.39961
55.723072,72.49792,47.967205,124.74959,115.805855,138.10826,155.89183
62.643288,76.21398,57.85196,115.69027,110.71804,145.47974,153.70528
63.495327,77.37201,53.84646,110.340385,98.79328,147.87978,153.86125
76.22289,77.8637,53.236076,116.74555,86.42038,149.62373,156.34634
75.599304,84.42207,52.134815,107.53577,85.28215,147.66992,157.08942
62.79914,84.32149,50.410404,109.57557,87.99933,142.51752,158.8804
74.59026,89.831535,50.372963,99.72583,76.27835,145.97603,160.25443
70.91333,81.07462,38.705544,104.54591,77.69613,143.8451,158.12117
94.54033,90.06425,28.45356,84.33393,55.885296,157.94011,155.89496
77.15763,86.872314,41.003674,86.46636,61.22772,151.24258,157.28694
73.24278,87.13532,41.37655,77.6517,62.102398,147.70563,155.6122
71.56196,86.72457,33.22565,78.47883,55.620132,148.56001,157.17163
70.78672,87.73448,30.341843,74.175125,53.255547,148.64767,157.68356
82.04673,90.40139,41.885406,71.4564,51.1794,151.4297,156.16646
76.6037,89.475296,34.67483,75.44851,54.4943,146.89668,158.23393
86.156,94.37095,31.333344,56.969418,44.39675,148.77391,160.61716
85.32081,90.46334,31.431187,63.810383,49.197464,151.02663,157.52983
90.741196,92.754974,31.873209,63.9461,56.81516,153.15617,158.24387
84.401306,86.390335,37.245735,80.39616,70.818245,148.64832,155.75995
76.80209,85.62762,51.24506,97.24566,77.73551,149.15614,157.68008
75.56626,85.166046,47.45529,97.185814,73.094666,147.64,157.22296
77.92894,86.29613,39.805714,87.26438,70.8398,147.76862,157.58441
77.05459,86.41642,54.3802,102.33786,72.53921,149.67955,159.603
78.610825,86.0113,38.65714,93.28812,70.631584,148.15778,156.46048
89.74385,89.57849,28.090513,90.02376,67.54647,154.02951,159.85971
86.02445,82.4946,26.31797,82.9212,80.909805,152.55855,158.13312
75.71833,77.668785,31.165821,88.01227,79.47358,150.21346,158.1972
52.08848,73.16843,23.914486,75.074455,66.89353,135.90529,157.81769
51.68127,72.00937,30.163643,88.72061,84.06265,138.1891,156.61139
35.21472,66.32995,24.82569,84.89024,82.95147,134.5424,157.19473
19.109922,46.38561,26.950285,100.227356,99.70991,130.73528,159.39352
15.899371,48.5689,27.039953,110.78228,109.972,124.50849,158.8692
15.419044,49.74541,24.172451,106.635925,112.87033,121.52628,161.65044
15.811022,47.111614,23.817848,102.791046,113.42414,120.460655,160.77782
14.610966,46.003357,24.574501,105.697655,107.781425,121.91332,159.09721
16.74057,41.63131,28.703217,130.41011,117.91587,117.077156,158.69423
19.284105,39.452484,24.860495,122.726006,116.579475,117.64131,160.52956
15.604767,38.615997,27.318624,121.68185,119.45474,121.66249,159.87364
16.158777,41.627373,36.90005,124.18928,109.40206,118.814384,159.69232
17.628366,42.743668,41.177567,133.75157,115.966866,120.28137,160.0964
19.601194,42.74508,42.795135,130.08368,114.04812,120.560425,158.25502
19.230654,41.71909,35.4832,122.64314,106.4204,115.54051,154.79892
16.389458,43.82673,23.960846,116.23114,114.402534,113.6228,151.53429
23.01886,45.360886,28.751171,120.970566,116.659706,123.4074,143.565
21.396372,46.67459,36.5034,120.480156,109.479256,123.42275,138.95494
34.512188,48.099667,33.99404,118.6359,109.14592,129.06181,129.8279
54.10445,59.45696,30.840584,134.68974,134.01355,136.68298,127.274254
58.976166,70.80928,24.185316,119.57673,120.40251,141.11913,132.59027
57.51235,78.169846,39.443733,138.38342,125.796234,141.52751,132.38983
75.42983,97.67055,32.608475,131.51147,124.24255,150.47942,143.22157
77.872406,99.73041,44.885822,136.30824,119.88222,159.31427,139.85976
91.242325,109.23554,45.43246,130.31285,111.38623,159.69345,145.64482
103.8576,120.92467,37.113213,121.45167,105.4472,164.6585,140.96936
104.666275,125.683304,32.283993,124.12563,116.1119,161.84393,128.92207
115.648674,132.309,41.90051,129.63649,121.54716,161.24248,130.42111
131.68202,135.09865,42.25753,137.50116,125.528175,135.19977,115.114716
147.13953,138.00468,45.357594,140.75595,127.11782,116.009445,107.059135
132.5754,144.94855,52.232914,136.68858,132.0093,123.79009,46.816578
149.63681,152.3562,51.680588,139.01477,130.3325,116.251045,35.80367
146.6927,143.93163,48.572636,145.53986,133.98872,126.39151,39.73527
150.88686,156.99532,50.791725,139.29912,125.889015,99.81708,48.09198
152.45084,150.3973,48.098698,136.18741,122.80199,83.865265,36.133144
143.56699,142.79646,49.523544,134.8414,123.018036,80.45579,53.985607
144.56291,138.3419,40.931015,125.51131,127.639496,54.836548,89.22757
124.06165,133.99596,43.628635,124.89834,121.24891,77.12274,104.318985
132.01201,133.18123,50.866947,143.03706,126.48712,106.67536,122.2851
122.32021,129.26295,50.58008,135.81998,127.604126,117.02698,126.22671
101.48543,122.35756,48.814938,139.97365,117.68299,135.90453,128.56613
95.959366,115.45773,49.60976,134.50914,119.40938,123.45195,136.47917
81.99542,106.60736,39.737976,122.024605,116.60209,148.23688,136.41667
85.70603,107.38598,52.753517,136.29703,116.65891,161.54353,140.77982
66.38603,89.14262,47.61688,139.3487,127.73378,147.17609,130.68277
42.820282,77.80569,54.840015,124.71688,112.56792,121.14555,124.556854
63.90548,82.49549,56.73301,134.93845,120.668,144.95547,132.09538
62.338764,78.49599,55.72252,151.86928,143.57217,139.1906,129.85518
31.19185,63.621735,41.568813,135.39357,129.05568,114.849556,121.46034
28.268364,50.602543,47.202614,120.38001,115.30964,125.586624,126.06005
22.4186,50.444588,63.966816,146.41475,118.80258,120.78137,129.91866
15.932051,43.78869,51.211506,123.39918,104.834984,120.56772,130.21143
19.253195,48.95557,41.906246,108.36942,99.0852,126.22097,136.05756
14.109547,43.526653,49.825565,133.4101,122.31301,118.76735,137.42943
14.117698,42.485424,29.719234,108.1718,113.35269,120.19434,140.84543
14.754902,44.943645,68.43944,86.42279,147.99174,147.846,143.13559
8.977828,45.998478,66.59232,76.09557,108.889084,146.52605,141.74007
10.242941,36.255016,65.48902,62.646996,142.29108,147.89468,143.91452
8.3575945,36.804855,70.782745,62.719063,141.36975,149.16905,145.27092
8.166472,38.577137,77.343094,59.616886,135.76045,149.57068,146.34744
5.76395,34.883408,105.96194,57.712097,110.67304,150.8204,144.87514
5.0100455,37.92485,102.31783,61.22267,111.74495,151.73402,142.6274
2.1516776,37.24438,108.713715,62.289703,108.186935,152.32597,141.40565
3.398745,38.255905,116.259674,55.2335,99.44341,151.72778,141.79723
2.9284391,39.015007,97.38439,58.676014,113.870476,152.8671,144.2653
1.0315448,32.43107,105.49585,47.661057,114.61424,149.12811,147.31798
2.4671206,30.832903,108.32509,49.95323,107.22861,147.41699,144.37637
0.6644077,39.654358,111.51948,60.587204,72.488045,144.168,144.56718
7.8185616,42.371544,111.83112,56.260265,75.019424,147.44083,143.54564
3.8645732,40.800205,117.810936,50.44161,66.531586,146.24548,141.28435
3.9354706,38.922695,129.93109,50.6277,66.3102,148.56256,142.43697
4.38758,35.80406,129.01944,45.491974,72.043,149.51555,144.11317
3.9779348,41.11228,116.635284,49.877346,55.84876,148.93471,142.46014
1.301309,41.33318,112.54421,56.927017,63.226376,145.1982,142.37471
4.678474,39.66153,114.71779,55.687336,49.51733,147.37787,143.3048
4.2310066,40.22225,115.67102,62.251774,55.734264,146.57993,143.37416
3.2242186,42.379032,109.82346,45.9619,65.50333,150.30795,142.03957
7.315929,45.68693,105.4703,70.35444,71.25414,150.1095,142.53479
6.1940665,43.30725,104.31092,58.464893,58.507225,150.18213,141.69981
3.6005435,41.971027,112.39068,46.35876,60.767685,152.78998,142.20393
1.6044965,36.499302,116.43905,44.80575,102.11267,152.9239,143.63301
3.1731129,40.07079,117.929085,46.081512,95.1202,151.94579,141.62654
3.281396,34.52986,126.31419,47.635292,91.3875,152.11955,143.41324
6.6395025,43.357735,117.01851,49.450317,61.41535,146.23244,141.461
3.926803,36.3121,112.317635,49.98101,112.99625,150.15636,143.60594
3.245401,31.766699,112.296,50.557842,98.85134,151.59123,143.95511
4.1882515,37.34528,97.449,46.77063,113.828606,151.23624,142.36697
4.444529,33.98331,87.23535,47.098606,125.911224,152.49033,145.39099
6.397028,35.692036,91.48437,62.73816,130.48727,149.91814,144.8745
6.6506286,33.323116,88.78198,45.78064,110.672264,147.37881,144.72195
3.603968,45.433662,94.14762,111.794136,98.91645,146.94556,145.18619
3.6891289,36.54281,77.933914,64.64861,146.26306,150.31311,143.3167
5.330905,45.379227,80.34732,50.358242,98.38146,150.2824,142.80142
11.274664,36.60556,71.19329,54.67724,127.30032,151.27075,146.4359
10.327672,45.624985,84.99546,59.306202,108.7516,154.38066,151.99222
18.381638,47.911686,68.467476,60.961334,136.76309,147.98611,144.20416
28.704298,56.82611,78.52906,71.43547,107.139244,158.57655,145.58586
17.916433,43.897385,64.095634,77.884346,138.17958,140.95184,146.03575
18.172209,48.585567,69.122955,71.60565,135.4004,148.02016,145.98463
13.331289,45.21099,68.84045,107.785034,132.70271,136.47568,144.32152
13.888125,44.00255,80.19972,89.970985,116.67566,142.18741,143.48036
14.959572,48.510254,81.06374,167.4226,94.38556,144.77208,145.14754
10.94841,51.56303,88.35644,172.38774,96.61715,139.31612,149.8604
10.311659,45.72028,84.4279,168.52425,92.556404,138.12997,144.36913
7.8272676,56.849316,89.219795,173.85512,98.70655,138.10475,152.91167
8.381573,54.16256,89.08005,172.93129,99.23563,135.23347,152.19377
16.46944,43.29584,48.86286,128.37778,175.48186,133.41168,143.52303
10.8594055,53.745293,89.47395,171.4612,97.85463,134.87843,153.27861
13.650112,47.221863,87.991005,166.6318,100.8537,134.77734,147.84206
13.923437,42.538372,69.65972,158.06042,139.65845,135.26324,145.8403
14.984794,42.798046,56.575603,124.69835,166.86617,135.77684,144.16397
10.411855,41.95418,71.75641,163.54912,132.05846,137.42015,145.43779
9.5841055,54.57966,88.45816,169.08249,105.498955,137.1749,152.91972
11.886321,54.890522,89.314995,168.42165,100.03399,139.37877,154.19835
10.69566,53.657406,87.104095,173.40092,100.36303,140.29807,151.46149
12.669357,53.579155,89.067406,170.67377,109.12142,140.91098,151.73552
10.990998,51.601696,86.8699,169.94092,104.50117,140.60677,151.60799
10.075754,52.603413,86.42039,170.17494,100.46997,141.01047,150.22726
10.562426,54.6493,91.175705,176.03493,100.79809,139.54166,151.3953
10.792477,55.381966,91.61735,178.67072,102.99584,137.46167,150.7408
9.856941,56.188942,89.16124,172.14268,102.53657,142.08812,152.16493
11.75195,57.03878,88.58814,171.05034,100.59288,142.01794,152.47137
9.950858,56.801605,87.783,170.8256,100.285194,141.05992,151.21771
8.292921,56.81641,88.59082,171.19847,98.87895,139.62793,153.63187
10.556015,48.081665,82.61591,170.64612,95.6542,141.9232,148.15414
9.994499,53.4552,92.00174,176.2625,101.29237,139.67955,151.05525
8.5194025,45.30501,80.18228,169.7473,94.87281,141.01353,146.58844
7.618471,50.30603,91.146484,173.81653,104.83764,141.12964,150.09018
6.048895,46.88029,84.12868,171.24461,103.713036,141.81558,146.98947
9.994164,51.37389,89.225365,175.41798,104.483894,141.1117,147.6539
8.322559,47.442715,83.20089,169.58798,92.26041,141.66995,148.22195
8.701071,47.13516,80.25749,173.85193,96.80734,140.5001,147.6427
5.530807,53.947342,87.39057,171.53152,102.278435,140.00388,150.86945
8.939559,48.032295,80.337,166.92372,97.265785,144.46886,146.48102
9.368693,40.435738,56.366886,157.38344,158.77637,142.7599,141.4175
9.873764,47.725433,82.02888,167.12437,96.650314,143.8011,145.9262
8.99569,50.63849,87.42914,172.37448,103.12831,142.49414,149.25455
6.7724805,48.859497,86.57675,172.5642,102.87986,142.05412,148.97646
10.6162815,52.44504,90.05945,171.56517,99.42096,142.56218,152.34013
8.569328,46.943733,86.544014,168.71426,100.115845,141.85597,149.49847
6.681607,53.322834,84.325676,175.39975,95.9103,139.31776,149.2178
6.089915,54.047695,85.22322,174.19585,94.988556,140.08588,149.75749
9.552527,54.25812,88.88395,172.09418,90.95744,138.2743,151.61757
6.846647,47.545063,80.25841,170.9944,90.6789,139.34026,144.5478
7.9884896,49.844017,80.44952,170.24005,84.66212,141.14993,145.06322
10.251368,39.428135,58.462173,72.25826,156.4798,145.13904,143.3793
5.2157516,42.33515,77.72301,167.776,81.75935,143.64891,142.99937
0.8945997,43.863167,82.43744,175.54012,86.643974,143.23769,141.95921
8.796741,50.933186,101.18609,160.32535,73.48938,133.12907,143.53357
6.9605784,49.52578,88.10975,164.30539,80.346504,144.69205,145.27861
11.113277,48.990517,87.950745,147.67398,72.93614,145.05699,145.26804
5.085037,51.29293,91.67356,129.43396,80.426025,140.18143,144.06004
5.50947,50.441486,103.250725,126.27623,69.67196,139.16476,144.12651
6.424311,37.143032,67.96463,51.144775,147.97995,148.45438,144.70749
9.293859,46.670208,76.86285,46.341965,106.37252,149.62204,145.35623
8.6962385,38.2817,102.11198,49.975216,119.00805,145.3897,146.01793
4.216168,39.25896,91.12645,55.077023,93.094765,142.88075,142.44012
8.008346,34.925682,85.81842,43.234776,129.33899,146.75067,146.1365
7.0671344,36.098667,91.83453,50.867905,122.52979,143.87132,143.50241
2.790708,48.314327,109.12885,157.33147,61.51465,137.72089,143.57854
7.9834995,37.451912,90.32074,44.96451,101.187645,143.24538,142.9691
10.01455,24.570354,107.60833,36.325188,105.326805,147.85025,144.42554
6.5814466,30.378733,93.304436,41.693832,119.38998,146.6792,146.6403
3.2158892,28.422796,103.015495,42.867493,107.149925,148.73268,144.79704
0.86660117,31.94481,98.03236,43.576332,122.2472,148.41254,145.85277
1.5029802,31.470798,92.18332,45.632576,126.08332,149.91315,147.46533
1.1715292,27.39805,94.096245,39.082115,124.41578,149.0084,146.67003
5.6591845,26.24571,112.77223,43.421646,102.68639,150.55437,147.87442
2.1962414,26.893589,99.23275,41.679966,105.26184,150.97429,144.91544
2.7084105,24.33167,103.72516,44.708874,102.17222,150.44324,145.90083
2.9863575,25.010014,110.40499,42.528576,101.70112,150.61702,146.90182
1.7926413,25.500612,107.98468,39.11083,103.25752,150.19875,146.048
3.1755798,36.017124,100.33045,47.28651,101.2428,148.96371,145.84409
3.12969,38.910767,99.18837,59.03942,62.388695,144.3779,144.2529
1.2489784,35.56434,106.755936,49.49472,89.10584,145.38948,145.4757
2.1785252,34.690025,105.64387,48.22405,103.8323,147.0623,145.04419
3.024721,36.04786,109.025314,44.35595,108.21923,148.59833,144.02441
5.153698,40.13241,106.78195,51.378532,85.66001,148.07616,145.20067
5.2154136,41.53806,104.58783,43.394974,102.31346,148.73001,142.8792
4.4989305,42.77239,103.97425,47.373375,88.66292,147.32332,143.3889
1.2854224,31.35058,101.41444,53.013554,124.656395,151.03386,146.06955
3.4739528,30.563139,106.698395,49.989746,121.92562,149.52219,147.50952
2.335232,28.224064,115.84448,42.42589,100.68625,149.70264,147.93738
1.7198771,31.127352,112.56906,41.48642,98.61666,150.17935,148.0807
2.1902628,31.2814,115.36841,42.078594,97.64686,150.60175,149.01868
1.6335064,29.713924,114.655754,39.406895,97.383934,151.76933,148.34082
1.1482472,30.255394,115.668045,42.190334,99.67431,151.13786,148.02785
2.7447367,31.656519,110.39976,45.73462,100.28461,152.15698,147.73114
2.514038,27.368736,108.75117,46.903786,102.75801,152.0311,147.66954
1.613133,33.68469,90.91777,57.75783,132.91515,151.10088,149.39548
1.9065967,30.056047,106.429634,56.372925,105.19932,148.4461,146.13284
1.212246,32.89018,111.899254,46.206326,103.70152,149.51587,145.59796
5.147726,25.016588,106.95177,47.653324,104.92391,148.39459,145.45143
3.333956,26.090313,105.84086,53.047485,107.190605,150.21123,145.28096
3.536845,29.196247,103.824326,62.047997,114.13501,151.84152,146.11238
5.8514614,31.738102,95.445015,44.244884,112.35123,152.4266,146.1671
5.5157986,39.336575,82.32211,54.20675,140.78015,149.17384,145.0576
6.226614,34.27235,89.60091,70.25359,123.33063,152.934,146.05896
11.338747,35.863644,81.03975,49.271275,119.01913,150.60954,144.92
10.480491,34.727333,76.64746,56.52194,131.1384,154.47986,147.25409
10.443272,40.525677,73.67951,56.026684,143.74771,150.06946,145.34476
14.676389,46.922756,60.896515,60.785034,149.96701,150.58104,146.68472
17.060162,45.78214,78.00527,60.027115,124.71781,153.17357,147.39786
22.211979,51.163815,76.023224,66.43832,125.010704,145.06384,147.69035
19.091347,48.84494,70.642105,65.66395,132.35518,150.66917,146.9683
14.6527815,39.765827,72.73513,71.85781,146.96683,148.13286,143.14723
12.885813,46.69894,78.51711,71.29248,118.976395,145.52815,142.5645
17.603384,43.396107,66.17977,88.19278,145.8165,143.44472,144.58777
8.10685,43.682526,72.810555,146.0088,105.53329,144.08624,145.35124
8.32756,58.722275,91.984024,176.351,96.298355,144.44719,153.5319
13.321658,56.546276,94.828445,175.33968,96.01773,141.20363,151.65424
12.448995,57.499023,89.20637,175.47156,100.521736,140.44717,154.08113
13.106569,50.303276,80.056984,167.77925,103.16388,141.46399,151.02498
10.118027,50.818657,79.27365,169.63849,102.468056,139.65561,151.0988
12.040431,40.84472,54.386314,157.4796,170.1508,142.75009,146.18744
6.32617,46.72988,80.09405,172.11769,108.642044,140.00357,150.51099
6.8363833,51.461216,81.10378,167.50096,98.55327,141.87364,152.86743
8.26011,49.534485,86.786446,164.92981,102.121414,140.60483,151.48676
11.40142,46.263172,73.00368,172.5768,141.75565,138.71632,148.32388
12.851281,43.954964,67.40396,166.11812,167.153,140.44385,146.4873
13.112096,44.292336,66.41455,163.3347,167.85295,141.09038,145.42235
8.557677,46.511097,80.104294,161.81659,122.042114,138.29608,148.28517
12.999651,43.947395,64.010315,168.31343,161.83618,140.1134,145.07565
14.751697,43.049305,61.538723,166.76555,170.61852,141.23244,144.62054
12.163189,48.271736,80.92578,161.22432,120.32727,140.58815,147.31581
10.185551,57.185745,91.30105,173.6793,100.24191,137.88826,154.64532
10.033993,55.654854,91.84902,174.77733,100.944954,136.60197,152.73242
9.379302,56.85376,92.49088,175.68011,99.94393,137.55986,154.25334
8.925989,55.00712,91.21451,173.4411,100.09694,137.94415,155.64165
8.451684,55.110317,88.832375,172.37173,101.801384,136.84566,156.33455
8.238307,51.9293,84.745636,169.35406,99.63339,140.39377,150.55148
101.1751,98.1959,32.18636,33.38172,31.618938,137.55331,131.97406
98.0127,95.27461,33.595726,35.455807,33.187714,131.26129,131.02518
98.67292,95.57049,33.375534,34.849804,30.974684,129.31644,130.4662
98.622894,94.80746,33.39696,35.5953,30.829996,128.03719,128.215
82.96125,78.59421,33.926487,33.0152,29.05057,121.643425,116.27844
86.09676,80.15605,35.165276,34.626984,29.024508,120.13507,107.75735
86.12589,85.59557,34.1597,33.525646,27.781446,120.39584,112.34686
76.68896,77.05485,36.475494,34.70015,28.815006,119.272896,101.34304
85.01537,86.846596,39.03476,36.489937,29.792126,117.34508,121.067635
92.70919,91.281235,34.929768,32.20919,26.90949,116.92551,118.94402
87.75489,88.05948,34.792107,31.323545,26.32877,115.518326,122.50476
94.01703,85.66826,48.035324,38.125214,30.647638,122.34387,105.33241
84.83842,77.95137,46.939537,37.15371,30.396065,114.345184,98.88176
84.73117,80.59993,42.43646,36.47583,30.840744,114.27987,106.435844
85.78278,81.05531,45.428745,35.99575,30.453697,108.11008,93.94541
83.6615,81.88219,39.549374,33.166714,28.845459,113.04371,107.7592
82.79358,79.94285,40.523823,33.2492,28.780893,109.94452,103.70518
86.70365,82.0792,39.038536,32.400852,27.443085,112.42809,107.89224
90.99418,85.4563,38.602573,33.62841,28.824633,116.135315,107.85776
100.663635,96.56256,38.877796,34.336143,31.73739,127.70259,129.89395
92.076805,88.74678,34.733032,32.788937,31.165943,120.46142,119.63059
107.117134,104.180336,32.506668,30.96864,29.345657,130.46223,135.12794
90.647415,94.25504,31.538445,34.754272,32.20741,128.96265,131.86958
80.656685,85.59888,33.383858,36.799095,34.473465,121.56034,122.54034
85.07855,93.013405,29.087858,37.37487,31.557726,128.58066,131.46603
95.42191,99.149,25.66385,37.84551,32.49075,132.14708,133.13362
99.55534,99.88964,26.150005,37.707226,33.584255,129.36212,126.736336
108.95161,111.89969,25.171228,41.10675,37.0629,134.89017,140.60484
95.00647,100.186966,21.760166,46.0816,39.020596,138.20424,139.22385
105.1655,110.58951,22.496656,48.749466,45.774567,137.40088,142.51227
113.20169,115.05131,22.201878,44.09202,39.44744,137.9631,141.30649
122.543816,124.025764,21.43386,41.192513,36.89277,136.89641,142.998
106.83523,109.84733,22.285732,41.65925,36.96698,134.85931,138.95883
90.23979,92.15112,21.710867,43.922825,39.308727,131.53838,135.29112
110.59482,112.10745,20.382143,49.79722,46.07406,139.62155,144.14806
114.1601,116.287094,24.028902,40.153896,38.26788,138.41591,142.51732
111.33937,113.23752,22.973394,38.82245,36.920406,134.04279,136.50385
107.00515,109.237335,23.548922,41.297386,38.85878,134.35776,136.97275
103.07945,105.95665,23.376637,43.176315,40.920288,130.77156,138.98409
124.17652,127.801384,20.896326,41.661983,41.781746,139.93648,147.37463
117.679,118.19224,22.894781,39.204098,40.36351,139.54526,145.17033
106.930435,109.476944,24.262058,43.906082,44.396725,140.9916,143.934
115.061485,118.44542,23.236694,39.991074,41.7004,143.4067,147.70064
117.043564,118.94192,22.575184,39.490467,40.419514,144.40016,147.96977
117.11611,119.643486,23.246897,42.663956,43.034378,145.3638,146.67358
110.50426,113.358345,25.333694,44.540775,46.091976,143.95659,145.95312
108.238106,108.911194,26.981827,47.65205,48.184956,139.7745,144.19318
121.37896,123.14011,25.203423,44.502316,45.46801,146.60292,148.88065
105.06155,106.39423,27.394672,45.462597,47.815395,144.0208,147.45107
91.53253,95.34152,29.62807,48.83074,52.533504,144.14755,147.84416
100.09836,106.917046,31.4475,49.602615,57.30681,146.77544,149.83423
90.22776,95.356636,28.114178,51.748383,53.72842,147.85176,151.69803
79.63183,85.815315,31.933964,57.073013,66.68015,141.33305,148.28317
84.51123,91.13825,27.746145,62.803818,65.664024,143.64627,152.37253
78.37183,82.178085,33.4618,76.13303,80.93699,148.23701,151.72496
77.97267,80.15548,35.220257,80.20204,85.486374,147.46875,151.38187
86.30697,89.16137,39.501163,100.00409,98.278145,152.54639,158.49844
91.86808,93.279106,41.700687,116.37475,122.522415,151.48727,156.84587
99.3328,104.20347,41.698647,132.13948,130.72676,152.3339,156.95107
101.87169,101.248795,37.003464,137.64435,143.29526,153.44891,158.90465
87.131134,87.48817,34.40401,139.40993,138.4325,154.50314,159.52646
106.39528,105.06512,35.662758,137.36348,138.70819,157.6087,160.28995
107.675,109.070694,35.07762,141.6923,140.70183,160.29633,164.80023
107.58492,109.280556,35.847416,140.12497,136.56535,158.66733,163.68237
106.29074,106.950005,34.81939,139.49657,136.79579,156.14992,162.35312
105.73083,108.27387,35.636486,142.48965,138.0452,156.35056,165.83218
100.69243,100.86318,34.09691,137.63362,134.11949,157.22272,163.86682
106.16836,108.57027,34.017494,139.5999,136.60861,158.28044,164.83649
103.499954,105.375885,32.38613,143.54672,143.05675,156.9292,165.35674
107.85174,104.928505,31.53967,146.89111,146.91638,155.00873,160.27048
105.7334,105.84824,31.574104,141.8735,142.36809,153.64276,162.44522
106.83653,105.6838,31.749504,142.83063,144.42487,155.45224,163.20132
108.09983,108.24769,32.019524,143.05162,144.04315,157.52547,165.72314
106.9187,104.67644,31.380613,144.09549,144.94337,157.08037,163.39618
106.53645,104.54832,31.052015,147.26758,148.66057,154.96895,159.2793
106.0617,105.93628,33.350475,153.83705,151.2752,152.04083,160.33221
103.54215,106.22709,33.713787,148.37288,144.1232,153.0174,164.23445
103.730484,103.07713,31.545097,145.10841,145.48416,154.12274,157.57472
104.500885,106.34151,38.89641,155.41208,147.39395,151.64075,161.83499
100.22983,103.75223,33.659718,147.45587,142.29605,154.707,158.43442
103.07485,107.024574,33.921047,149.23175,144.1846,152.97789,157.4281
94.33425,98.565094,31.764278,143.21121,141.3431,152.556,158.004
104.1535,108.349556,35.464897,146.09943,140.39613,157.7101,163.32889
101.20509,106.75282,42.021824,155.28221,145.30124,156.71622,162.92975
97.3476,101.36003,38.84262,156.40222,146.8813,153.25468,155.00897
98.00864,101.53278,35.458862,154.40858,148.71712,154.61433,155.9807
102.452126,107.4532,41.271084,155.53273,146.6788,156.57568,160.89954
103.07272,106.39542,38.31688,155.85986,149.64664,157.41972,159.81627
103.59774,107.81463,38.16865,157.0263,149.63765,157.3046,160.20462
103.96548,109.36835,37.085335,154.71295,147.16417,158.58289,161.1781
97.1957,104.867744,34.3602,154.29008,150.07175,155.19829,158.38232
95.28588,101.12336,31.167316,149.75029,151.04602,152.82706,152.33255
93.57433,100.137054,32.200962,149.04617,150.29372,152.24149,155.11327
96.482315,102.141846,34.85788,136.93895,149.903,153.08965,152.78229
95.027855,98.428085,31.74781,146.20819,151.1662,152.05635,150.0881
99.34767,101.220215,31.612234,147.49692,150.06557,150.87407,148.43732
100.43928,102.31685,32.38348,149.68867,150.18512,152.06232,149.9451
103.70145,105.4877,32.814064,146.93419,147.10083,153.00397,151.57729
108.703835,106.070206,33.590984,151.27303,146.72803,154.55473,152.4831
105.23601,103.048355,31.9731,146.8587,147.1382,155.21106,155.15845
93.49229,91.78881,33.994675,152.41107,148.89137,153.0016,142.88612
108.22841,104.91644,32.54268,145.9181,146.67194,158.9585,158.1465
108.79698,102.347755,35.025764,148.28133,143.41397,163.80797,158.81836
98.25511,94.29299,31.833994,145.08351,148.44427,155.07065,150.81686
95.41985,92.895134,33.924675,147.11497,146.67836,154.61111,145.90433
99.19461,96.65872,35.368996,149.73509,145.24298,150.99965,146.9478
97.58983,93.28529,32.653812,149.63847,148.556,153.3626,143.18147
101.36523,97.6348,35.34779,154.09868,147.82066,153.90007,146.03474
100.68718,97.76665,34.74276,151.96815,147.29903,156.04117,153.53806
96.59601,96.11415,31.209906,149.6502,151.6993,155.66663,150.99515
98.648605,98.443436,32.671192,145.67303,148.83266,156.64598,152.01369
97.77564,98.189644,33.127502,152.63965,149.55267,152.89108,153.92322
96.17984,96.34894,31.477274,150.0259,151.64326,153.7598,153.07103
97.58812,97.990364,31.936884,143.5722,150.37732,155.507,153.38945
96.23983,99.004425,32.255524,145.27254,148.36594,152.66046,153.96095
98.3741,98.82815,32.888138,154.97835,152.97713,151.58559,153.0768
102.5941,102.47544,32.018173,147.0407,150.90555,154.85696,154.99904
98.01669,96.00204,32.64526,151.94923,150.00468,152.33685,152.0069
104.3937,105.21462,32.47816,144.03197,147.71483,154.69255,156.04416
95.1554,96.86285,32.287285,148.10956,149.36378,152.05424,150.84904
105.353165,108.06563,35.218006,151.94484,146.59404,154.86653,158.20294
95.16897,98.154144,32.876846,150.14171,149.1359,150.39392,150.51642
94.17429,94.18339,39.27172,156.26672,147.46452,150.40773,147.5023
86.03582,86.57816,34.0932,148.05132,143.36003,146.487,142.8719
89.66854,89.90114,34.24871,151.25198,146.34477,147.30501,144.50923
90.38666,89.335014,34.425823,151.99933,146.82536,145.2709,143.3716
95.00387,94.00261,34.00892,150.15613,147.29305,148.3658,148.78966
93.1913,92.604095,32.87657,150.09734,146.91933,149.41183,147.18199
101.35101,100.52573,37.928013,156.4586,148.46986,152.97597,148.14977
97.04477,95.23466,36.03716,156.26057,149.4505,147.48172,144.90172
100.440056,101.608925,33.2479,150.47064,148.0288,150.54959,151.93286
104.33567,103.24288,38.353035,156.60469,148.81015,151.58563,150.19716
104.33909,104.45416,38.34741,153.49095,148.3876,154.03017,152.09087
107.63375,105.06122,37.996506,152.33821,148.20587,152.79832,151.56268
103.78574,101.58948,40.264538,146.09903,137.55032,152.44841,151.21274
106.93974,104.12241,44.82487,149.34818,139.25523,152.04935,149.95142
110.371544,108.759026,44.72236,137.4949,128.86406,155.36821,153.86035
108.631935,106.1184,42.494728,124.45492,128.01605,156.44832,157.15793
104.28352,98.743996,45.51406,111.19191,111.683334,154.48407,151.40427
105.770805,105.58686,45.74129,97.43628,103.25952,154.80104,157.61339
102.750565,102.04066,46.99057,87.25266,102.22407,155.34682,157.05342
97.94552,97.39039,45.26099,87.8341,82.7722,151.10837,158.08632
94.68461,98.2861,42.609573,76.42245,76.59591,155.93736,161.82542
86.435486,92.273056,34.43478,59.483963,59.372475,154.40405,160.11229
89.075005,100.51997,33.618584,57.596783,58.044228,154.07886,159.78737
96.954544,102.82039,30.788002,51.139137,50.495445,155.10036,159.44978
93.26853,98.81702,30.213324,46.887245,46.100166,149.3458,154.6954
93.42338,97.26813,30.42817,44.586533,43.7436,145.80702,150.72295
98.97819,107.707535,29.762852,41.340824,41.25832,153.87723,157.35316
105.123764,109.63677,27.947376,38.5995,38.48537,153.99713,157.19972
107.09893,109.86096,26.877962,36.48949,36.466038,151.9852,154.11165
104.74089,108.077736,28.604565,38.08138,37.678833,146.71338,151.6843
101.39641,103.485275,28.165495,34.10264,34.6393,146.92697,151.90561
102.84522,102.78764,29.96942,34.84702,35.416477,145.36855,148.07698
113.062164,115.68288,29.027168,34.67982,32.534283,141.39493,146.28896
109.479866,112.08405,28.869473,34.190205,33.13995,140.7699,146.03783
108.07427,111.05747,29.89086,33.492825,31.623432,140.5956,147.34346
89.81496,93.410126,32.20759,37.27599,34.358837,128.19896,120.17727
94.25723,91.874954,34.427597,37.619625,34.058556,117.89857,109.88522
99.689545,96.91162,31.9636,34.30953,31.700361,121.73142,115.58511
91.40495,88.62157,35.83953,36.338554,30.930538,116.27709,106.89537
99.73885,94.42696,35.41315,33.72288,28.390434,123.85762,115.779434
83.86133,76.89219,38.330376,36.07259,30.069357,113.36691,108.33286
66.776855,63.660473,38.312344,34.890053,30.33531,104.72117,97.10247
68.98648,62.8654,42.23581,36.11766,29.853666,100.66842,89.865944
72.94169,67.44504,42.803104,35.189373,29.111753,102.5481,86.826775
61.080383,54.984726,44.498817,37.080353,30.795347,87.26774,77.39001
75.26736,69.54605,42.629406,34.25173,29.021881,110.998886,90.915344
61.785374,51.730858,48.03153,36.70162,30.573763,84.786194,68.50476
83.254234,71.36364,48.971973,35.47326,27.207756,111.04342,92.923225
79.618,74.46963,40.87368,32.43556,28.168236,114.07447,105.40999
85.00432,78.68381,42.281273,31.383345,25.370766,117.72087,108.81089
95.83524,89.80084,40.562492,30.948597,26.041895,121.07261,114.60901
76.83699,68.30054,38.215717,30.771158,27.557981,112.32593,105.09313
74.494675,69.547874,35.722733,28.582188,27.298296,112.4772,109.31988
86.27651,79.97441,38.35709,31.410604,27.11213,118.356026,109.719864
83.468475,79.25948,35.92918,30.731913,29.287487,116.017426,112.3096
81.03533,77.58085,36.99816,33.39175,30.515203,122.09603,113.487404
65.181984,68.60386,33.854225,32.6294,30.947842,110.93195,110.58273
82.32937,80.16579,33.32719,35.177593,31.479576,124.628105,123.19571
79.534546,80.33901,33.57437,37.169056,32.810593,123.19685,117.37002
67.49513,68.007095,32.09227,39.182884,34.302883,118.673645,118.06315
74.52237,74.74671,29.589474,37.242912,34.04112,127.07734,125.68842
71.18333,68.156555,29.802063,38.793205,33.316914,112.806404,107.01545
89.88519,94.0764,28.09793,36.230907,32.88361,123.19969,133.01993
104.827705,109.959335,24.274755,38.14951,34.353874,130.83432,138.84941
106.818344,112.14679,22.854252,40.307392,37.289356,137.93289,140.26161
120.73973,122.18418,21.352942,38.348145,35.85698,142.40985,138.43411
117.669304,120.957535,22.846882,35.253677,33.2089,138.67206,140.30423
122.33627,123.271164,22.756884,32.67235,32.68609,138.767,136.57
123.628975,124.49,22.16329,32.31906,32.486122,137.0931,138.00497
119.135445,120.29749,23.52781,35.53028,35.117382,136.05748,142.41774
122.4075,120.97751,22.616764,34.41648,34.684326,138.39247,137.61989
123.11085,122.88146,21.52215,34.858875,35.74152,139.34665,140.0695
121.31461,120.03116,21.14348,36.047688,34.22969,138.62503,137.83826
115.7095,113.55467,22.481684,37.427986,36.908504,136.61137,135.20741
116.185036,113.29575,22.480316,37.990925,38.251827,136.41493,137.88893
116.518555,111.38676,23.38471,38.93434,37.391685,135.37996,136.84328
124.277664,127.30005,21.401764,36.507504,36.545204,139.96461,148.30766
119.84264,120.17807,22.404367,37.679924,38.902447,136.25958,143.25768
117.33144,118.90115,23.128046,40.12845,39.86086,136.47128,145.55482
119.1665,121.426765,23.623466,39.84601,39.26091,136.39876,146.1068
114.78449,116.59862,24.89383,41.37885,41.24736,133.47116,145.17986
119.188095,122.490814,24.327026,39.67876,40.152805,136.1658,147.84279
119.36774,123.41782,23.95242,40.815422,41.284576,139.24217,147.26294
112.73848,116.84472,24.892416,42.472805,44.688774,139.40782,147.81006
115.03856,117.29991,23.281242,41.620075,43.157425,141.41457,145.59695
111.70458,114.45137,24.317774,43.12291,43.40353,139.20267,145.09834
111.547325,111.59026,25.357811,42.79908,41.258736,139.1851,145.63724
105.958084,107.44045,25.064564,45.05345,45.244022,140.47362,144.76204
102.891205,104.71862,24.755074,42.748432,43.11673,140.8793,146.40677
100.64727,101.69082,24.727558,43.62413,45.298748,142.1071,147.46463
109.53298,111.99596,23.349157,42.946815,43.10807,145.12651,148.80418
110.16123,113.93313,23.587374,43.07188,44.56603,147.08888,149.70796
101.60361,108.65589,26.27785,48.347515,48.991863,145.6014,151.65727
101.17288,110.43357,27.347319,50.49403,52.990505,145.74889,150.52731
93.50104,104.75529,26.989044,56.84048,58.2292,146.28233,152.31018
79.686386,86.23072,33.2778,68.55101,71.16226,140.82845,143.38293
85.27831,92.81815,41.80981,81.9594,96.50422,148.14221,159.40292
81.50604,82.41867,43.610756,108.12689,114.90319,144.13168,155.31987
91.91094,94.920296,51.01096,127.81398,120.18971,147.30734,149.71262
96.559135,96.52979,41.23875,124.22735,133.91841,144.79326,145.65398
92.36145,96.16684,39.06653,135.3702,139.19415,146.03755,146.10747
93.25238,98.217636,35.28223,137.59468,144.00131,150.84508,150.44086
94.53317,94.80629,37.57368,145.95401,143.9486,152.19441,151.28645
97.41028,95.661415,38.47486,148.19756,143.8395,151.59087,151.78653
99.51418,103.20985,45.23743,150.11934,143.4108,152.05,152.16551
97.33198,101.28927,42.17472,152.33916,147.06737,150.67245,149.89304
96.48616,102.99438,35.473038,150.34055,146.0819,148.74495,148.5782
98.76067,100.35332,39.41371,154.21602,147.72751,149.02797,146.99123
98.765015,98.382355,36.349377,153.0352,146.35898,147.27362,144.41823
93.211205,94.4972,35.867638,152.86427,146.56062,142.00964,143.74231
98.9724,96.59214,35.523705,155.62695,149.9714,146.84839,143.31673
98.68812,94.34258,39.193886,152.43922,141.90991,149.36497,144.60312
98.23715,92.27716,37.583336,155.70743,148.47527,147.24364,141.77205
97.79689,92.26067,34.806313,154.3886,146.15271,147.17159,139.92259
100.70939,98.26234,37.536766,156.33781,148.56145,148.54086,144.1255
95.67213,97.39907,32.862785,150.42441,145.74564,147.54182,144.33217
96.985054,96.457794,32.55084,151.34108,150.59949,145.2983,142.45337
90.73902,87.33467,39.216557,156.05669,148.70047,139.04381,133.20485
71.57383,75.299515,69.476326,61.871456,48.334606,135.24283,138.65703
88.67431,92.17164,69.89722,64.25219,42.941147,138.24304,138.53706
88.67431,92.17164,69.89722,64.25219,42.941147,138.24304,138.53706
92.13864,95.13627,68.97966,63.741096,41.42633,138.78352,138.58536
88.78587,88.79904,73.54091,69.59668,46.346684,134.32591,133.81714
89.27891,89.476425,73.56601,69.58926,46.343864,134.5531,134.11548
95.80893,93.88113,82.06792,80.144394,42.828712,137.22546,133.19438
69.535225,79.95731,79.88614,78.4298,49.147015,120.81369,135.03568
86.6645,88.573494,89.676414,88.86865,45.020706,131.76894,133.75548
83.919815,91.11108,98.67231,96.709946,43.229362,127.957535,137.71541
79.96678,81.47782,88.45617,87.209755,49.30075,134.08865,136.5033
84.000725,78.21706,94.85701,100.052475,46.608677,139.55666,136.82564
86.90434,80.06172,105.20388,112.79268,48.91197,139.54669,142.28299
86.385506,79.87704,104.94558,112.48485,49.287853,139.31714,142.57661
86.37418,83.776695,120.10294,127.89765,59.947186,135.03265,146.95369
90.07137,82.687645,121.635086,132.23235,59.04446,138.093,138.94334
85.913826,83.736465,102.74171,114.70536,57.406937,139.73834,142.82649
91.471275,80.2899,125.88349,139.30063,64.53804,139.0965,141.16138
90.920616,76.18486,122.61776,136.39137,64.235176,139.99762,137.43094
90.5429,87.95937,111.42469,129.02562,65.78544,139.56718,146.8456
88.80069,81.16985,122.7419,138.39247,69.38641,140.3406,143.99759
89.16475,81.33028,123.310875,139.17632,69.85254,140.5669,143.70308
89.26912,73.12666,121.56805,139.82756,73.68696,142.08185,134.48444
95.89542,82.07599,125.481636,144.23445,69.81064,142.36829,137.17438
95.765274,83.253716,126.16677,144.95738,71.29926,142.00352,137.96654
96.19456,80.40364,124.829254,143.34506,67.52116,143.20004,135.53925
93.113,78.795006,121.85458,140.152,68.39676,143.03899,136.85538
92.16145,73.59757,122.86761,141.39389,68.84135,144.42192,132.76129
89.09603,77.136765,115.777954,137.33644,77.718124,141.44884,134.30785
88.86832,77.249596,114.51915,136.32208,77.71891,141.43274,134.5878
91.69492,75.204124,118.60567,139.50627,76.09632,143.30281,130.51263
89.12528,74.80961,114.17477,136.70866,79.62662,142.0526,131.83434
89.12528,74.80961,114.17477,136.70866,79.62662,142.0526,131.83434
92.294754,76.489655,120.86139,140.43501,76.319954,142.55173,134.22292
91.913376,76.590965,120.2734,139.97026,74.69803,142.10924,134.2981
86.81309,71.54973,118.36683,138.04591,79.80518,143.42732,133.87398
88.64053,78.174225,122.74346,140.78764,74.88751,144.04387,142.38867
89.528175,79.16041,123.39333,141.90756,74.54589,144.20235,142.43204
90.62325,78.66495,125.524155,144.13452,67.92088,144.0908,140.05742
89.498985,84.13249,129.74117,144.87527,67.694496,141.70047,143.51826
89.60689,84.275055,129.51285,144.67448,67.59565,141.6131,143.4946
86.35877,85.84249,123.83854,141.12271,71.99254,136.8623,144.88264
86.93197,80.91025,124.36114,141.28665,65.36823,140.16222,141.03381
88.28191,87.22608,114.75408,134.65414,68.31798,139.39363,142.3186
80.429504,85.97271,97.261284,129.18317,73.81408,135.55576,142.37877
82.47981,86.09523,99.13238,130.5487,74.04014,137.22258,142.40146
77.74484,85.1032,103.81785,132.05176,69.16947,131.37369,143.48105
76.55692,89.9225,78.34584,118.34792,71.67369,132.71748,144.19882
76.21986,90.11679,79.032974,118.849236,71.74265,132.1759,144.29878
69.625534,82.85204,54.756184,124.114746,90.57782,126.92881,139.67384
69.180664,83.49189,54.97648,115.71588,80.77601,127.633606,139.97737
67.373436,83.160034,28.694576,109.29873,98.338455,129.02127,139.58723
67.95951,81.09067,23.400787,114.12433,108.42542,132.0882,136.78404
67.95951,81.09067,23.400787,114.12433,108.42542,132.0882,136.78404
69.17278,82.42797,23.36735,113.442024,103.93098,131.4873,137.25188
73.97121,84.6028,24.420877,113.453575,115.90904,132.26097,136.1612
73.84982,84.60072,24.322899,113.43596,115.60452,132.19846,136.2133
73.16435,80.926186,52.93637,110.66671,149.17044,135.1499,137.40475
76.554886,82.72804,40.1789,113.840096,141.58768,134.50005,136.35583
75.55568,84.04408,60.666496,93.093666,141.74336,134.85005,138.28127
72.12464,85.55833,59.510983,97.21681,139.55458,127.624565,136.0962
71.230995,85.34977,57.249527,98.18156,138.60896,127.32596,136.4796
77.70073,85.07076,60.994106,99.72555,141.59927,134.6338,136.2075
78.38555,86.36133,74.84409,108.26253,157.62067,133.47763,136.53946
77.79266,86.382515,69.89039,115.92247,160.33757,133.25876,136.71104
76.191505,88.54189,91.85835,119.14759,167.28241,131.8987,140.31035
76.381615,88.294044,95.19369,114.84905,166.82442,132.81378,140.46431
71.14728,74.27219,95.91696,137.57333,162.21788,137.4966,133.42145
68.706825,71.29434,108.181595,138.56673,159.24649,138.98111,132.34311
70.49983,73.50102,105.32823,137.47075,161.05318,137.58946,132.04755
76.40539,74.70593,104.59915,119.30298,156.28,138.67351,129.656
74.23142,81.5319,105.25235,119.01536,158.33755,136.28795,136.44864
70.29901,83.57043,95.88915,118.582825,153.06773,132.461,139.20827
73.5085,85.40763,105.16837,111.1142,154.29613,134.68475,139.49707
74.75132,86.485214,104.24945,106.46531,152.91847,134.32738,138.63582
73.429115,86.43298,103.46411,117.72013,157.46838,133.85367,138.60089
74.371475,86.546936,110.03921,115.87758,158.76743,136.2452,140.63179
74.71283,86.72974,110.1104,113.195946,157.61278,136.55936,141.0298
76.87014,84.54774,107.56472,102.45125,153.47156,137.09154,136.33119
80.73634,89.55969,111.46092,100.3925,152.90808,138.78078,139.59038
81.07121,89.93534,112.380486,102.060905,155.37111,138.91771,139.78224
79.39247,87.54837,119.61165,91.69619,154.63393,137.62544,139.5087
79.22282,87.778824,119.527565,92.157196,154.75517,137.60942,139.80789
79.06233,76.61401,116.989494,86.27449,149.03653,139.42426,129.19507
82.41889,87.57449,119.8123,88.52407,153.11923,140.32028,137.99655
80.772354,89.25648,115.94792,93.2043,153.67793,137.64577,138.82315
76.32074,86.15347,116.24812,89.34642,149.2503,136.7423,137.95071
73.47022,82.07044,113.40883,89.66598,144.7717,135.41699,135.81073
72.654816,81.852104,113.639565,89.37974,145.0737,134.65453,135.26707
71.47221,79.44079,111.237366,82.822655,139.46774,135.30511,134.80118
70.28777,79.791916,110.28587,79.4471,137.801,132.80154,134.31224
70.05366,77.147964,103.87168,72.67788,128.57368,132.99759,132.2695
65.5891,85.729774,90.00353,69.94683,114.123566,122.076485,137.84172
62.952312,86.50131,90.26091,71.614365,115.16365,118.61057,139.0118
69.19888,89.23386,97.29171,72.806984,120.98494,121.19691,137.05392
59.777245,90.16262,91.08148,70.448784,113.790535,110.836586,142.5979
60.49882,88.097336,84.52953,68.10865,106.082214,114.45745,141.83374
63.41807,86.317764,79.78928,64.18296,97.25753,117.2583,137.05038
59.595856,85.27469,77.565346,63.540672,91.75263,113.94057,135.65202
58.115673,77.702576,77.44723,62.383118,83.35109,121.53474,129.90804
41.485607,79.56914,76.755775,55.35067,83.07904,95.426506,135.1063
39.15856,79.373856,76.96519,55.38598,83.11665,91.712616,134.929
44.7509,87.48328,82.73654,51.301792,84.27855,89.93829,136.1293
67.90069,89.10807,80.72336,48.774242,80.56476,120.21329,136.6882
67.15729,88.481186,81.01763,49.433052,81.06129,120.23061,136.54056
41.3364,84.77749,81.88,47.252518,82.313446,88.10193,134.97539
28.251644,85.346725,81.401825,48.208973,78.828636,69.22962,139.82155
45.635235,85.93538,83.81091,50.016357,77.86004,99.080956,138.712
35.036816,82.283554,79.00783,48.451145,72.51191,84.56956,136.60136
34.93401,82.0903,78.51928,48.031822,72.08601,85.23962,136.85904
31.424067,83.881195,80.52108,47.225082,75.25219,79.83499,139.88885
62.090836,83.390564,79.75595,46.43181,73.9273,115.95065,133.32951
62.090836,83.390564,79.75595,46.43181,73.9273,115.95065,133.32951
65.56825,82.37712,82.2513,49.2775,73.61443,120.171036,130.78929
64.242874,84.14884,88.29706,48.612408,78.914635,118.82515,132.60782
62.076252,81.32029,84.15557,50.64881,71.83083,119.42954,131.345
63.291042,83.89742,86.57123,48.3242,73.56404,117.6647,130.84978
66.83961,86.1385,85.11493,46.771477,72.39302,122.21929,133.86609
81.21012,88.534195,85.67228,48.74112,74.87583,127.51321,131.63141
76.96699,83.81228,83.92367,49.25849,75.303925,125.19956,127.058426
77.09643,83.8996,83.82395,49.24218,75.171036,125.28607,127.125656
81.85703,86.50165,83.4898,48.203705,74.78176,130.02441,128.39565
79.835785,84.21008,82.58792,49.938244,73.35382,130.44177,130.64981
79.38518,82.50974,81.52543,50.923542,71.76046,129.995,127.86757
75.59438,82.20394,79.842964,45.51403,71.112686,126.51299,125.339836
76.04015,81.95261,80.122475,45.647,71.331375,126.505646,124.77553
72.11861,75.9164,81.76118,49.13962,71.03847,124.8051,119.30157
73.83441,85.1355,79.93392,46.72754,68.75627,126.977516,129.56573
74.78645,86.137825,79.556946,46.566517,68.52827,127.46799,130.20618
68.95262,78.48183,79.498535,46.853184,71.164246,123.45203,122.56338
69.523705,78.63579,81.20714,46.525097,72.41453,123.06783,121.47933
77.903496,91.93826,84.51066,46.808506,81.228775,124.60962,131.0775
74.67519,90.71174,80.05034,54.339787,82.24058,119.99598,133.11795
77.88825,90.49295,77.40071,52.149,79.792404,127.27808,134.64311
79.51058,91.21849,78.44756,63.13425,88.16586,128.52213,130.79637
76.96001,92.57378,94.688324,69.90134,110.6904,129.51466,132.31439
75.28379,92.88059,94.54628,70.14243,110.75286,127.7564,133.38689
77.542046,92.9125,95.77793,69.58611,119.24063,133.72401,142.81538
78.066765,92.75496,96.72603,70.65096,120.79048,134.37166,142.17836
84.78889,91.801384,89.03003,78.21642,124.50944,139.16449,141.12025
81.078865,89.60018,90.67225,96.41347,137.33974,137.45036,139.54865
78.79466,89.48349,87.45013,96.53061,136.39156,136.3942,140.53676
68.60288,89.424644,79.636,112.53969,139.82329,124.90638,140.35591
66.11695,88.9989,88.08208,117.46919,147.97577,122.91209,141.90688
66.56964,89.310486,88.05185,121.128044,148.9752,123.10392,141.873
66.73213,90.39578,91.91365,118.569786,151.58456,121.37988,141.99083
67.29057,90.8387,91.53167,117.865974,151.82504,122.00728,142.26628
57.046314,88.5167,89.28362,125.66001,150.90344,108.26556,139.23956
71.648796,86.91046,89.16423,113.52315,147.27206,131.97821,141.58867
70.900055,86.79931,88.18927,113.653145,146.96492,131.16284,141.48592
71.27581,87.73488,91.1349,110.14663,145.75156,130.66733,141.40984
73.67398,89.08882,90.8796,108.16047,143.78726,133.78786,142.52432
70.47858,87.81181,90.52928,112.07221,144.92754,129.99548,141.73178
88.17786,89.60702,97.94729,162.59549,117.00519,155.31595,135.96425
99.27637,83.78623,93.72484,160.31166,105.072136,154.5045,48.427673
92.935814,84.718666,105.09455,165.38931,113.34184,147.97542,43.72252
100.21658,91.8742,102.42341,166.37798,111.422745,156.95601,121.80598
86.260124,83.25568,100.49553,166.80663,105.69838,157.7558,79.08417
86.38254,120.29706,83.6808,154.92636,165.90149,153.43362,61.070152
97.199776,80.12191,94.855515,151.92204,123.01494,150.9272,61.09571
65.61956,122.0599,84.63469,162.33434,162.97244,158.15921,63.14351
81.37377,34.484592,62.714355,161.4873,172.01389,159.461,94.82593
85.52012,76.00136,69.08451,168.88336,168.57928,165.83484,14.938072
90.633934,78.98489,63.551567,151.85323,147.21344,167.55347,127.36646
78.05125,114.410934,67.52084,157.90111,169.86163,165.27193,56.954636
68.19256,97.19826,68.63594,160.18604,162.48741,152.41757,115.67776
82.22432,99.68846,103.405975,166.52667,79.93458,159.43721,60.9727
75.286995,53.786995,52.364048,154.23447,169.49257,164.61166,113.93687
84.318,60.424015,108.68932,151.4251,77.48346,156.32951,58.02603
71.08412,54.77898,116.05633,133.19699,67.94465,135.58878,18.340311
74.47723,50.030125,98.12782,131.97987,72.87078,143.70471,21.201443
82.73258,53.92792,117.33972,156.28995,65.434326,149.257,93.1039
83.31999,70.56855,120.01614,154.52165,67.65026,150.0794,34.670467
83.4537,63.911526,131.42728,125.56331,66.35026,158.93343,138.4273
85.605,50.672405,132.90408,134.64145,48.207134,151.97604,112.68995
76.87683,52.73452,122.08793,138.49252,59.785263,148.9256,49.522903
67.63249,32.045128,126.70615,122.711525,65.57804,137.75562,100.3896
75.94536,58.6255,135.6399,103.50936,63.87124,149.01126,126.171074
75.10046,58.549347,133.4483,120.41248,54.400425,141.88568,115.23087
73.358345,39.685387,129.45616,128.26405,51.038967,139.30829,98.934044
73.25244,48.080143,131.70291,125.47101,52.64181,145.66713,111.210915
77.15383,59.92916,134.35088,119.51731,55.699398,154.91605,121.774315
70.23993,54.00206,124.538795,136.5846,48.69564,141.5001,105.728836
66.18542,57.042175,125.08278,136.4101,52.283226,147.72464,126.47691
63.385086,48.377865,134.11974,123.591095,50.5457,144.38336,114.926025
74.42469,59.57736,137.603,109.02033,47.40689,149.32849,110.83781
71.69937,46.91876,145.0199,114.473946,55.41827,145.54738,105.84937
67.48161,40.875862,136.30443,118.40244,46.16987,140.30952,102.43928
85.85663,63.735012,150.09122,107.78602,59.41775,165.36772,74.622154
73.07227,68.973045,142.13658,110.92949,44.794453,161.81253,105.841354
90.79807,58.645123,151.84315,93.815735,85.03451,147.67557,92.466225
79.65739,48.05811,150.16202,103.0898,50.657524,143.39691,114.34603
75.2698,49.314274,152.13159,105.86484,59.59225,142.87234,96.407455
89.00326,60.290527,147.33902,91.115105,43.752007,145.96234,108.76737
76.84853,72.20734,156.35915,98.36337,62.463833,143.84036,45.575977
90.68021,84.074715,157.30556,94.80227,63.062954,156.24303,52.21145
91.737274,79.75344,154.86456,98.40611,49.98859,154.44345,109.39726
89.90168,83.21952,155.02039,95.27515,47.76021,151.40312,95.06586
82.373085,112.579506,156.97081,92.27185,57.39114,159.14429,77.58761
75.84103,94.72626,156.90341,92.683105,62.028088,145.03761,120.09368
82.43963,45.188656,151.74907,100.10877,60.312153,147.87982,91.05126
94.47363,101.32349,145.97139,84.33834,46.75659,164.09322,132.0346
80.280914,64.52511,142.4476,104.54428,46.501366,154.97691,75.61061
71.19797,61.051964,140.19748,114.07058,46.692722,149.33086,114.015785
73.934555,59.236725,130.35779,104.038025,47.551968,156.6099,120.82364
75.0499,54.269714,132.08101,112.24938,50.16411,146.55261,120.99447
78.858086,104.24669,131.5859,86.13628,46.92831,161.52356,133.84451
76.25716,98.862526,126.2064,105.460175,52.18965,160.9827,146.40868
69.30283,83.53505,105.48996,159.67184,74.51181,160.82355,142.30487
73.0449,93.7766,106.336494,148.06448,66.01599,166.98828,133.33144
81.32505,60.683777,114.879265,135.7956,83.27916,158.26909,110.30774
79.56977,67.32587,94.39231,165.56804,94.25905,150.54613,128.19354
86.78142,61.93493,95.151794,150.84152,49.41558,149.8099,106.3529
84.619064,77.186676,112.50468,139.99902,85.90269,152.2442,118.577995
81.9649,80.993996,119.39707,139.97795,79.36059,146.06729,135.8832
68.9577,43.57671,94.018524,130.38678,69.52461,135.8098,103.83987
82.79888,78.11503,113.78168,142.76852,86.28124,149.68253,59.773277
78.92515,58.912426,109.60914,158.71144,108.74738,148.42818,58.791027
81.13253,83.31907,107.54949,154.57681,90.49706,152.43523,35.61007
83.300514,106.45785,99.31224,160.12143,118.51819,144.5986,146.85985
87.34247,97.63412,83.044556,168.75482,157.4755,158.91537,144.21532
74.05182,89.64583,109.43283,164.10825,113.5055,156.21498,96.35842
68.92218,129.20073,117.08108,166.66844,96.7434,159.2784,56.283978
89.414116,115.33402,112.79196,160.10924,112.89784,169.14497,134.1042
78.27614,95.71349,94.16341,160.63269,109.168015,154.38522,148.02446
75.627144,129.08752,82.62926,170.87794,105.151924,170.66245,104.76399
86.909645,117.747826,95.080215,161.33151,117.45433,168.43875,75.368484
102.21811,95.270645,106.67306,154.451,125.16627,157.70001,154.45026
79.14848,111.653755,77.41006,147.04187,112.999275,161.6492,85.49815
78.28229,59.977425,104.21278,164.07835,114.4865,151.97488,36.003925
102.65347,81.89293,94.09488,153.70284,115.31102,147.89766,82.013306
97.62068,91.88163,92.46545,153.5308,125.426346,149.91656,53.88769
105.95587,81.41595,93.91769,156.59424,123.375885,150.62791,47.262455
105.94205,56.270805,100.140564,160.93732,125.533585,139.56514,29.025728
102.055725,79.30974,92.723656,154.56183,130.52287,145.54558,43.49615
101.30973,51.63431,98.30124,157.57231,127.54927,137.63603,18.964136
90.4133,76.57311,80.706665,149.95128,121.11228,140.86018,46.521126
90.11711,90.35657,88.434265,157.50401,122.78025,155.89,27.793407
91.18457,80.54116,90.66311,160.1956,116.65995,158.06773,22.397593
90.26529,78.934395,96.16863,163.14886,113.10758,151.27943,34.287987
98.88118,85.91979,93.38387,156.91705,126.413284,153.55234,51.57059
103.759926,84.19419,87.92475,150.83655,128.78482,147.52725,148.60706
95.3376,75.46864,98.353165,159.68198,128.30865,146.35625,74.19122
83.77109,88.88694,96.673546,161.07448,116.58761,151.23221,92.13886
87.67338,78.28252,97.434166,159.39508,126.52981,148.9483,88.93498
98.82706,85.213486,95.59665,156.0336,129.54535,149.33842,91.84227
95.55672,90.011246,91.100365,152.40976,130.79816,147.58577,109.337166
88.27931,91.21337,88.70852,150.73643,124.435715,147.3335,95.75781
98.16961,95.604996,92.25954,152.45354,121.94794,156.99745,120.61897
93.18733,103.29983,86.28814,144.09286,123.027916,157.06238,124.95418
90.66542,100.5614,102.562325,160.53801,125.39963,158.6863,97.75815
88.78329,102.26069,91.19928,153.53018,119.1173,156.16248,143.52065
93.039925,110.61378,88.75461,147.15268,125.08797,161.98618,60.122246
86.9675,104.33954,100.04147,156.3607,113.186325,160.42014,144.11398
82.166306,100.7895,106.10336,164.85031,95.75205,162.3108,122.68676
84.86495,106.54789,120.42921,151.6865,84.124855,159.92668,131.92046
75.948746,65.01276,100.9371,143.97008,91.18233,152.06065,123.13485
74.45091,70.381294,100.9477,148.71469,58.608154,144.50522,133.19524
77.190384,77.96931,110.73929,149.5134,79.34397,150.48553,143.50723
81.370514,91.02298,120.56685,142.08455,85.47489,150.73904,37.584957
72.46877,47.31151,125.96023,131.42966,64.33297,132.51503,32.62006
64.20797,65.42653,124.11846,138.5746,69.95494,125.47806,22.027996
72.03583,52.988422,133.55443,121.39472,71.486855,134.25087,40.719067
69.294365,35.061913,123.345764,155.93146,69.918846,128.75223,103.55002
77.79493,88.946075,126.73626,115.49342,48.29948,139.65071,150.30472
84.43516,77.093094,130.38669,117.461395,51.3958,148.23444,135.65007
66.809074,60.254593,127.735886,128.37088,46.928074,134.12979,120.97302
74.72314,86.073044,131.91,121.49067,45.525703,154.79337,38.202946
68.23993,79.58516,137.53871,116.45465,47.009037,156.4981,45.72086
70.236404,35.50994,136.8563,114.58198,44.39783,149.27142,87.0113
76.50402,73.73439,153.58717,105.471214,64.98214,143.22432,59.61184
71.85079,78.00438,151.64893,105.95689,62.815628,145.55907,31.885555
74.62473,77.91514,147.35234,94.557274,39.672817,147.719,125.85986
90.15993,82.461525,140.98253,94.48285,42.588165,149.01062,147.81924
94.61743,104.5605,145.72594,81.32625,40.5227,161.36821,128.89307
84.487465,94.187836,137.88817,96.33568,46.84332,161.57373,142.93839
90.578766,91.93776,146.47571,94.15024,39.83928,147.11731,128.62492
83.97754,84.68203,149.46046,77.2481,47.500687,152.71721,125.06301
96.15946,92.13257,147.14415,91.36937,37.966904,150.27951,122.36323
99.47103,106.670456,150.79832,77.82555,38.31476,149.57936,115.30226
95.85084,75.11089,153.17352,93.528534,53.191296,159.94492,135.89221
104.54506,93.26385,147.78833,91.60047,35.781883,127.24471,109.74009
89.42985,97.684364,144.27661,95.97053,46.789566,154.54865,130.08482
90.026695,93.2529,146.38347,91.37381,34.573116,149.64606,122.143
83.22824,85.20954,145.73953,89.30891,40.158943,159.58328,131.11745
98.241196,102.563385,142.26968,96.79645,44.428074,154.19197,125.78686
89.0979,65.61302,143.05432,106.49809,42.84487,153.65059,92.88616
95.854324,100.48017,141.44829,99.15362,37.509922,159.47032,120.67068
82.4102,86.13223,131.5286,99.7207,40.38712,163.26434,107.54355
81.080635,100.5375,122.436,132.26442,42.41896,172.26814,129.29794
79.24256,109.08059,131.58719,116.84229,46.3336,157.38876,137.41501
80.036766,96.7724,134.47012,113.016266,48.52058,152.30252,151.01709
71.81333,72.992615,122.91623,130.18617,54.368725,144.32516,140.30661
75.30403,84.24061,128.35713,119.94884,41.127926,153.57474,115.80173
72.55522,96.37264,111.219826,141.46443,50.734913,146.34433,35.06602
73.8919,76.74816,124.13579,135.73792,77.97231,141.72778,123.38779
74.04409,98.12118,127.84458,130.5983,83.05948,143.95348,149.5769
72.5609,76.39955,117.74228,131.79324,100.09785,138.69493,68.39825
76.06337,71.374596,104.17481,142.63138,75.61171,131.2547,29.805004
90.38529,105.9964,104.182686,140.77602,70.27551,156.15144,152.87445
77.774254,87.3048,87.90951,171.14331,103.95537,146.99763,108.46778
94.067795,96.559135,59.6335,137.59174,148.63388,157.21576,49.001686
85.47805,103.606316,78.85842,170.4339,117.65418,148.18257,47.976395
77.59614,99.34594,98.97894,166.02155,100.96895,143.17024,42.721123
70.33042,93.43048,101.274086,148.5786,111.2055,151.1459,125.906906
80.526505,116.94696,93.31418,159.1469,98.802986,154.89919,143.19153
71.56962,106.12733,94.692635,161.45789,72.8451,149.41592,157.94397
74.11824,119.33468,94.788025,161.3015,90.936295,148.50018,143.31538
66.03123,109.261856,92.947014,159.69968,88.08436,146.37079,153.75061
72.36392,118.038765,103.61963,163.19756,93.979164,150.91042,136.8699
105.77852,124.46866,105.372086,163.99892,93.271545,151.28458,97.67852
71.602135,134.70454,99.94614,163.07182,87.208176,157.01349,131.31425
79.798706,112.81961,94.64276,162.05878,115.18779,157.3688,80.77273
100.03203,90.74309,90.94973,158.29482,128.23625,156.58084,59.367374
103.5912,84.684555,91.329544,156.97304,128.6583,149.88979,78.817726
102.83316,117.337585,94.47795,159.8217,120.94499,151.53572,64.96121
106.310425,89.645454,87.32769,153.48268,122.796005,156.14146,137.452
99.91504,112.02489,94.47127,158.59831,123.11272,159.10176,68.68801
109.424515,94.22786,87.81191,155.2675,124.25477,168.85321,50.037434
93.16137,80.03206,83.599144,153.1392,122.12847,157.1984,50.959614
94.94678,88.02862,86.12893,153.00285,121.605415,151.75575,140.57349
110.43746,99.899315,95.339714,153.7162,116.198616,161.96239,60.183575
96.04341,96.92848,92.3592,160.7829,123.22882,146.05847,99.71584
109.557,97.28749,87.470634,154.02806,116.70429,166.72923,48.90232
90.50898,75.219444,87.82165,149.1752,120.672386,156.60033,160.54395
36.87192,35.533634,106.59802,151.3323,160.19109,116.12231,113.603806
43.060356,35.895065,114.39952,169.478,158.91693,119.6866,113.46121
44.20856,35.80913,116.74201,150.29414,157.83994,120.92017,113.9802
36.872475,38.904465,108.519035,158.634,158.69337,119.912094,112.56023
47.105877,37.45405,107.8033,156.10687,154.61072,117.71686,112.291214
39.256424,38.841,92.12278,152.42622,156.7342,115.519745,106.79049
30.732674,38.942562,105.652794,150.73672,158.38165,112.93271,111.748024
35.71662,37.00758,108.41991,145.71077,156.15553,120.0361,106.67083
35.213406,49.28689,51.121956,154.28972,160.02457,93.408195,106.07272
42.356705,40.87538,53.18301,140.2304,147.38991,129.86317,106.90879
34.31424,41.663815,40.276768,137.78378,152.71971,120.55876,104.2078
32.992004,42.28978,74.50819,126.35287,151.34996,117.903114,102.692245
27.94326,40.587574,73.44497,129.19554,147.45224,127.77125,89.56844
35.02941,47.938396,55.74967,121.1484,134.08553,126.75313,89.93512
51.3501,66.34031,50.69842,110.863525,137.25609,141.1603,59.753654
33.165997,43.372066,39.825108,115.20198,137.06491,141.76495,58.029358
57.987354,70.02782,83.27717,123.706055,133.4539,144.94952,61.923256
59.028614,65.123566,78.97077,116.80474,134.88976,142.65796,49.06797
49.485317,63.509583,69.743675,118.3346,131.41513,142.51143,53.053196
61.626354,70.531685,94.53872,125.9492,135.12074,137.69589,68.48742
52.410496,56.413902,96.29491,120.70159,137.19603,140.11969,65.530235
66.82578,74.41116,91.15266,107.38512,132.01994,143.41199,69.56619
53.80587,73.222084,45.06055,114.984535,130.14755,140.4598,60.057823
61.63802,73.489624,105.18145,133.46913,128.70499,131.97185,61.551525
64.21575,67.5961,83.245735,113.8697,129.78583,144.13284,55.906567
50.83587,74.24055,77.3927,116.44897,128.7931,125.60575,60.185467
78.692986,84.661476,51.41749,98.4663,115.346825,145.14702,79.77735
53.189766,76.57483,85.206116,121.76861,120.87127,127.638016,59.701054
58.663017,76.23569,83.75072,116.80486,118.555305,130.16551,49.182327
68.615425,83.289635,81.67116,112.67035,112.47191,132.8725,53.65494
44.539513,81.64124,97.511246,121.17389,114.96454,111.56579,46.901073
50.769787,73.75911,102.835594,123.4646,110.18554,114.99658,52.93136
57.72505,62.085938,101.61399,122.23796,112.46494,130.42572,64.76249
26.01865,67.83071,100.5145,124.422356,120.2312,109.23171,53.214245
55.719944,76.43717,91.921555,122.06856,117.7408,135.75127,47.3621
71.83464,86.85938,100.76675,122.51506,107.69753,138.7373,58.2894
37.220867,73.151306,80.34014,125.83209,112.48201,121.24858,48.853207
55.60112,78.41976,81.89629,114.67253,111.88927,124.894714,50.553658
52.690033,78.86922,94.02673,124.225914,115.83831,127.55309,42.754623
56.153324,74.30993,89.714485,117.25237,107.71674,129.8388,54.23548
17.248098,68.82921,97.81258,125.96013,107.8513,100.03691,52.338882
39.43161,71.9704,95.2027,121.96276,108.742096,108.76682,52.199734
26.407867,73.36773,100.43026,137.45746,95.38831,103.83554,42.149937
12.711424,59.402008,101.262955,136.21158,104.979225,111.18996,67.48766
42.582355,63.31037,96.78932,123.76783,95.84614,84.42748,67.890526
23.124105,68.12992,87.4832,124.92285,92.21583,125.97972,47.827873
11.489159,59.32248,92.79716,143.16982,93.6194,109.636475,65.363945
46.9678,60.308403,93.20374,137.65002,96.80878,56.867268,82.84086
42.139435,60.430233,80.45471,113.047615,89.536224,76.99675,77.86328
34.050552,62.482716,76.65662,124.88457,86.66628,81.84793,66.17441
39.236008,81.75437,89.003494,134.09148,79.61809,118.86072,33.62672
48.053596,83.95662,70.80045,115.31455,80.18415,127.09273,40.528515
16.182579,74.22745,77.4197,121.47945,86.867744,118.50017,36.20267
18.645113,81.006065,80.39669,114.22005,82.23637,121.427124,54.614246
59.2218,82.56308,89.18491,123.505905,97.316605,140.66595,52.91158
58.091923,86.14155,101.55901,127.66664,92.752556,137.20715,56.170452
45.495514,82.62669,87.413445,116.680405,86.25444,137.68105,47.05162
46.698547,79.11524,81.96204,112.75529,97.32871,146.99643,55.036137
59.042263,83.095345,90.53558,134.52707,73.9387,146.07875,61.33424
65.38354,92.60504,101.18868,131.42664,85.1216,142.26958,75.63679
67.843796,87.11765,81.852295,132.46013,85.8481,145.99231,91.7945
64.49801,88.85407,79.819885,115.85675,90.4012,147.58817,76.6515
67.156586,84.67526,116.70204,125.5636,110.37864,135.13321,48.53685
59.817795,88.70729,106.79381,144.24994,96.38707,137.53407,39.235462
59.815357,85.45874,96.36823,118.791176,107.5787,141.18361,45.205647
58.32619,86.19853,101.45143,124.42692,109.71101,131.05772,41.24485
41.771698,83.75652,120.57447,130.244,118.22061,131.34766,56.86288
40.70311,80.72372,98.738525,119.136635,116.87532,127.64288,63.61696
42.931236,78.68511,111.316925,126.544464,127.90405,132.02193,62.306095
45.006042,83.01455,111.69803,129.81337,122.21997,127.60568,52.236027
44.230713,72.69851,89.76195,124.00974,126.94379,142.08624,45.94909
37.83374,64.012184,63.97983,124.57606,128.28308,135.88509,51.951782
59.567257,75.22352,89.397125,111.40177,140.24582,144.97021,62.69655
43.267437,63.825367,86.20705,121.5127,139.69823,135.31204,55.005966
47.311153,65.46454,40.372288,117.69645,136.3837,142.34492,61.295746
136.32478,141.41801,95.54679,80.6127,138.3953,120.39396,163.51654
40.09041,36.00731,41.778797,120.38865,132.54681,134.99855,71.043335
28.347094,39.78638,44.200268,141.11003,143.29153,128.0229,60.090046
42.770523,34.42326,98.18881,151.36234,152.66245,131.13684,93.0344
19.014128,30.548737,55.695183,142.04794,154.84811,125.793304,94.45323
36.934555,34.917225,61.602123,135.15419,154.45573,131.09209,92.93769
19.372337,30.02683,53.99247,139.84201,164.88795,119.933495,95.047806
20.815327,56.092358,55.897686,143.27342,169.66447,101.90603,73.68356
38.544216,36.810184,84.45416,141.66776,164.21094,133.69894,62.879524
46.315933,30.615639,76.68262,123.20352,155.4736,128.11885,86.46049
30.030645,29.752945,54.076767,129.75374,163.08453,92.6428,95.86547
32.512398,23.958609,52.474968,144.11758,158.95532,125.31149,92.01381
24.086363,26.690647,89.09354,166.83441,165.76486,114.99451,92.06212
26.175516,27.66389,101.57593,159.33653,162.87923,124.00589,105.63125
37.236546,29.965858,95.06887,163.86357,154.41908,130.5618,89.330246
39.458675,23.936632,95.02197,152.5593,157.22278,128.88185,99.033455
32.367695,27.280241,62.46321,152.17091,161.4613,128.31834,67.04707
25.379963,22.10312,35.383778,147.58038,157.90639,125.07507,84.15479
37.906105,24.932579,67.57979,130.55597,161.36487,126.78764,97.20443
39.85758,27.657188,109.03103,171.34424,162.09822,129.0621,92.436745
44.03823,34.031006,104.407906,165.34717,156.80045,128.79337,103.595276
47.532246,36.977535,103.357315,155.1892,158.17139,133.66077,64.664246
46.26415,38.089863,116.83994,175.3293,155.97444,133.55342,65.19077
59.344444,45.572834,124.4208,172.5764,153.8902,131.26183,57.214127
41.007042,28.257242,69.29395,149.51079,154.51123,123.92382,89.6402
52.87907,37.255802,81.163925,147.12102,143.38356,129.68832,82.21466
39.63565,28.968798,59.011963,134.85004,155.48622,126.5449,72.27712
54.630383,35.133972,90.24414,147.62259,146.31683,135.99318,82.97145
69.87821,37.025795,117.81838,163.59206,146.12743,135.77129,90.068085
46.418816,33.405376,74.05341,135.64929,156.22978,141.14598,80.29788
29.199419,25.707533,81.01503,111.6628,152.31203,129.7701,96.25236
33.911636,27.959951,88.359184,137.4293,161.7822,133.11536,84.51436
38.356487,38.620815,60.423866,120.69321,142.97647,128.29352,94.467064
37.573032,27.759428,71.75485,131.08699,155.88773,125.51737,99.14587
32.152344,29.679544,88.535736,143.72798,158.53867,122.65082,81.47146
27.693064,28.63049,74.742714,142.73537,155.74135,115.80064,94.35673
43.024857,42.621315,71.62245,136.69626,155.08568,128.82024,87.99189
34.83557,36.64118,86.401405,119.95488,143.47935,123.321724,72.04124
42.779305,45.74375,82.62646,125.78227,144.871,121.26199,67.65246
51.85448,37.736835,70.22001,125.39311,140.76299,124.90525,93.64845
52.021393,36.46583,77.72274,132.88063,149.22394,133.84761,99.51327
23.930857,35.655575,39.91199,137.69016,158.45842,123.133575,84.25515
32.61848,39.809334,90.08658,154.93575,154.97629,124.38121,96.890305
24.757618,31.442842,65.98965,161.39513,162.68188,104.35588,100.26001
35.269363,33.494564,94.62919,155.16347,153.60033,130.90167,92.287224
39.466446,37.512234,91.49504,122.90941,140.06155,129.629,76.85351
50.412243,40.175266,109.581825,153.97157,152.5341,127.643196,78.15678
46.56674,30.67025,106.69843,166.01624,154.46448,123.2553,96.47956
49.307693,33.943684,110.0195,160.40416,149.02415,128.84494,89.04187
30.125593,23.92083,88.522865,150.09373,151.33063,111.13593,106.22608
25.559011,30.061443,73.82662,127.525665,157.89507,119.15311,99.132805
39.59356,33.264927,92.69642,143.89348,149.53769,121.939445,111.030685
36.27444,27.632164,92.34479,124.1152,142.46295,128.29074,100.239876
33.776634,35.995506,104.08156,135.22638,155.91335,120.30411,106.06451
32.45648,35.25065,85.00054,148.94771,155.98853,123.80538,93.15071
35.46718,35.752716,99.99546,160.44806,144.47742,121.77352,95.30062
33.020405,34.40147,98.9414,143.02647,159.77863,115.26027,111.73285
27.110077,29.71758,98.099434,134.32724,158.52296,113.89177,113.605415
45.7874,34.31428,100.599976,146.68945,156.0875,120.90697,105.85852
30.24843,35.684814,99.78991,138.43698,159.13237,109.830185,117.26502
34.49702,36.135166,105.75382,140.89482,159.52922,107.876686,112.707825
37.17101,36.729736,93.953865,133.5159,154.13046,119.01904,112.52554
27.963057,30.326418,106.79676,144.56686,160.85081,109.80807,107.266365
27.61196,37.527626,94.44817,139.70305,163.15927,108.33073,92.82715
44.55246,36.224987,105.626144,146.3195,157.65898,119.45637,103.01906
28.476604,34.997894,110.9019,145.94987,158.88664,112.900314,113.52962
34.858112,32.92961,103.03714,150.63104,158.62129,113.71324,107.20378
50.91302,31.780174,113.84858,168.24849,157.30359,121.96622,106.34321
33.65463,37.235107,88.72433,159.65695,156.85118,105.82098,108.03039
24.488466,39.766315,65.8538,138.6213,156.35814,114.27984,99.588295
26.239779,36.126183,72.17594,134.70613,157.60756,111.60939,98.37775
31.92675,36.556526,82.59875,143.8225,158.30486,112.596115,90.97274
26.723381,35.700974,37.637486,146.4815,154.59583,100.31595,84.30364
27.81109,39.95629,22.066097,140.54077,154.15012,122.42246,77.2555
38.021004,48.520657,49.58526,140.29878,151.06693,118.596695,76.87585
32.36291,50.76459,20.75516,139.95529,144.26334,109.59439,70.40717
47.75141,52.15589,23.312458,129.15567,144.30112,125.91699,65.06643
46.09634,53.325417,49.49195,124.51369,141.44218,117.400635,76.823166
50.486916,56.41198,24.895573,123.58885,138.99344,121.74194,71.877335
42.806263,55.73477,23.781754,136.79868,136.4984,136.45056,62.70032
31.225752,63.26254,18.18437,125.855576,140.5116,102.39407,56.327656
33.570213,57.247807,23.446438,133.10818,134.67133,121.62518,56.08267
42.518524,54.9074,17.952246,134.03752,140.88228,137.71762,76.62454
39.259064,54.164852,37.717594,123.742424,133.72661,112.20443,71.341866
52.960396,63.216114,97.41518,125.25479,130.64554,122.825455,61.721027
44.023884,78.34098,74.14253,119.31665,128.6003,115.86977,52.37825
74.672424,73.82362,91.05947,125.579384,122.11903,132.50456,51.414158
52.378,66.24439,94.09925,127.77579,123.85679,111.209045,60.455246
53.924084,78.27583,95.11676,111.734634,127.1734,116.88035,62.01431
56.34733,73.336395,89.78785,119.93306,128.65831,116.052284,54.917828
45.723175,65.29432,86.338806,122.4734,128.8068,119.12112,43.957966
59.75972,59.988415,108.407425,129.64304,125.78167,115.80289,70.25603
61.480648,82.386894,69.690926,97.301445,112.54255,131.13258,63.712208
37.565292,64.276085,99.33031,124.496666,119.90309,89.52736,60.166943
60.521996,71.54775,61.926754,106.59987,110.960655,128.1895,49.367424
57.719494,70.995636,89.25758,120.946495,113.1061,115.07343,53.216496
51.318974,62.21315,108.397896,129.80846,120.61791,119.41857,68.423134
69.448586,79.29328,72.82914,97.77733,98.953476,134.07341,54.268024
48.99174,58.345257,100.4285,121.09998,112.000374,113.14872,78.507286
33.141487,62.439,101.24666,125.48904,110.06833,84.521225,72.28771
31.851686,60.1251,95.75955,117.92259,113.218956,81.49392,72.570435
22.360117,71.84272,60.988476,118.863464,106.84188,101.57395,50.949177
41.845726,82.9655,64.31985,115.532646,109.39744,95.93553,45.78746
50.318848,77.24467,55.05111,116.270386,106.595245,120.06873,54.816143
31.257772,84.02861,47.847343,111.15391,97.44639,93.085,42.14475
28.544144,88.18664,69.80707,110.4834,103.78443,113.002625,70.85373
50.29057,85.40404,102.72157,124.929535,113.03871,122.52848,47.17249
47.38505,90.10373,83.90425,106.71944,95.59456,117.17581,65.23363
70.37284,86.25416,101.537704,131.92294,111.64225,138.48273,41.748455
36.15628,86.86161,100.18036,124.12498,104.300514,112.34062,44.765995
64.83514,76.087364,64.00065,121.546135,95.11175,131.29352,52.279476
55.98193,88.723076,69.47768,114.50031,85.81664,125.63649,38.162014
69.5652,93.123375,59.875854,92.94553,92.61242,140.42363,55.155186
75.53126,91.906265,66.72194,98.171455,92.34052,139.84421,54.9487
62.291924,80.51152,57.51448,111.75037,99.86723,80.252464,38.732033
58.93494,84.97656,62.017464,112.31173,103.421,113.590034,47.741756
48.16346,89.459526,88.99594,107.2895,73.50065,118.428955,60.91967
44.217056,86.736,76.63284,122.96281,79.724884,126.765434,88.05613
56.416187,88.32741,83.6575,124.19422,91.55071,131.6855,74.701126
66.43955,90.72463,80.72771,109.66384,80.45753,111.83461,70.08436
50.486824,92.05749,85.62095,114.42857,85.94939,124.9478,99.64685
62.480656,90.36028,102.680786,120.36631,86.1593,133.80328,85.08597
53.213863,90.73342,88.01692,100.55668,80.43635,136.19745,114.90077
55.85687,89.84384,88.64272,121.110695,83.342125,135.3174,77.91939
64.43485,85.69051,98.79676,141.55591,70.4403,143.69688,75.49296
45.07142,92.56188,84.1958,105.47002,84.47119,127.60891,116.89027
23.710897,85.99501,89.28785,117.31999,82.11576,108.001335,131.39906
50.671772,82.38937,59.19928,120.83353,91.81778,141.79005,112.44927
32.626965,85.59167,67.374374,122.27333,91.343765,130.09015,78.98214
65.34797,86.5771,81.52055,119.42146,100.72457,133.33244,71.41827
80.10078,85.07201,85.690475,103.99571,84.265495,145.0772,56.430233
57.93612,76.40763,94.79381,127.21919,103.160545,132.96135,55.857723
59.78584,75.604706,100.06164,129.23868,110.2078,125.00659,54.398697
45.163006,64.62254,57.68336,115.54207,119.77708,124.90049,48.610214
54.072624,76.6892,79.20144,118.44691,117.845345,120.0308,48.430996
71.02809,82.3273,85.036705,117.22574,110.523186,135.01628,59.019226
62.92446,75.96482,74.41668,108.59146,113.32637,138.38823,69.38556
53.383095,60.41451,27.366997,132.7158,129.16942,139.88713,87.94031
58.900448,55.5895,54.084957,100.071266,112.82578,139.1575,58.967342
34.029327,38.07279,21.289034,142.7986,139.53873,138.58731,110.17692
44.311756,46.166424,42.13996,117.09781,129.26776,137.43239,78.311035
49.559345,31.397827,44.01218,104.751236,112.47391,136.4623,83.86926
55.09085,63.872913,40.92808,92.21635,107.43046,145.64929,82.801544
105.71392,122.29721,130.70343,164.1619,71.445465,113.524765,113.038445
24.283981,20.481928,36.711914,114.03486,129.53809,134.16844,71.85612
35.949768,36.99499,38.490536,114.738075,129.40297,136.52303,52.553783
32.684345,36.455555,31.951405,142.63907,139.85863,136.59575,82.07067
42.712837,23.293612,54.044777,136.67488,146.651,130.87556,90.83631
28.939663,31.368795,36.078865,157.46796,155.17372,130.58673,71.75864
28.030518,20.661808,41.689472,129.91191,149.28314,127.424416,97.29966
34.537334,15.303625,81.7723,167.79652,163.52766,123.189255,100.12796
26.218166,26.023577,53.16043,154.25038,161.3744,121.70507,100.80761
40.715683,24.602276,110.07992,170.76996,166.42123,130.17957,97.68429
43.66904,24.746893,117.05438,170.53448,163.51535,131.63077,114.68921
29.529276,21.680012,85.03377,127.544,156.28134,125.731415,99.52814
30.346697,18.697182,85.113,144.65298,162.10373,123.53473,104.17466
21.220774,20.480835,79.58835,162.2905,160.57085,119.77131,90.44614
18.43719,17.921076,43.585457,151.37932,164.28207,109.54142,93.67569
19.453035,25.258078,43.111084,160.3862,161.10149,115.12488,105.28576
30.207678,25.041006,113.258156,172.45825,158.9171,125.17165,108.40175
19.382145,26.341263,81.76672,172.18213,160.22342,117.06206,104.02851
22.848995,27.074984,99.47373,174.37529,162.45622,120.7184,105.23678
37.95658,23.217896,120.8,165.58511,167.13193,118.39147,113.99625
33.90651,46.358463,53.56685,138.20602,122.57718,163.14883,171.21869
23.215158,30.836288,36.5263,155.9232,165.98396,176.6573,166.56157
34.766857,42.02709,47.37466,143.15663,127.63609,162.22202,154.84795
48.617275,54.89908,50.386513,115.27311,114.24386,152.42119,175.8678
56.586933,65.07143,51.85884,135.04704,125.25173,153.51392,169.89589
61.01019,65.3115,48.229343,149.61841,160.29065,151.02971,171.4298
69.69582,72.31613,75.80851,135.6636,109.45591,88.77488,77.35814
67.56146,71.25169,78.83154,130.25595,103.67302,84.78994,72.83943
89.23409,68.93615,75.14713,123.229935,108.07486,103.14646,64.09049
80.82777,55.721325,74.92468,120.55442,106.94802,107.1352,61.041233
93.27959,54.560516,72.47019,109.527985,96.99095,117.49232,54.809376
93.86802,61.31593,77.5307,116.18628,98.09229,114.15349,68.61108
93.8126,59.219273,76.9541,117.55979,99.689064,114.586235,65.90151
94.97556,67.116776,70.188835,110.902626,107.44263,115.85108,80.450645
93.629555,70.83273,79.11199,99.798706,96.99721,111.96323,84.83604
95.49541,74.52494,74.84095,87.5582,92.3494,116.08857,88.71045
94.3162,69.733864,72.73497,95.63071,90.5873,114.874306,84.39545
91.5696,67.53144,77.63978,90.142654,88.12996,111.532265,80.714066
90.124435,68.89246,69.98257,81.77171,77.91587,111.15113,83.71801
90.897156,76.91316,72.47654,81.59339,83.797104,110.53822,90.667946
84.023964,75.964775,75.69909,81.627335,73.72159,98.167656,93.48768
86.936455,67.68927,75.6954,77.53126,76.51502,107.50651,86.27912
88.68568,67.85542,77.16872,84.1351,80.98113,110.50079,101.1315
78.52122,65.9778,75.941376,83.74793,79.11302,92.4329,104.82624
93.34855,77.035645,72.942635,80.85583,85.594765,115.88011,101.210335
95.55697,79.12733,78.585,78.85692,85.56024,117.44329,102.43142
89.82448,77.91216,82.88995,90.7152,93.06579,111.911354,98.86643
86.99889,87.37883,80.88503,92.61053,101.25498,107.42792,120.086006
89.20387,78.45074,81.42447,97.98359,98.1791,103.426315,110.2963
79.34824,61.444912,65.54323,109.436615,124.63681,92.69587,56.822975
88.124756,63.467274,62.774223,89.90691,96.07425,106.11785,63.700382
91.85424,58.996807,69.94274,87.60842,93.07841,112.60854,64.55818
94.2685,74.35317,58.988842,89.198395,96.883896,111.89488,84.98455
99.008675,67.17777,60.175297,103.69958,108.7706,114.155815,71.32068
98.875,77.404655,56.836792,112.687996,115.14103,111.592316,88.544395
101.59197,83.547554,64.55106,115.0115,122.73644,115.48356,92.32709
97.19862,85.89612,64.60832,124.851166,127.09436,111.175896,91.39805
92.21951,76.04524,65.00755,120.647064,119.59195,108.28861,77.71274
83.67717,86.914215,59.128426,135.8471,137.76984,98.30422,83.18798
93.23344,81.29841,55.938095,137.17117,138.63062,109.027245,69.779335
80.99858,75.44026,56.91439,147.69328,152.92468,90.72627,78.670395
85.98438,78.113075,58.469707,136.2236,131.43634,110.1078,107.71396
73.68528,79.18578,62.708447,144.29356,135.61186,87.45511,116.33462
62.120827,52.80988,50.985516,152.00354,153.72939,94.14812,113.21112
9.546805,66.5816,56.112007,161.15207,170.11954,68.52068,142.15468
38.709023,58.068012,53.216995,158.14832,159.07797,78.57119,125.12018
44.329494,61.607143,54.285267,152.80014,145.81082,121.372375,124.83672
39.948902,85.88428,37.61442,154.44597,147.29889,172.33322,119.049835
31.854538,120.435844,36.59247,163.2654,171.92845,175.03401,89.88529
35.87007,51.509964,30.284054,168.72403,170.71182,160.25569,139.20149
58.493267,69.67776,26.813622,170.18579,171.27762,148.86311,167.04593
46.32843,58.993534,23.913004,166.8016,162.93596,151.79968,175.37169
32.92964,61.453716,24.634232,172.68181,167.88994,155.57274,148.77768
47.487743,50.672062,29.355322,176.86006,173.45598,153.76129,165.59102
36.862324,45.654938,51.142883,121.10036,109.54945,173.59831,168.80876
33.947983,45.50404,48.128933,159.76726,136.23737,164.0648,156.84494
24.345383,46.316837,50.594875,125.06424,104.490715,176.09413,149.53813
40.37405,48.79284,26.405794,159.50583,174.59386,155.08759,160.67833
39.499565,43.6138,27.743307,157.74269,177.85788,154.8963,174.98924
29.716824,41.82106,25.843111,161.28665,177.6006,171.14893,173.70721
44.43954,50.867756,30.012798,177.61673,171.17262,149.0776,171.1993
40.905655,54.00398,44.009747,151.18115,134.05179,154.21518,166.94711
45.285965,49.879898,36.8825,156.00537,146.36185,152.35156,171.10266
43.723103,48.04557,30.476093,175.39243,167.15788,151.1915,172.87949
47.807755,51.36484,31.189087,173.49925,169.76254,152.96896,174.33617
48.04887,52.23517,28.055883,171.89137,175.59566,148.08228,173.00714
52.816578,55.268383,21.917181,164.03505,174.72221,149.2994,179.00612
44.417004,52.908188,24.645348,171.54555,177.78874,143.33882,174.31252
50.081192,62.56243,22.693882,147.96425,157.95944,156.58646,175.17955
61.725353,69.07434,16.848965,160.5676,170.49976,158.89258,174.986
54.516273,71.77384,29.566442,170.20058,176.02039,145.73027,171.5871
51.216373,64.81591,41.682636,157.0968,174.95728,160.42258,172.22006
10.755135,92.663345,52.754547,156.96323,166.88039,160.34752,122.690575
9.469359,68.26098,61.84594,155.44315,166.1754,151.46774,113.05057
11.503757,39.941288,67.407814,154.34084,149.68306,143.79848,124.3818
37.20066,44.72579,75.75863,153.75934,141.2849,164.05049,137.75087
16.87763,33.759003,67.37124,153.61113,155.49065,132.7572,106.65169
41.439392,33.28472,68.29943,132.98538,115.350685,144.81891,60.130013
89.61231,74.855576,62.643597,130.00554,118.24664,113.40355,111.33997
86.14955,81.095436,68.6479,135.19386,120.46401,111.40848,107.65027
36.238834,58.9865,64.98111,130.86824,121.3815,42.36087,71.68717
24.24261,55.22405,68.407646,130.59534,118.27161,51.166172,62.88152
59.923714,64.78661,73.94334,120.80776,105.570496,82.58087,69.164825
75.10284,64.53917,68.62298,115.31389,97.97432,101.443756,71.46811
84.4448,80.65011,75.046814,113.23166,102.76131,107.770874,98.328156
82.88231,70.61733,71.631226,103.90112,93.790054,104.07129,79.52486
91.08361,62.204456,66.03275,95.235664,86.29377,109.45775,66.88263
90.86907,69.01387,66.992065,105.90655,104.521774,108.957214,80.25733
90.60245,62.478798,72.332146,101.36575,92.225586,106.61026,69.97063
99.08357,73.19416,71.91152,91.33927,98.790634,115.44045,83.267365
101.437965,71.31898,73.25516,86.68203,90.881714,119.34921,82.33573
96.70124,76.70137,69.43504,80.115295,82.305916,114.11932,92.042114
97.44098,71.53943,70.73407,74.873764,72.80246,117.64063,84.07236
93.55867,61.379818,64.25722,70.941986,70.35788,115.858444,75.14309
94.66569,71.08982,74.30665,77.49848,74.522514,113.399124,90.60548
93.09654,61.51205,63.685745,72.48074,78.849915,119.367355,87.65344
96.432556,74.334595,76.44676,79.24665,82.86666,116.622314,92.5325
99.72349,76.70358,70.90403,73.796936,75.56796,119.48918,98.00672
98.41757,74.161224,70.82217,72.50382,74.70754,116.94819,91.424644
98.01556,76.64934,67.5607,71.943535,78.18499,116.64222,93.66276
98.56938,73.36829,72.67677,80.81245,82.47777,116.82826,89.43797
103.47191,76.42043,74.881935,84.334816,93.43336,122.83088,110.19364
87.40755,59.803146,78.75745,96.615166,91.8798,101.88181,71.68756
84.73256,53.492596,68.39577,108.688866,116.46917,100.69974,56.0482
83.0403,69.03119,63.700764,101.78842,111.23672,98.10253,75.95155
89.44253,63.899525,57.85236,86.803024,90.417015,109.18444,76.13221
95.7836,62.780964,61.779877,89.76625,94.08363,116.843124,67.53849
85.25172,72.14418,70.00674,112.81648,105.178856,100.23327,82.09512
92.529045,71.934944,62.820545,108.913,112.33605,104.049644,73.95478
81.35394,65.187164,60.198265,110.4427,110.56308,93.96592,68.52971
92.03614,67.74581,69.18852,113.06437,101.12222,107.05917,72.12273
90.61579,76.474174,66.858154,117.8881,111.12443,103.77842,78.40448
94.10399,70.352776,62.13961,112.99707,116.107925,106.59052,65.529434
75.47421,77.09502,59.306118,117.36967,118.63101,79.90631,71.089165
80.992805,77.78487,68.89232,131.9891,120.789566,98.75328,79.84466
85.57173,76.46403,58.246998,123.87566,124.004425,104.9323,71.43417
90.91405,78.83243,54.48225,128.61353,128.31204,111.32221,73.89689
101.28174,81.920006,59.960655,135.03961,122.825455,127.30841,97.91475
92.62984,75.73849,71.10526,140.54561,113.55488,100.58682,89.779495
85.07853,84.86637,59.21783,154.71135,143.56325,83.23443,109.63225
40.50589,48.6231,69.50719,153.92978,137.19664,154.96964,88.15374
48.619205,66.057,71.66188,161.73683,153.17816,139.64914,140.74571
13.610563,73.37982,69.495995,161.07097,146.68193,47.334957,129.56644
38.47862,76.31423,41.149925,167.06137,173.83186,176.6481,112.16044
104.159775,115.37245,24.613636,162.26938,176.57976,149.47704,145.25114
57.728844,74.661514,29.02417,169.66475,176.0721,147.28224,171.37581
46.620922,62.08154,49.932476,139.90076,123.7787,153.60449,147.88992
43.047733,60.149006,54.72309,126.25689,108.864784,157.47028,148.5209
38.16838,53.126705,50.63929,139.8892,124.43917,161.62466,149.95404
37.774178,60.194637,44.568417,162.66608,143.18744,174.95792,156.99591
49.207325,59.51442,54.54677,165.53223,148.64891,137.9435,161.2506
54.197247,66.6373,39.83297,168.99017,155.34904,129.95328,129.52942
42.557907,47.664192,42.072536,171.78242,163.54759,161.08861,163.10742
33.04413,50.872303,54.91646,123.772064,103.82516,159.22182,162.00948
50.63273,45.673542,31.344017,162.1542,174.58832,170.17867,130.41351
24.654339,63.727013,46.107044,158.793,161.69356,167.99707,102.19513
6.290645,78.586,56.317596,161.79121,166.64537,160.1276,136.25357
7.2290325,75.20956,60.885643,159.25885,160.13318,156.67863,136.74524
38.09933,64.178375,68.17394,157.81685,172.63667,163.18614,130.86472
11.659861,80.302475,58.000446,154.56218,159.34547,167.2241,56.752735
42.16213,58.398838,72.74085,144.80067,123.045494,164.4108,92.78005
44.601063,65.79084,65.10521,137.50957,121.823326,68.31211,102.46573
95.78351,68.00599,71.15735,138.49208,118.53115,102.18703,90.367004
63.816933,65.90124,65.69184,140.7888,126.68768,87.14139,83.23659
67.73383,68.6595,59.012653,131.98071,122.72445,97.15107,96.63392
29.484894,38.980934,63.78548,130.40143,119.67417,57.635822,21.96678
47.796,65.70627,67.73128,130.10182,119.413284,66.72376,72.972565
54.942513,72.83758,69.90387,126.02182,113.78979,75.6592,79.11752
83.5212,74.343,72.79379,116.30324,109.57588,106.50255,87.90786
98.498955,90.87531,67.44956,119.35168,123.651276,117.40421,109.92151
97.877205,80.163025,64.90539,116.245445,121.87119,113.88122,93.90306
99.24295,83.13701,71.64205,109.94891,115.85803,115.751564,94.50577
94.92625,69.90063,67.96706,90.99787,105.86354,111.476974,77.9576
94.74178,69.11154,71.38675,86.165276,97.49631,113.71077,74.6022
90.992226,68.645325,69.45972,85.82952,94.50045,110.04335,78.9586
93.76394,72.49415,64.20133,77.185295,80.28106,114.96858,87.56094
99.09982,64.773224,71.07794,75.04312,79.954094,122.4693,77.06797
98.37401,70.5134,70.327065,86.40581,93.844025,118.248024,92.771645
94.528015,80.1833,76.74801,81.65842,80.00947,116.69515,107.90596
102.99803,81.93798,64.71172,69.14936,74.37208,126.52459,103.01156
103.69018,79.90181,55.94195,61.89361,58.68314,131.60963,99.34597
106.77821,67.56563,51.881027,58.11632,56.59814,133.89958,85.35282
104.22841,63.837437,49.925415,60.401585,63.217842,133.28049,80.463875
107.28646,71.94127,54.229347,56.246326,57.50555,133.71849,89.257545
107.769066,65.397156,51.319515,59.14673,56.968468,134.63416,84.159195
107.48629,62.6482,51.01805,58.02128,56.855576,133.261,78.2174
106.57961,68.615456,66.1541,67.10004,64.21645,130.03522,85.254005
96.46649,64.26865,77.4857,79.15899,78.60124,119.56368,92.855415
86.936584,62.202255,80.2477,95.93914,88.83894,102.719696,63.521057
83.495575,66.44006,72.89777,87.78518,88.51655,106.78984,76.17578
86.472916,64.42836,71.41337,89.69515,88.40503,109.20237,70.298515
86.438095,71.465126,72.98359,91.11044,94.12061,113.2892,79.54903
93.654205,72.91527,66.94004,107.84337,116.25435,109.86619,77.76739
81.47315,68.485695,65.62823,111.59048,122.649796,95.0569,63.189545
89.39041,82.27495,68.82914,119.89708,117.13042,100.49779,87.03554
95.09101,90.74255,61.237404,121.020874,131.05125,107.78705,95.80107
90.61873,88.27697,68.75782,119.02608,114.626045,105.591194,92.97272
71.93123,83.41377,61.259636,119.65136,121.07662,78.16547,85.48539
68.48142,70.25706,55.066265,110.54554,123.09139,70.96776,59.20894
71.19047,82.71227,57.338184,127.392586,128.5735,82.87453,71.50562
63.77565,83.13707,56.626793,132.53369,128.6691,77.663994,80.81868
46.70255,101.08774,60.43672,140.14633,133.40274,69.39211,115.42226
81.988495,65.43604,71.165794,135.33698,108.84228,110.37987,85.75417
46.927097,59.578133,71.02085,133.82706,104.45315,65.73469,77.83127
26.870527,74.2272,74.08826,150.34216,137.01097,141.0586,123.8714
19.75955,73.89219,69.46403,153.26657,136.45471,48.25277,126.13866
36.892742,72.13921,60.255726,154.88568,147.97325,41.3428,120.76052
54.269997,70.09187,55.638157,153.76436,142.0624,128.84651,121.566444
60.017,77.44612,32.952282,164.50221,171.55333,140.06047,163.1957
68.58863,80.34704,29.640589,168.7775,172.72195,149.63954,176.57272
46.815598,74.61587,24.69736,169.72568,175.40428,164.24352,156.00839
43.64429,44.801914,21.034218,139.52763,149.0167,147.94276,150.99951
103.03035,94.838264,21.164036,140.53618,146.08054,102.423225,157.96628
39.292213,34.941544,19.048939,119.30903,122.99464,147.62434,139.51257
18.553703,20.548874,18.35602,114.27053,119.91602,142.44675,148.93738
27.7044,24.005342,20.200842,116.613846,126.16853,142.2293,146.0475
37.980396,41.380054,20.178736,120.68792,123.65877,138.8363,139.97752
23.209448,31.109516,20.314722,115.485405,113.27737,147.42094,144.46187
110.159904,128.30447,41.579105,51.663837,62.91332,154.57112,162.97975
111.39705,129.25446,37.48008,50.18732,61.47791,155.86098,156.81793
122.09528,131.9808,35.08515,45.68502,55.567055,163.7579,159.41322
118.7946,131.84116,33.986816,46.108063,57.188126,160.64726,154.6313
117.01104,132.6012,36.91589,46.208946,56.58882,158.84155,156.06822
119.59242,131.52466,36.02795,47.336056,59.834026,161.18198,151.27696
120.4403,131.75691,33.894,51.020947,66.8546,161.55682,152.22185
113.1674,128.71721,37.762474,54.706387,71.669945,159.29158,147.9809
121.40513,132.45193,36.237854,48.5421,58.843708,162.71672,149.00049
116.7563,131.66281,37.18512,48.80557,59.782627,158.93182,154.17229
119.40034,132.82301,37.943287,49.052563,58.14741,160.3713,155.61722
115.35208,129.94054,36.60502,54.601593,64.3293,157.31142,158.31898
106.04379,124.87268,35.825363,60.140537,74.520546,152.62648,159.25688
97.000336,118.69406,40.080475,65.17325,77.76518,146.83725,156.55356
93.796906,112.39964,46.883133,68.440475,81.579994,148.64699,152.14055
81.2457,104.60669,37.290283,74.01566,91.18636,136.34929,146.64937
49.327847,92.23075,43.118572,79.518196,102.95899,112.36629,147.40878
46.58492,79.262665,41.85623,83.30271,112.93212,121.706024,144.98615
33.541664,71.12428,40.039654,88.68261,119.4859,101.55348,140.70178
26.627426,68.86528,41.41138,92.67389,131.43382,103.68914,141.03932
20.829334,64.75441,49.37242,99.45854,131.79242,93.91269,145.1867
22.535887,57.353073,70.55114,126.202194,139.01648,92.593094,143.7843
24.963955,49.692318,71.1705,140.34903,151.22108,100.7724,145.01834
25.747984,45.311028,73.553154,145.00952,152.99289,101.55771,148.57698
28.483343,41.878,77.93602,157.10748,155.75981,104.06854,148.70776
26.564959,38.7464,80.34834,159.43646,155.99725,104.32224,148.0644
17.292385,39.70867,82.354355,166.1146,157.08904,105.4623,143.6954
14.589777,43.283012,81.28912,165.99648,155.84392,103.63718,141.7079
18.554499,40.888226,82.19989,165.12872,155.80669,102.39644,142.93025
19.544033,39.7376,80.56153,163.43413,154.71788,104.46029,143.15524
21.64316,38.275375,82.07994,163.40776,153.7531,100.85362,144.43764
19.85447,39.554382,80.36301,162.1903,153.24269,103.14388,145.3531
24.481493,35.7114,78.60356,157.09001,150.99442,100.57307,147.25069
23.424242,38.14082,81.01457,163.3525,154.26324,107.67869,147.54425
21.815086,38.951725,83.145424,164.63368,153.69511,106.47509,148.13641
25.233078,37.686443,81.4272,162.89117,153.89676,105.52876,150.48663
26.374115,40.022804,78.97078,160.145,154.94388,107.97572,150.33522
26.55076,39.90205,75.7839,154.11273,152.79385,104.935585,150.02428
26.828321,40.452293,72.9818,150.9864,149.82426,95.44396,145.59848
28.58253,42.945297,73.1792,148.90823,153.022,99.08821,145.87477
21.365704,52.177032,67.29173,130.66,143.56155,99.78649,144.94862
28.36747,54.177555,44.811935,105.81605,140.49547,100.51885,145.31003
36.354042,64.14529,57.39562,108.5459,135.99829,119.11155,147.34036
46.005985,70.57091,41.89811,100.19933,130.6497,123.508095,149.95743
44.99399,72.464966,39.514954,93.564445,123.10658,116.38306,150.04855
49.76701,85.03442,39.710976,86.74129,116.14002,112.75516,154.87198
53.030045,88.99297,36.31285,86.26781,117.05765,110.50721,153.6927
57.937645,97.57615,35.90247,81.121994,112.61974,113.1791,152.48106
64.62674,103.30556,42.08748,78.65268,103.520515,116.61084,151.67914
73.657776,108.46207,46.935326,73.49621,94.03008,124.59117,154.37332
81.98862,115.8557,40.22518,71.73288,86.44281,130.69348,155.22232
89.9989,120.59049,47.225754,65.87647,74.62208,133.58366,152.56778
94.83408,126.05557,37.308113,62.453716,74.95151,136.69801,157.6274
95.34382,126.16053,36.643887,62.097126,73.62945,138.04678,154.14386
115.1364,132.21925,32.06813,57.804653,66.32053,154.4307,159.41093
114.14031,131.23694,35.063416,55.74337,68.660866,154.56134,156.2821
110.602264,130.78465,38.132965,52.289207,63.75811,152.8121,156.85274
109.19238,124.72377,41.328712,55.695736,72.08105,157.34798,146.964
104.274284,126.71787,40.995605,57.829556,74.45734,147.69504,148.63788
113.39082,125.93409,37.99629,50.004944,68.50483,157.57516,149.10696
101.842415,123.21704,40.48826,53.248547,71.72538,147.10449,146.64052
107.04959,125.61031,39.43091,49.519688,69.800644,151.45541,148.62079
110.157135,125.99663,38.887997,53.05892,72.09188,156.77364,150.55667
109.86508,127.13241,39.169792,53.35294,71.42362,155.10376,150.47873
113.35268,125.777466,39.074142,49.722576,67.21116,158.11182,150.20331
111.86719,126.19375,39.536095,56.63704,76.0051,160.42947,148.5858
111.255974,127.510376,38.82801,52.88494,70.5099,157.56268,150.51828
107.88935,127.30385,36.712753,54.734154,72.703094,154.97505,151.15288
112.479614,128.5872,36.894447,54.859016,64.90634,158.31236,154.45303
113.445755,132.57462,39.202755,50.63024,61.56267,155.98503,156.39763
114.46902,130.70503,35.561607,53.640247,66.00996,157.86073,151.49896
121.62479,130.71425,36.543186,55.05279,65.034096,163.47261,160.29932
114.29721,126.96698,34.492805,57.25556,66.3101,159.9993,155.54108
108.62757,120.57127,45.954483,61.64393,68.96815,154.6966,153.60388
92.4055,111.8463,37.085896,69.078545,81.55603,148.95636,150.42958
64.23925,95.67023,38.827133,77.0407,100.35012,123.5671,142.90189
43.01638,89.91014,49.02599,81.32594,107.970245,90.72756,147.85141
37.787632,75.10506,46.03339,88.93995,116.045074,97.13154,145.81393
29.09913,67.71998,32.931046,86.917755,126.38218,97.791275,142.88428
27.924356,67.25679,42.563168,88.572716,121.682,90.99748,146.32698
27.489023,62.413666,59.571587,108.98585,137.43277,94.58494,147.862
21.270817,56.82101,61.877857,115.27556,139.26631,94.08277,147.56508
25.536753,45.334705,64.41883,129.49535,147.64824,98.81487,150.5144
24.292791,42.6581,63.838146,132.33986,146.82037,99.521774,150.21085
24.225798,40.58836,72.09065,145.93318,148.95802,101.04799,151.7996
25.761974,38.19492,75.57949,155.15506,151.52419,100.79426,154.03879
23.951519,34.2703,80.11616,164.90355,152.85437,102.01852,153.95088
19.183796,34.991337,82.37141,167.03603,151.48392,104.91739,156.29178
16.085318,34.272747,80.79016,166.00969,151.95998,104.05875,158.15799
17.85657,35.09915,84.38095,169.57338,151.98482,106.63579,159.09525
17.399977,34.596226,83.643265,167.98454,152.0671,110.8005,160.26793
104.63714,73.03694,65.967636,94.60272,114.595634,129.21542,100.93264
102.20923,81.479805,80.79633,85.509056,110.38338,124.820335,102.85468
102.498955,79.9356,83.19424,91.2513,114.23631,124.31543,102.99034
101.382935,94.731834,65.71863,70.49306,86.30127,124.3264,116.645256
103.61209,76.99247,49.684555,62.756382,70.58717,130.94621,101.60593
108.156494,85.179596,56.64191,55.358173,65.72107,139.39432,112.07918
104.31014,80.67594,57.16809,54.33021,66.59421,130.55663,104.55697
106.391365,71.96442,70.198784,60.973915,76.655,131.06685,95.79333
107.94619,81.7622,65.02617,75.80737,85.73343,131.283,109.77981
104.69246,78.42096,53.973106,50.550392,58.7634,133.30898,108.14164
105.58165,83.17985,58.29345,85.760025,88.74376,130.85526,110.21511
108.26431,70.46056,66.91634,102.205124,108.48174,133.51402,103.6107
105.29538,83.629616,48.518665,54.654934,61.19878,127.824295,108.39474
113.56913,96.50427,51.070847,63.920013,71.77102,139.6707,129.75127
112.03689,96.887184,51.05489,46.440044,53.256523,139.20561,128.44435
103.44274,65.922935,57.36069,54.956905,59.316658,128.69809,87.783615
107.281845,78.71001,44.701706,44.671894,50.423767,133.62639,102.3765
100.94645,65.1047,80.75206,111.6258,104.496155,122.27808,90.25208
107.07111,65.41984,54.322155,68.815384,73.16852,134.6864,92.63084
111.37166,79.305504,46.776646,54.554127,61.160057,138.61296,101.72804
108.69534,81.67226,47.23999,69.07945,73.410736,138.2844,108.90809
110.99086,93.85766,46.559315,68.1655,74.33393,136.51065,118.30051
109.26378,90.66802,42.07375,67.76383,71.19908,136.16725,113.93198
107.99109,92.991615,46.425217,89.43924,89.64884,135.93947,119.47216
109.91024,82.1559,56.406464,90.15901,88.71181,137.56422,107.85065
111.14547,69.3644,57.026646,127.01284,135.84189,124.80312,99.73927
111.60463,66.912834,65.65087,130.85571,119.92571,138.1945,108.13015
114.107376,87.63474,44.791954,88.84406,87.204765,139.14479,107.32744
52.975716,53.454094,44.137547,160.87971,153.70305,42.210728,104.24739
109.900826,87.56996,63.91035,119.79181,111.68896,132.603,106.17485
69.07283,60.724224,64.34859,137.65428,136.77434,87.83957,94.277
109.79757,86.19497,77.10925,101.635284,114.46233,134.00044,110.63444
83.826904,75.26771,49.68522,148.24588,140.2553,108.95841,103.75915
112.501816,84.3987,73.90438,125.13907,127.82423,136.99602,98.697296
112.409805,81.34059,87.31607,114.02437,128.93356,131.7689,101.70513
109.727844,95.11135,80.54461,128.45465,137.43417,131.11235,114.735085
106.19397,106.82568,79.63967,121.64584,133.8238,131.0238,116.12829
102.78194,105.44147,77.932884,111.52961,129.57387,120.84646,111.67104
109.04846,105.189445,79.25829,110.2513,128.86723,128.20459,119.70457
108.904495,105.93224,62.85661,98.26489,112.93482,125.240364,106.10163
114.2684,89.379555,65.27087,109.77789,122.66639,138.20345,115.04882
111.35773,94.602745,61.77019,92.67779,107.07149,135.03857,121.4842
107.305695,97.79286,50.384956,98.86396,113.541985,130.15245,119.64513
108.52637,98.744514,59.164524,119.90741,126.84382,131.96117,115.6724
109.824554,95.08561,60.734577,98.9473,115.67307,133.09686,119.781105
108.96904,75.1226,74.646194,149.78235,164.88126,136.6627,108.46074
114.01743,102.336655,64.93883,129.15916,150.05151,138.41296,131.0518
112.92103,74.104996,56.38143,104.382416,123.135216,132.70914,94.54179
102.992035,38.30447,57.063713,124.87335,133.94487,122.277,62.769245
106.222305,44.761463,54.87939,112.42649,123.47843,125.85055,62.098404
108.249084,55.1906,56.38113,117.46134,127.77641,128.21902,72.04683
108.51802,60.36494,55.052036,124.513054,139.66434,132.46545,82.12312
108.76007,72.30529,49.047665,126.69496,135.9438,129.72592,102.2665
104.2281,71.06959,51.24847,132.04288,141.4621,127.96834,100.93226
103.360176,89.97031,50.23633,121.118004,133.0175,128.03319,124.15855
113.153366,91.32096,49.73366,125.790535,136.57748,134.75491,120.21026
109.292076,86.49286,51.417786,133.53427,153.19469,133.88647,118.40527
105.41252,85.55193,57.07731,126.0395,151.80766,129.14221,107.50709
107.64598,71.63702,49.64392,138.68037,157.51712,131.79727,94.72685
106.85791,101.16173,47.411083,141.12892,162.0661,131.62598,131.52652
100.7203,91.92657,45.23508,150.9477,169.5712,132.0201,130.1243
101.64805,96.82111,45.587116,143.04298,160.98483,126.143585,125.476746
98.171616,97.9208,43.932377,155.12607,168.8728,131.1682,134.21443
97.35029,98.11142,37.31827,162.90424,176.84854,133.6401,141.77402
98.89087,97.848656,43.164684,155.46184,167.73358,134.13419,135.0599
114.13887,112.02458,39.663357,146.73065,159.2362,142.07686,138.54579
105.57962,104.02513,37.89091,146.91197,161.5432,134.21338,140.08006
115.92947,112.39054,39.547432,147.14734,161.72789,139.42192,135.84415
109.55265,103.25949,39.708378,154.28796,165.25803,138.85558,135.38821
114.995575,108.40458,39.962925,153.13655,165.50069,142.14284,137.45386
111.959595,113.26872,38.8712,156.30902,168.79265,140.17558,144.30345
106.70252,100.56325,39.598988,157.31032,171.08014,139.61613,132.77626
109.75741,105.679184,44.100357,144.30696,159.45242,135.97144,127.84585
108.789154,91.196205,40.94308,151.85269,165.62915,137.61263,121.715004
106.36947,100.718376,39.11236,154.91663,168.25883,134.1415,130.77893
108.86218,92.22058,38.476795,156.2928,169.44395,137.42319,119.552444
116.54826,112.12667,34.951057,156.12065,169.6002,142.09193,145.06229
121.86538,102.51103,38.77912,146.31615,159.82623,145.26756,129.45946
112.31048,103.478676,38.705364,151.77327,165.34685,138.4417,133.27301
111.7416,96.151886,37.33469,157.51733,168.68373,140.81241,129.58456
117.760635,103.02879,41.51789,147.25807,162.04727,140.34589,130.42416
117.97184,104.4048,39.418808,152.24437,164.15378,144.09155,135.86278
111.55179,98.7755,44.273254,142.90784,157.33905,134.68794,120.10886
109.34559,97.9879,42.30181,146.64098,160.23193,134.5159,123.844055
114.44938,107.07543,42.750916,146.96896,162.3396,138.64153,132.80452
110.00075,100.9638,45.83313,146.0344,159.41046,137.44772,125.50459
112.24811,104.215065,42.795406,148.89342,162.02953,139.07469,132.59209
109.7828,108.071434,39.597065,150.72548,164.10342,136.38313,137.21008
101.61974,94.15874,38.091854,158.19408,168.3737,130.13417,123.8721
90.77019,83.67656,36.21162,168.91821,178.83199,130.096,123.07036
94.566795,92.35057,38.482525,161.068,173.97466,128.86931,130.38612
86.28371,85.20258,34.032665,171.11981,176.18935,125.04177,130.81934
98.98292,83.84192,36.66067,163.3202,174.04012,126.678665,115.01542
97.17682,77.868065,37.310772,162.83452,172.32428,123.90504,103.737495
95.46295,80.374954,37.2231,163.28668,172.03818,121.670555,109.12467
97.37537,82.03327,40.20362,156.2839,167.1026,121.24798,107.66306
96.02111,83.84999,36.346714,159.92001,169.89323,120.09657,108.87904
97.35623,74.71017,32.742645,160.18022,167.5763,117.12242,90.41745
94.29685,72.30203,32.89405,161.944,171.81448,123.797554,104.89839
96.46877,84.01802,37.48226,157.46465,165.4582,117.87232,110.810425
93.93905,90.32791,45.627552,146.97025,165.22383,113.232956,112.17199
106.29936,106.42598,46.695286,146.19777,162.8745,123.5781,127.15116
109.51283,104.32316,40.737076,153.08224,169.2649,130.60927,132.25038
101.88276,83.132164,47.066753,144.7226,160.26717,115.45663,99.89914
99.7476,96.4819,47.268204,146.16223,163.86693,124.642395,127.24893
105.98774,92.09921,47.253902,139.1549,156.2531,134.6021,122.02441
102.15512,92.848625,51.724663,134.3546,153.55061,123.832146,117.81864
104.65505,100.76564,52.20899,117.462524,138.57191,129.5853,131.1981
100.4025,86.50139,59.67043,130.05165,149.15063,121.60613,114.532104
107.71757,95.30454,59.812252,117.90765,143.55247,129.63637,124.61079
107.34965,88.51068,56.915466,116.361176,132.1351,128.27036,118.425804
105.08177,91.4598,61.20707,103.46464,123.033394,128.45375,114.37446
100.68982,80.66068,63.832848,125.924965,141.58232,121.43395,99.642105
109.220695,94.36742,58.540462,91.33069,102.52378,129.82028,114.39619
101.06845,101.82875,75.60224,107.19665,131.38309,120.28272,116.94743
106.445,107.79113,70.347855,90.36428,107.68343,127.33311,124.78958
114.32491,99.773186,81.076035,90.07726,112.16835,132.64815,118.73574
108.5774,107.112465,63.434914,73.21181,88.34212,135.79897,123.361786
107.05003,84.00878,82.98186,94.03901,108.606384,129.86208,114.68805
111.59533,90.23872,72.32228,79.2209,91.19439,134.65355,123.35982
109.23709,91.164276,62.417053,81.76977,89.595055,132.31384,116.84191
113.562035,101.49139,67.972855,61.978123,69.38912,135.59631,132.4108
102.664986,77.28246,65.35234,117.20887,108.65365,127.43359,105.0896
113.203354,69.80217,82.99351,130.96964,118.933395,137.7701,101.743835
98.52275,51.922646,64.69107,153.23166,131.36327,130.24446,89.795586
100.38694,54.84721,74.222374,142.34753,121.17073,127.09681,89.857124
110.68576,59.72397,74.83494,101.22564,102.1472,138.82848,94.534164
113.235985,87.02993,67.36066,74.49485,79.0898,142.47067,123.92066
98.01617,54.745632,70.39447,141.53004,123.038895,119.74378,89.76308
108.156815,49.964245,78.043365,135.22408,119.65518,133.85338,83.1004
105.326706,60.821636,74.11316,138.17368,129.63121,125.91057,95.04482
100.14043,64.91369,70.51088,130.329,104.103065,126.04895,95.28312
103.818085,54.27206,63.93412,114.75427,104.35783,129.12743,84.68477
109.00967,72.22549,49.693413,88.797676,83.45433,132.68507,100.33923
108.276855,83.48002,54.137337,66.6395,66.257904,132.0519,106.2801
109.819244,79.17276,60.062378,72.60986,69.757065,133.11432,104.14898
112.18685,78.44405,63.432945,71.21544,72.79633,136.57713,107.20379
110.45978,79.201866,56.17058,85.041374,82.462395,134.09709,108.73265
39.24406,42.868378,41.590664,157.1788,160.5949,164.08743,138.62854
98.66453,54.683437,48.703053,158.48824,164.17706,125.75614,105.10695
100.9496,57.351963,55.27921,148.66805,140.0784,124.3691,93.74535
83.4957,55.224365,63.95217,140.83368,138.43771,108.04486,97.24393
17.738546,46.885323,23.09325,161.36385,159.27881,144.13966,147.56285
44.79231,69.05602,55.8678,132.80174,140.96126,79.06789,105.42542
108.57458,85.08133,74.66039,129.1156,134.15135,126.2479,101.99987
113.633606,97.040825,77.854866,98.859856,122.31603,132.5523,120.08181
106.13716,97.22428,86.61878,118.86953,138.68002,125.30435,123.682205
104.45251,87.2678,69.55873,120.029366,128.81696,125.64928,106.3257
110.786125,104.753105,67.97651,105.24876,120.43773,127.655846,116.02241
114.94089,99.317795,75.120026,112.40537,135.01373,136.62025,125.75185
113.72444,93.18649,66.133385,111.378105,127.90861,134.82295,123.21099
113.20221,100.1652,73.87094,110.80038,130.36084,133.29814,127.09479
110.18275,81.52922,72.87125,122.90092,141.47507,130.57724,113.491486
111.59103,103.70671,66.9948,101.24971,115.11312,129.58672,123.13303
107.964294,100.94343,65.75016,97.6901,115.814514,127.73751,118.878914
109.01985,102.449905,62.357193,107.085014,124.584625,130.0946,123.48696
114.26483,97.70849,62.630043,105.069,118.88216,133.05423,118.863205
115.876076,68.18386,52.574223,161.07689,163.1218,143.00636,96.859985
110.66978,96.45849,60.106384,126.07565,147.95456,126.91576,115.13638
117.219765,73.162,61.60698,120.231514,141.47911,133.87282,95.8562
112.756134,83.92681,63.67835,122.22156,137.68321,133.71194,107.63308
100.84296,39.112957,62.068153,145.0969,155.00525,124.583015,75.2257
109.22222,39.559967,57.681564,116.60747,130.469,131.58311,61.870964
109.85539,77.75296,52.863613,137.69466,149.03418,133.69402,105.563896
103.28683,66.23725,59.191624,125.8529,148.97498,123.665924,88.33875
112.890076,64.5859,53.496845,130.3176,145.57965,132.92436,88.36773
109.287506,69.50613,53.561726,130.55812,143.58296,129.68077,92.2697
106.133804,81.79457,52.15101,123.008026,137.4485,128.62393,106.86272
112.16979,78.54918,55.35818,132.71973,151.57921,131.85248,102.69533
113.17566,76.21931,53.080223,128.66498,143.30106,134.58519,100.51185
106.71445,92.13695,47.827797,120.08655,139.81699,138.36916,133.9014
107.09171,86.82712,47.26576,130.69032,147.80156,131.56004,115.27451
112.00907,92.49165,48.20642,131.77538,145.14595,133.49161,116.86416
101.28839,74.807625,48.29049,132.39299,146.96826,139.23308,116.09001
102.49828,91.33236,48.42271,137.76163,158.36629,133.90329,125.86076
109.624435,100.12219,39.81199,146.19305,161.55408,133.21336,127.68691
102.20908,87.114075,43.62761,162.98077,172.36731,132.75505,121.48589
93.14453,84.150566,44.06004,163.49438,174.97108,131.22595,130.0137
98.23423,91.52722,44.15723,152.3076,170.67125,127.6357,126.025955
95.6966,94.967,43.40726,150.04869,165.77637,124.951675,126.58158
95.88205,90.23271,40.589687,153.5983,167.97719,125.0542,124.708786
97.46637,89.38613,42.103832,149.86197,162.52695,122.48773,114.78565
96.597626,95.607155,42.430664,153.71674,168.26447,126.83595,128.5927
102.63074,82.56771,39.744194,168.48691,176.69707,141.76851,127.65002
102.630135,97.2898,34.8581,169.77562,175.95755,139.97977,145.80945
101.58481,83.14915,39.098682,158.30023,169.23962,131.36676,115.08356
90.017494,83.88677,39.532642,160.23071,171.19327,113.6599,116.197205
89.12602,87.88685,38.805996,163.38641,174.25859,121.10209,127.528885
79.39838,62.716885,40.248737,170.00851,176.31569,121.77953,106.56735
79.70304,69.858475,39.60024,170.91092,175.17033,123.645134,118.14142
84.21658,74.28099,38.523514,171.37164,175.85588,126.520546,120.141754
86.65389,76.69858,37.802044,170.57512,176.11017,121.638016,116.72793
83.353264,83.980835,35.73072,167.01875,177.1927,118.681564,133.39166
88.11996,70.18232,41.337135,162.7738,171.24889,114.78288,100.1465
86.54578,84.334305,39.805573,162.76102,173.02385,114.15577,121.47603
81.60322,65.33628,36.312717,167.176,175.32278,116.36246,104.21878
79.41069,66.57223,37.474518,166.85056,176.83336,114.05079,106.94605
85.1964,84.836624,39.421192,162.52766,173.88576,112.01441,122.00881
78.033264,64.81459,41.875423,163.21625,174.17781,109.237114,100.74974
78.41876,75.488716,42.895283,165.7622,176.49316,112.282234,117.33511
81.71095,71.28539,41.082428,164.13426,173.22612,106.11527,100.29339
83.21119,66.57918,41.13489,161.17027,170.72765,105.925316,85.92759
87.617455,74.15544,41.581837,158.16121,168.87946,108.85036,98.241
86.28397,75.505844,40.320477,158.256,166.958,106.48798,95.19617
79.78649,83.15759,37.93789,170.13736,176.7339,120.23153,132.43591
83.096954,73.386246,33.344574,168.79887,176.27422,121.061806,116.82146
78.87539,62.165325,34.362087,170.77577,177.55127,115.28123,95.7339
86.75433,73.48735,32.542694,169.72704,175.86392,121.73164,105.961044
89.48998,79.18389,38.921566,160.43394,168.92456,112.37246,103.799446
89.966835,81.230286,34.62366,164.44112,172.76787,116.32734,107.25595
86.73623,69.65421,34.459625,169.27678,175.45027,114.799774,94.01838
83.02405,71.26503,40.263313,169.65332,176.86974,110.99288,100.810616
93.21357,85.57477,33.394417,165.54236,171.33444,114.10547,107.63041
87.530365,75.88669,33.793373,166.9783,172.4729,111.73217,99.321106
94.00439,87.574196,35.86572,161.88933,167.48737,114.73571,109.05485
94.1303,92.042625,39.023876,152.03708,162.51132,109.512024,111.33653
96.764114,99.921555,44.399117,148.29007,161.81139,111.185555,118.18688
98.44407,98.63433,39.588875,153.5622,169.27896,118.54586,127.96004
95.24677,87.58739,51.285027,138.29628,158.82304,110.20685,107.40221
97.812035,89.90717,46.557865,145.9763,161.28638,112.33617,108.25582
86.6312,82.19716,45.23466,157.16255,171.0904,121.4766,130.49438
101.5495,97.9632,51.50143,136.6389,156.24846,121.601105,123.88602
101.99572,98.58307,55.40727,132.02676,156.11424,124.00728,128.51054
102.16748,89.37187,52.824963,131.59634,150.17615,122.52546,118.4687
97.83735,89.184074,55.956097,129.17294,146.25667,117.40977,119.30502
97.436165,76.56983,60.38449,107.166534,129.39912,124.45063,107.95808
97.87783,74.58356,65.94392,111.53747,135.61945,119.8441,100.516525
99.414665,100.47624,66.08619,100.88134,121.97179,120.97636,114.48192
94.394806,74.62934,68.973404,117.75057,138.71834,118.87129,101.4619
100.102104,75.34621,64.09097,86.54949,106.75867,128.5675,96.92316
99.23339,77.95353,72.931885,99.82072,122.32469,125.06036,98.017166
103.21224,85.53256,58.595833,73.168205,87.13419,129.8368,112.27736
101.93518,101.09957,78.15004,86.76439,105.737045,127.355385,119.20258
103.19691,90.28592,72.235794,105.095955,108.90923,129.68631,116.065125
102.34029,99.39709,58.61015,91.38654,97.48835,128.27805,114.65383
101.433105,84.28045,60.277565,94.51499,95.77474,127.04288,111.45441
100.607025,96.14164,76.13494,102.72383,102.80868,125.58524,117.9872
97.94441,83.55465,76.52187,104.05544,110.35693,121.64181,105.29269
100.66323,88.24854,69.437065,86.38638,90.46063,125.25689,116.08026
99.718094,77.08646,54.35273,87.84915,88.124756,123.88829,104.34123
101.82703,87.18991,60.016884,53.776608,61.11778,129.85188,113.04151
102.3737,98.67491,50.909367,65.9136,68.52335,124.156235,121.81422
96.45567,69.49149,55.36316,58.38793,61.496754,120.647934,91.535164
105.42525,90.460884,73.005424,107.25884,92.2428,136.26654,119.7421
100.77531,84.564995,56.377827,77.12071,79.19973,126.02082,108.319305
94.02186,84.574104,67.367966,62.24855,69.42741,119.61353,109.03256
94.07198,80.194534,47.000824,67.85303,69.915794,119.1798,106.30534
96.50214,78.3737,55.228035,78.65462,82.12745,124.0796,102.946526
99.17101,90.18816,66.630135,62.95765,68.66808,123.979004,113.215065
102.751724,80.396385,60.276623,62.422215,67.796074,128.00899,107.87627
100.250595,90.43073,56.67777,72.71436,69.47887,125.29651,106.78155
100.87413,80.86449,55.04744,67.56106,71.77537,124.56717,104.01674
105.89689,69.77743,62.723988,68.21036,78.004745,124.32875,88.445786
103.91553,55.214924,75.32467,150.88,154.24457,121.28959,96.80756
89.65694,57.844875,51.227028,169.09846,163.88908,94.09469,120.40647
109.06103,47.811863,74.01594,139.4614,142.90419,131.7337,85.08083
39.903008,51.45207,54.633205,156.90938,155.87381,18.332603,132.2308
53.197426,64.8209,37.34316,156.6653,149.02493,50.758263,76.13262
32.90695,66.335014,37.435432,151.72,157.62231,72.28573,108.05995
36.182037,76.36236,32.4188,161.34337,162.95555,61.297558,114.74582
33.184597,81.85944,28.846052,163.01021,163.39626,84.414764,120.36556
84.02459,67.355705,66.10362,127.03889,145.72385,97.53253,104.83117
84.42744,86.31275,68.40736,130.5888,144.09747,110.04332,98.552
87.37691,87.27387,69.632835,134.20486,148.48561,108.36043,75.823586
96.643974,88.854454,73.01186,133.00827,153.18373,122.85053,104.385345
108.164085,107.277145,79.360435,130.96909,149.96071,128.14922,101.659515
95.12911,66.99598,72.67893,136.38812,148.81136,110.56149,84.05784
113.07496,109.37433,69.4503,135.34196,153.43417,133.55725,117.16585
112.74672,86.661644,59.0294,135.08403,136.52098,129.80937,106.54706
111.27384,100.09212,73.40971,147.54669,158.01869,127.66317,120.109146
60.472874,80.759544,55.721504,154.13927,157.78186,127.62126,114.27347
109.168846,117.197395,76.11579,146.63585,158.87222,125.34574,120.84336
109.59053,108.8904,61.533634,128.56233,134.2906,129.2702,126.86813
63.96633,45.913704,38.63352,169.79744,165.81128,130.17657,94.82228
15.797077,51.215473,34.194023,177.71011,169.4073,172.53148,161.33148
110.5105,108.63732,57.98656,132.50626,148.87427,129.60782,125.71481
112.433784,86.36848,57.507984,132.72026,140.14085,127.57862,109.574905
112.86886,103.833374,57.0876,127.00705,135.99715,134.40938,133.0158
112.81782,111.38523,54.973568,139.92436,148.37021,132.87231,133.22647
112.731834,100.64251,57.60905,101.165634,124.698074,131.2079,122.797165
110.154495,90.07631,58.42174,121.54985,141.1658,128.81984,114.92105
110.904564,91.829895,57.30689,117.42335,136.8312,129.91478,115.80846
108.35725,78.60915,54.512264,115.895,133.8565,131.94435,107.37612
108.273834,91.993286,52.652668,129.41843,143.04036,136.77332,124.87235
107.96966,96.70044,52.06832,121.47157,133.23431,136.496,128.31287
107.30536,90.11513,51.51513,134.34811,147.88246,136.57085,123.31597
100.22542,94.34312,53.82175,146.8454,163.03261,140.316,140.18736
100.27779,89.232956,49.92744,137.95894,152.91435,136.715,128.46019
99.32282,87.25781,49.64177,148.99538,167.36041,138.74146,134.61838
98.12985,90.29126,46.90678,152.66675,169.1566,132.47841,131.9056
